Date,Store_ID,Product_ID,Category,Sales,Inventory,Price,Promotion,Holiday,Temperature,Rainfall,Discount,Supplier_Lead_Time,Supplier_Reliability,Cost,Profit
2023-01-01,S001,P001,Clothing,23,90,193.52,0,0,17.7,0.8,0.0,12,0.76,151.0,977.96
2023-01-01,S001,P002,Food,18,106,159.08,0,0,25.4,0.0,0.0,3,0.81,97.02,1117.08
2023-01-01,S001,P003,Home,31,97,491.78,0,0,17.1,1.9,0.0,2,0.91,288.53,6300.75
2023-01-01,S001,P004,Toys,28,75,225.67,1,0,19.7,6.1,0.28,10,0.87,101.28,1713.67
2023-01-01,S001,P005,Electronics,19,111,25.34,0,0,21.7,3.6,0.0,5,0.82,18.67,126.73
2023-01-01,S002,P001,Clothing,26,102,142.96,0,0,20.3,0.0,0.0,7,0.83,104.57,998.14
2023-01-01,S002,P002,Food,27,113,203.49,0,1,29.3,5.4,0.0,9,0.89,105.28,2651.67
2023-01-01,S002,P003,Home,28,127,172.14,0,0,22.4,6.1,0.0,5,0.99,73.23,2769.48
2023-01-01,S002,P004,Toys,17,152,425.97,0,0,18.5,0.0,0.0,4,0.97,293.36,2254.37
2023-01-01,S002,P005,Electronics,26,91,132.15,0,0,,0.9,0.0,6,0.84,74.55,1497.6
2023-01-01,S003,P001,Clothing,29,73,117.04,0,0,16.7,0.0,0.0,6,0.85,66.32,1470.88
2023-01-01,S003,P002,Food,22,108,214.53,0,0,9.8,1.2,0.0,1,0.72,104.87,2412.52
2023-01-01,S003,P003,Home,19,106,134.42,0,0,15.6,1.6,0.0,10,1.0,67.04,1280.22
2023-01-01,S003,P004,Toys,24,127,128.61,0,0,39.7,,0.0,11,0.94,86.02,1022.16
2023-01-01,S003,P005,Electronics,17,89,401.19,0,0,15.8,6.3,0.0,7,0.75,184.66,3681.01
2023-01-02,S001,P001,Clothing,17,93,348.56,0,0,31.0,0.0,0.0,10,0.99,193.34,2638.74
2023-01-02,S001,P002,Food,15,116,263.15,0,0,30.0,2.8,0.0,4,0.97,132.71,1956.6
2023-01-02,S001,P003,Home,22,116,392.14,0,0,24.7,3.1,0.0,2,0.85,257.56,2960.76
2023-01-02,S001,P004,Toys,34,108,229.73,1,0,15.4,0.0,0.17,11,0.81,183.27,251.8
2023-01-02,S001,P005,Electronics,24,116,139.95,0,0,1.1,3.4,0.0,12,0.9,69.64,1687.44
2023-01-02,S002,P001,Clothing,17,112,433.44,0,0,19.9,3.0,0.0,3,0.99,213.28,3742.72
2023-01-02,S002,P002,Food,19,94,46.92,0,0,0.6,,0.0,3,0.87,24.51,425.79
2023-01-02,S002,P003,Home,23,80,57.62,0,0,30.6,2.3,0.0,13,0.79,37.22,469.2
2023-01-02,S002,P004,Toys,18,109,215.69,1,0,33.8,0.0,0.05,12,0.97,108.38,1737.46
2023-01-02,S002,P005,Electronics,26,60,23.53,0,0,10.9,0.0,0.0,8,0.93,14.86,225.42
2023-01-02,S003,P001,Clothing,30,112,115.75,1,0,24.3,12.7,0.18,1,0.82,75.14,593.25
2023-01-02,S003,P002,Food,23,97,222.43,0,0,18.6,0.0,0.0,6,0.91,155.17,1546.98
2023-01-02,S003,P003,Home,19,120,333.5,0,0,,12.6,0.0,3,0.93,170.74,3092.44
2023-01-02,S003,P004,Toys,23,74,17.05,1,1,17.6,11.4,0.26,5,,7.61,115.16
2023-01-02,S003,P005,Electronics,31,146,311.77,0,1,18.9,2.3,0.0,4,0.88,203.91,3343.66
2023-01-03,S001,P001,Clothing,21,109,472.51,0,0,26.1,7.2,0.0,12,0.82,367.47,2205.84
2023-01-03,S001,P002,Food,25,104,480.98,1,0,24.7,0.0,0.08,10,0.8,366.57,1898.29
2023-01-03,S001,P003,Home,21,137,137.74,0,0,24.5,1.6,0.0,3,0.82,82.43,1161.51
2023-01-03,S001,P004,Toys,23,121,192.29,0,0,36.9,0.9,0.0,9,0.81,136.63,1280.18
2023-01-03,S001,P005,Electronics,22,82,271.82,0,0,23.9,1.4,0.0,5,0.79,162.72,2400.2
2023-01-03,S002,P001,Clothing,21,99,171.05,0,0,19.9,0.0,0.0,7,0.86,114.43,1189.02
2023-01-03,S002,P002,Food,19,117,355.86,0,0,20.6,2.3,0.0,2,,280.23,1436.97
2023-01-03,S002,P003,Home,24,95,51.57,0,0,17.7,0.0,0.0,11,0.77,40.98,254.16
2023-01-03,S002,P004,Toys,23,89,171.82,0,0,35.9,4.4,0.0,12,0.79,98.59,1684.29
2023-01-03,S002,P005,Electronics,18,100,435.61,1,0,5.8,3.1,0.29,4,0.72,213.2,1729.5
2023-01-03,S003,P001,Clothing,31,82,91.45,0,0,11.0,9.6,0.0,5,0.78,44.51,1455.14
2023-01-03,S003,P002,Food,25,107,102.18,0,0,17.7,0.0,0.0,13,,59.82,1059.0
2023-01-03,S003,P003,Home,15,97,47.34,0,0,21.4,7.2,0.0,1,0.81,36.75,158.85
2023-01-03,S003,P004,Toys,20,90,377.29,0,0,35.3,3.1,0.0,3,0.87,210.22,3341.4
2023-01-03,S003,P005,Electronics,30,114,386.8,0,0,9.3,,0.0,2,0.81,300.89,2577.3
2023-01-04,S001,P001,Clothing,21,101,65.64,0,0,8.8,7.9,0.0,11,0.82,43.89,456.75
2023-01-04,S001,P002,Food,14,121,75.67,0,0,10.4,5.4,0.0,11,0.73,31.14,623.42
2023-01-04,S001,P003,Home,23,62,365.93,0,0,2.4,3.1,0.0,10,0.98,226.5,3206.89
2023-01-04,S001,P004,Toys,22,107,251.14,0,0,-0.7,1.6,0.0,8,0.91,126.4,2744.28
2023-01-04,S001,P005,Electronics,25,110,211.71,0,0,10.6,0.0,0.0,10,0.75,158.72,1324.75
2023-01-04,S002,P001,Clothing,23,110,53.46,0,0,20.6,0.0,0.0,8,0.96,23.96,678.5
2023-01-04,S002,P002,Food,16,111,461.23,0,0,32.0,0.0,0.0,6,0.77,195.76,4247.52
2023-01-04,S002,P003,Home,37,76,382.38,1,0,24.0,0.0,0.09,9,0.92,234.21,4208.96
2023-01-04,S002,P004,Toys,30,76,99.32,1,0,3.4,0.0,0.18,9,0.85,62.13,579.37
2023-01-04,S002,P005,Electronics,17,118,52.59,0,0,9.6,1.0,0.0,8,0.85,32.33,344.42
2023-01-04,S003,P001,Clothing,30,54,171.87,0,1,39.1,1.0,0.0,8,0.97,132.94,1167.9
2023-01-04,S003,P002,Food,25,110,49.31,0,0,17.6,0.0,0.0,9,0.92,30.07,481.0
2023-01-04,S003,P003,Home,20,83,272.17,0,0,10.2,5.2,0.0,6,0.87,160.76,2228.2
2023-01-04,S003,P004,Toys,33,85,85.64,1,0,14.0,5.8,0.13,7,0.94,50.74,784.3
2023-01-04,S003,P005,Electronics,28,75,62.28,0,0,44.3,0.0,0.0,12,0.95,46.11,452.76
2023-01-05,S001,P001,Clothing,22,117,78.49,0,0,23.9,0.0,0.0,9,0.9,56.36,486.86
2023-01-05,S001,P002,Food,21,130,231.45,0,0,16.7,,0.0,7,0.86,158.66,1528.59
2023-01-05,S001,P003,Home,23,99,42.64,0,0,32.1,0.0,0.0,7,0.87,20.96,498.64
2023-01-05,S001,P004,Toys,23,91,498.87,0,0,30.5,0.2,0.0,10,0.8,349.69,3431.14
2023-01-05,S001,P005,Electronics,14,119,412.42,0,0,32.9,0.0,0.0,3,0.91,183.22,3208.8
2023-01-05,S002,P001,Clothing,19,116,275.93,0,0,29.7,2.9,0.0,11,0.75,138.16,2617.63
2023-01-05,S002,P002,Food,34,137,297.25,1,0,21.1,5.6,0.27,6,0.72,179.05,1290.04
2023-01-05,S002,P003,Home,18,90,61.08,0,0,33.5,0.0,0.0,3,0.88,44.97,289.98
2023-01-05,S002,P004,Toys,28,125,205.51,0,0,28.5,0.0,0.0,1,0.88,86.71,3326.4
2023-01-05,S002,P005,Electronics,17,86,26.09,0,0,11.8,7.2,0.0,2,0.9,19.96,104.21
2023-01-05,S003,P001,Clothing,16,88,97.24,0,0,45.7,2.3,0.0,13,0.81,76.28,335.36
2023-01-05,S003,P002,Food,20,138,419.92,0,0,,14.1,0.0,3,0.75,266.64,3065.6
2023-01-05,S003,P003,Home,19,109,99.14,0,0,28.3,0.0,0.0,13,0.82,73.83,480.89
2023-01-05,S003,P004,Toys,21,120,280.34,0,0,12.3,0.0,0.0,12,0.77,140.61,2934.33
2023-01-05,S003,P005,Electronics,22,111,58.73,0,0,16.4,7.8,0.0,7,0.89,29.2,649.66
2023-01-06,S001,P001,Clothing,27,119,370.59,0,0,16.9,8.8,0.0,11,0.78,273.96,2609.01
2023-01-06,S001,P002,Food,19,119,196.05,0,0,32.5,0.0,0.0,1,0.85,124.71,1355.46
2023-01-06,S001,P003,Home,19,75,261.1,0,0,19.7,5.1,0.0,13,0.75,181.9,1504.8
2023-01-06,S001,P004,Toys,21,90,143.43,0,0,3.7,4.8,0.0,10,0.74,58.43,1785.0
2023-01-06,S001,P005,Electronics,105,145,139.21,0,0,25.3,1.5,0.0,5,0.81,70.52,1442.49
2023-01-06,S002,P001,Clothing,16,81,264.27,0,0,21.9,0.0,0.0,1,0.92,110.67,2457.6
2023-01-06,S002,P002,Food,17,77,309.1,0,0,6.5,1.8,0.0,3,0.88,241.01,1157.53
2023-01-06,S002,P003,Home,12,139,35.2,0,0,16.5,3.2,0.0,10,0.84,21.07,169.56
2023-01-06,S002,P004,Toys,27,88,47.21,0,1,19.5,6.9,0.0,12,0.86,20.35,725.22
2023-01-06,S002,P005,Electronics,16,108,437.74,0,0,28.3,4.3,0.0,7,0.87,303.31,2150.88
2023-01-06,S003,P001,Clothing,19,96,241.87,0,0,,1.0,0.0,4,0.95,127.02,2182.15
2023-01-06,S003,P002,Food,14,125,166.36,0,1,15.7,0.5,0.0,12,0.87,121.7,625.24
2023-01-06,S003,P003,Home,26,114,403.95,0,0,11.1,0.0,0.0,3,0.96,248.57,4039.88
2023-01-06,S003,P004,Toys,19,118,20.42,0,0,32.2,0.0,0.0,9,0.93,15.31,97.09
2023-01-06,S003,P005,Electronics,17,83,214.71,0,0,23.1,0.5,0.0,5,0.71,122.07,1574.88
2023-01-07,S001,P001,Clothing,14,146,18.76,0,0,9.3,5.4,0.0,9,0.92,14.92,53.76
2023-01-07,S001,P002,Food,120,89,41.84,0,0,13.4,1.4,0.0,9,0.98,23.46,441.12
2023-01-07,S001,P002,Food,120,89,41.84,0,0,13.4,1.4,0.0,9,0.98,23.46,441.12
2023-01-07,S001,P003,Home,27,104,497.5,0,0,11.7,4.4,0.0,9,0.97,233.61,7125.03
2023-01-07,S001,P004,Toys,27,99,431.46,0,0,4.8,0.0,0.0,8,0.98,251.53,4858.11
2023-01-07,S001,P005,Electronics,52,118,370.25,1,0,20.5,0.0,0.22,3,0.8,189.77,5149.3
2023-01-07,S002,P001,Clothing,25,122,342.23,0,0,20.4,5.0,0.0,11,0.93,214.34,3197.25
2023-01-07,S002,P002,Food,37,108,87.72,1,0,16.3,0.0,0.26,13,0.78,66.0,-40.23
2023-01-07,S002,P003,Home,15,82,104.64,0,0,24.0,0.6,0.0,7,0.86,45.38,888.9
2023-01-07,S002,P004,Toys,18,102,481.87,0,0,15.5,3.0,0.0,1,0.72,258.64,4018.14
2023-01-07,S002,P005,Electronics,23,85,46.6,0,0,13.0,12.1,0.0,13,0.71,34.53,277.61
2023-01-07,S003,P001,Clothing,20,112,168.57,0,0,3.0,0.0,0.0,4,0.95,100.38,1363.8
2023-01-07,S003,P002,Food,26,104,388.68,0,0,29.9,,0.0,11,0.82,191.24,5133.44
2023-01-07,S003,P003,Home,41,81,448.11,1,0,29.5,0.3,0.21,5,0.97,220.46,5475.42
2023-01-07,S003,P004,Toys,34,112,484.08,1,0,23.2,0.0,0.2,12,0.72,229.54,5362.62
2023-01-07,S003,P005,Electronics,13,149,295.17,0,0,17.2,1.9,0.0,11,0.91,149.83,1889.42
2023-01-08,S001,P001,Clothing,26,91,431.46,0,1,15.0,0.7,0.0,4,0.8,307.17,3231.54
2023-01-08,S001,P002,Food,17,107,390.14,0,0,15.3,7.4,0.0,13,0.91,302.94,1482.4
2023-01-08,S001,P003,Home,25,107,25.48,0,0,21.3,5.5,0.0,11,0.85,19.73,143.75
2023-01-08,S001,P004,Toys,16,113,333.8,0,0,14.2,1.9,0.0,12,0.75,207.36,2023.04
2023-01-08,S001,P005,Electronics,24,88,437.17,0,0,35.7,4.6,0.0,2,0.71,213.2,5375.28
2023-01-08,S002,P001,Clothing,17,109,330.1,0,0,18.2,0.0,0.0,1,0.96,175.92,2621.06
2023-01-08,S002,P002,Food,25,140,366.31,0,0,15.8,0.0,0.0,2,,255.35,2774.0
2023-01-08,S002,P003,Home,20,114,398.55,0,0,7.2,0.0,0.0,4,0.97,263.84,2694.2
2023-01-08,S002,P004,Toys,20,123,98.04,0,0,12.8,1.9,0.0,9,0.9,48.53,990.2
2023-01-08,S002,P005,Electronics,20,108,56.68,0,0,37.2,9.7,0.0,6,0.75,37.46,384.4
2023-01-08,S003,P001,Clothing,25,72,264.69,0,0,17.0,5.2,0.0,4,0.81,141.56,3078.25
2023-01-08,S003,P002,Food,28,89,306.71,0,0,,11.0,0.0,2,0.74,166.45,3927.28
2023-01-08,S003,P003,Home,25,82,123.25,0,0,20.4,3.0,0.0,2,0.99,51.85,1785.0
2023-01-08,S003,P004,Toys,22,122,12.42,0,0,30.0,0.0,0.0,10,0.92,9.7,59.84
2023-01-08,S003,P005,Electronics,26,75,89.57,0,0,9.6,6.0,0.0,9,0.91,42.58,1221.74
2023-01-09,S001,P001,Clothing,19,106,341.49,0,0,12.3,3.5,0.0,9,0.73,166.06,3333.17
2023-01-09,S001,P002,Food,18,92,328.75,0,0,,5.9,0.0,7,0.7,232.12,1739.34
2023-01-09,S001,P003,Home,16,132,169.05,0,0,10.1,0.0,0.0,10,0.93,92.4,1226.4
2023-01-09,S001,P004,Toys,20,103,255.22,0,0,30.1,0.0,0.0,7,0.94,157.46,1955.2
2023-01-09,S001,P005,Electronics,33,96,361.88,0,1,17.5,4.0,0.0,2,0.75,283.07,2600.73
2023-01-09,S002,P001,Clothing,13,119,312.5,0,0,25.5,,0.0,2,0.78,190.39,1587.43
2023-01-09,S002,P002,Food,23,68,212.64,0,0,21.1,0.0,0.0,4,0.83,95.42,2696.06
2023-01-09,S002,P003,Home,105,145,52.65,0,0,24.4,3.2,0.0,10,0.75,38.24,302.61
2023-01-09,S002,P004,Toys,22,88,186.78,0,0,11.4,,0.0,7,,142.39,976.58
2023-01-09,S002,P005,Electronics,21,132,92.33,0,0,24.3,8.1,0.0,13,0.88,64.15,591.78
2023-01-09,S003,P001,Clothing,23,106,253.42,0,0,5.6,0.0,0.0,10,0.97,201.5,1194.16
2023-01-09,S003,P002,Food,18,74,388.59,0,0,14.7,0.0,0.0,13,0.86,196.61,3455.64
2023-01-09,S003,P003,Home,20,124,43.13,0,0,23.3,6.2,0.0,7,0.81,31.06,241.4
2023-01-09,S003,P004,Toys,31,103,187.84,0,0,7.9,0.0,0.0,9,0.75,149.93,1175.21
2023-01-09,S003,P005,Electronics,27,117,210.64,1,0,19.8,3.9,0.13,1,0.95,119.87,1711.44
2023-01-10,S001,P001,Clothing,24,96,265.27,0,0,27.6,2.7,0.0,4,0.79,172.28,2231.76
2023-01-10,S001,P002,Food,19,107,138.93,0,0,1.6,4.5,0.0,3,0.94,75.59,1203.46
2023-01-10,S001,P003,Home,110,54,291.55,0,0,44.9,,0.0,10,0.96,182.69,2394.92
2023-01-10,S001,P004,Toys,33,99,404.9,1,0,25.4,0.0,0.15,6,0.95,289.91,1790.41
2023-01-10,S001,P005,Electronics,20,78,165.59,0,0,28.2,,0.0,13,0.86,129.35,724.8
2023-01-10,S002,P001,Clothing,22,130,483.25,0,0,10.6,1.3,0.0,3,0.82,276.9,4539.7
2023-01-10,S002,P002,Food,17,127,286.58,0,0,32.2,5.2,0.0,9,0.74,136.62,2549.32
2023-01-10,S002,P003,Home,21,109,69.48,0,0,20.2,0.0,0.0,7,0.92,36.22,698.46
2023-01-10,S002,P004,Toys,15,153,398.13,0,0,42.9,,0.0,5,0.7,223.72,2616.15
2023-01-10,S002,P005,Electronics,24,99,213.92,0,1,14.5,4.0,0.0,3,,126.76,2091.84
2023-01-10,S003,P001,Clothing,25,75,326.58,0,0,25.8,5.7,0.0,13,0.84,195.86,3268.0
2023-01-10,S003,P002,Food,19,98,394.66,0,0,31.4,0.0,0.0,11,0.85,298.69,1823.43
2023-01-10,S003,P003,Home,19,97,199.31,0,0,29.2,7.1,0.0,8,,115.61,1590.3
2023-01-10,S003,P004,Toys,25,113,361.0,1,0,12.0,8.5,0.29,12,0.81,154.81,2537.5
2023-01-10,S003,P005,Electronics,33,83,211.94,1,0,31.6,2.1,0.16,4,0.88,131.37,1539.77
2023-01-11,S001,P001,Clothing,31,110,389.57,1,0,13.6,6.6,0.29,11,0.71,256.17,633.17
2023-01-11,S001,P002,Food,15,119,64.3,0,0,30.7,0.0,0.0,4,0.74,41.11,347.85
2023-01-11,S001,P003,Home,16,124,106.76,0,0,23.0,3.3,0.0,8,0.87,80.58,418.88
2023-01-11,S001,P004,Toys,23,65,98.49,0,0,18.6,3.5,0.0,5,0.92,41.52,1310.31
2023-01-11,S001,P005,Electronics,21,111,410.71,0,0,23.1,10.5,0.0,13,0.73,199.36,4438.35
2023-01-11,S002,P001,Clothing,17,104,292.81,0,0,2.4,8.6,0.0,10,0.9,219.86,1240.15
2023-01-11,S002,P002,Food,20,104,162.36,0,0,10.1,9.4,0.0,12,0.92,113.16,984.0
2023-01-11,S002,P003,Home,18,83,109.22,0,0,22.4,0.0,0.0,4,0.93,85.54,426.24
2023-01-11,S002,P004,Toys,28,135,116.43,1,0,15.8,0.0,0.09,5,0.87,52.99,1482.92
2023-01-11,S002,P005,Electronics,25,116,285.13,0,0,20.8,0.0,0.0,3,0.72,178.0,2678.25
2023-01-11,S003,P001,Clothing,14,83,173.78,0,0,-7.7,6.0,0.0,4,0.72,124.07,695.94
2023-01-11,S003,P002,Food,20,78,402.67,0,0,18.6,4.3,0.0,6,1.0,284.54,2362.6
2023-01-11,S003,P003,Home,15,133,376.14,0,0,23.6,2.2,0.0,6,0.86,261.79,1715.25
2023-01-11,S003,P004,Toys,19,89,156.38,0,0,36.7,4.6,0.0,6,0.89,121.39,664.81
2023-01-11,S003,P005,Electronics,19,93,34.42,0,0,15.4,0.3,0.0,8,0.72,26.21,155.99
2023-01-11,S003,P005,Electronics,19,93,34.42,0,0,15.4,0.3,0.0,8,0.72,26.21,155.99
2023-01-12,S001,P001,Clothing,24,81,148.27,0,0,19.8,0.0,0.0,13,0.78,74.83,1762.56
2023-01-12,S001,P002,Food,20,96,86.63,0,1,0.5,5.9,0.0,8,0.86,64.21,448.4
2023-01-12,S001,P003,Home,14,125,72.71,0,0,17.6,4.7,0.0,5,0.87,54.74,251.58
2023-01-12,S001,P004,Toys,25,79,237.33,0,0,12.7,0.0,0.0,2,,187.21,1253.0
2023-01-12,S001,P005,Electronics,19,91,275.85,0,0,20.6,4.8,0.0,6,0.95,197.7,1484.85
2023-01-12,S002,P001,Clothing,20,87,337.82,0,0,12.9,2.4,0.0,1,0.76,197.6,2804.4
2023-01-12,S002,P002,Food,26,101,136.72,0,0,19.4,0.0,0.0,9,0.87,63.7,1898.52
2023-01-12,S002,P003,Home,36,55,377.86,1,0,12.4,0.0,0.14,11,0.93,235.48,3221.27
2023-01-12,S002,P004,Toys,22,127,482.59,0,0,9.6,3.8,0.0,8,0.86,232.37,5504.84
2023-01-12,S002,P005,Electronics,15,91,229.33,0,0,27.9,0.6,0.0,8,0.97,142.9,1296.45
2023-01-12,S003,P001,Clothing,22,128,330.6,0,0,20.9,2.1,0.0,6,0.99,152.35,3921.5
2023-01-12,S003,P002,Food,27,105,331.51,1,0,15.0,4.8,0.06,9,0.81,149.82,4368.58
2023-01-12,S003,P003,Home,13,110,252.16,0,0,27.3,6.2,0.0,4,0.97,184.4,880.88
2023-01-12,S003,P004,Toys,16,90,372.44,0,0,35.8,4.6,0.0,3,0.91,177.47,3119.52
2023-01-12,S003,P005,Electronics,22,115,44.12,0,0,23.0,0.0,0.0,9,0.76,20.73,514.58
2023-01-13,S001,P001,Clothing,16,117,186.59,0,0,23.4,3.1,0.0,11,0.87,79.75,1709.44
2023-01-13,S001,P002,Food,36,116,64.38,0,0,23.5,0.0,0.0,4,0.71,37.26,976.32
2023-01-13,S001,P003,Home,22,111,216.51,0,0,25.4,6.4,0.0,3,0.96,88.96,2806.1
2023-01-13,S001,P004,Toys,125,93,65.16,1,0,42.3,1.9,0.11,3,0.77,44.4,339.81
2023-01-13,S001,P005,Electronics,22,89,367.82,0,0,16.4,6.0,0.0,12,,235.23,2916.98
2023-01-13,S002,P001,Clothing,33,104,497.76,1,0,28.0,0.0,0.26,8,0.99,369.48,-37.54
2023-01-13,S002,P002,Food,18,128,22.32,0,0,8.8,1.5,0.0,3,0.77,15.13,129.42
2023-01-13,S002,P003,Home,21,102,261.06,0,0,17.3,4.1,0.0,1,0.78,115.31,3060.75
2023-01-13,S002,P004,Toys,36,145,209.42,1,1,18.0,3.5,0.2,3,0.83,158.45,327.1
2023-01-13,S002,P005,Electronics,19,115,242.4,0,0,14.9,0.0,0.0,10,0.79,154.25,1674.85
2023-01-13,S003,P001,Clothing,20,138,466.56,0,0,16.8,0.0,0.0,3,0.84,260.72,4116.8
2023-01-13,S003,P002,Food,17,115,465.42,0,0,19.4,,0.0,1,0.95,216.92,4224.5
2023-01-13,S003,P003,Home,27,83,477.98,0,1,21.4,0.0,0.0,2,,348.2,3504.06
2023-01-13,S003,P004,Toys,19,83,302.2,0,0,-2.1,7.7,0.0,10,0.81,187.31,2182.91
2023-01-13,S003,P005,Electronics,23,77,300.89,0,0,29.5,3.4,0.0,1,0.91,121.58,4124.13
2023-01-14,S001,P001,Clothing,27,70,270.92,0,0,21.1,,0.0,5,0.91,157.01,3075.57
2023-01-14,S001,P002,Food,20,63,220.67,0,0,17.3,9.2,0.0,9,0.71,147.67,1460.0
2023-01-14,S001,P003,Home,19,102,202.56,0,0,31.7,0.0,0.0,2,,123.63,1499.67
2023-01-14,S001,P004,Toys,19,99,176.9,0,0,29.6,10.1,0.0,4,0.75,75.83,1920.33
2023-01-14,S001,P005,Electronics,18,70,486.29,0,0,22.8,0.0,0.0,5,0.79,238.96,4451.94
2023-01-14,S002,P001,Clothing,19,110,451.04,0,0,,6.5,0.0,5,0.84,201.37,4743.73
2023-01-14,S002,P002,Food,25,90,270.81,0,0,-0.4,7.3,0.0,5,0.8,126.56,3606.25
2023-01-14,S002,P003,Home,20,49,142.42,0,0,9.3,3.2,0.0,1,,112.02,608.0
2023-01-14,S002,P004,Toys,27,109,157.24,0,0,17.1,0.0,0.0,6,0.77,83.39,1993.95
2023-01-14,S002,P005,Electronics,26,97,482.37,0,0,16.4,3.4,0.0,12,0.85,368.43,2962.44
2023-01-14,S002,P005,Electronics,26,97,482.37,0,0,16.4,3.4,0.0,12,0.85,368.43,2962.44
2023-01-14,S003,P001,Clothing,19,85,433.14,0,0,,5.2,0.0,9,0.81,275.26,2999.72
2023-01-14,S003,P002,Food,26,79,365.6,0,0,35.2,10.5,0.0,6,0.78,277.04,2302.56
2023-01-14,S003,P003,Home,24,109,25.09,0,0,12.1,13.2,0.0,9,0.78,19.79,127.2
2023-01-14,S003,P004,Toys,22,114,113.25,0,1,29.5,4.6,0.0,1,0.72,88.67,540.76
2023-01-14,S003,P005,Electronics,14,113,12.78,0,0,25.2,3.7,0.0,2,0.72,9.9,40.32
2023-01-15,S001,P001,Clothing,33,100,209.7,0,0,21.1,1.3,0.0,2,0.72,118.03,3025.11
2023-01-15,S001,P002,Food,26,84,255.31,1,0,26.1,0.0,0.07,8,0.79,183.26,1408.64
2023-01-15,S001,P003,Home,21,91,84.64,0,1,21.7,8.0,0.0,9,0.74,42.87,877.17
2023-01-15,S001,P004,Toys,24,103,445.44,0,0,6.2,0.0,0.0,12,0.77,267.81,4263.12
2023-01-15,S001,P005,Electronics,20,80,158.57,0,0,22.3,4.1,0.0,1,0.8,81.82,1535.0
2023-01-15,S002,P001,Clothing,33,103,10.07,0,1,29.4,0.4,0.0,5,0.98,6.09,131.34
2023-01-15,S002,P002,Food,23,97,50.53,0,0,30.7,2.9,0.0,6,0.81,39.03,264.5
2023-01-15,S002,P003,Home,25,73,482.4,0,0,26.4,9.8,0.0,7,0.78,210.19,6805.25
2023-01-15,S002,P004,Toys,18,99,439.0,0,0,24.0,2.8,0.0,7,0.85,207.7,4163.4
2023-01-15,S002,P005,Electronics,26,97,222.04,0,0,10.3,0.0,0.0,13,0.82,129.47,2406.82
2023-01-15,S003,P001,Clothing,26,113,362.63,0,0,31.5,4.9,0.0,4,0.92,198.89,4257.24
2023-01-15,S003,P002,Food,18,97,164.66,0,0,18.4,3.0,0.0,9,0.95,108.34,1013.76
2023-01-15,S003,P003,Home,27,82,393.19,0,0,22.9,1.1,0.0,12,0.88,242.8,4060.53
2023-01-15,S003,P004,Toys,15,122,14.86,0,0,32.0,0.0,0.0,11,0.81,8.7,92.4
2023-01-15,S003,P005,Electronics,85,135,190.19,0,0,32.4,0.0,0.0,5,0.89,89.9,1704.93
2023-01-16,S001,P001,Clothing,22,113,487.36,0,1,,5.4,0.0,4,0.97,360.07,2800.38
2023-01-16,S001,P002,Food,16,125,357.97,0,0,21.7,0.0,0.0,12,0.93,277.41,1288.96
2023-01-16,S001,P003,Home,20,117,110.44,0,0,33.5,0.0,0.0,12,0.89,76.23,684.2
2023-01-16,S001,P004,Toys,23,99,406.83,0,0,12.9,2.3,0.0,9,0.83,316.9,2068.39
2023-01-16,S001,P005,Electronics,12,100,75.79,0,0,27.7,12.1,0.0,6,0.93,59.36,197.16
2023-01-16,S002,P001,Clothing,27,52,277.96,0,0,19.4,7.6,0.0,12,0.99,131.23,3961.71
2023-01-16,S002,P002,Food,17,106,106.49,0,0,26.0,2.2,0.0,3,0.75,83.12,397.29
2023-01-16,S002,P003,Home,27,120,114.84,0,1,11.8,8.6,0.0,4,0.77,46.53,1844.37
2023-01-16,S002,P004,Toys,18,131,323.9,0,0,16.8,2.0,0.0,10,0.94,215.92,1943.64
2023-01-16,S002,P005,Electronics,16,169,32.57,0,0,13.9,5.8,0.0,7,0.81,23.56,144.16
2023-01-16,S003,P001,Clothing,24,120,202.3,0,0,5.4,0.0,0.0,4,0.87,141.96,1448.16
2023-01-16,S003,P002,Food,14,92,213.65,0,0,24.9,5.3,0.0,11,0.87,157.87,780.92
2023-01-16,S003,P003,Home,25,96,219.48,0,0,5.4,6.4,0.0,4,0.95,116.44,2576.0
2023-01-16,S003,P004,Toys,18,97,445.55,0,0,27.5,0.0,0.0,8,0.95,275.26,3065.22
2023-01-16,S003,P005,Electronics,19,126,33.34,0,0,30.3,2.3,0.0,4,0.83,23.03,195.89
2023-01-17,S001,P001,Clothing,51,78,28.41,1,0,13.2,2.2,0.15,3,,12.82,577.75
2023-01-17,S001,P002,Food,24,136,35.43,0,0,9.1,0.0,0.0,5,0.91,16.88,445.2
2023-01-17,S001,P003,Home,21,101,410.22,0,0,14.0,9.1,0.0,10,0.71,193.89,4542.93
2023-01-17,S001,P004,Toys,30,94,141.82,0,0,11.9,0.0,0.0,11,0.93,86.09,1671.9
2023-01-17,S001,P005,Electronics,95,121,60.23,0,0,30.8,7.0,0.0,9,,36.47,451.44
2023-01-17,S002,P001,Clothing,20,118,405.46,0,0,29.2,7.3,0.0,4,0.94,193.85,4232.2
2023-01-17,S002,P002,Food,19,103,369.88,0,1,19.4,4.3,0.0,1,0.86,204.82,3136.14
2023-01-17,S002,P003,Home,22,104,220.5,0,0,33.2,2.9,0.0,2,0.96,115.44,2311.32
2023-01-17,S002,P004,Toys,27,92,339.62,0,0,32.1,3.3,0.0,1,0.71,244.08,2579.58
2023-01-17,S002,P005,Electronics,21,96,201.43,0,0,21.4,7.0,0.0,1,0.79,96.0,2214.03
2023-01-17,S003,P001,Clothing,33,92,222.06,1,0,21.6,4.5,0.14,6,0.88,149.71,1361.63
2023-01-17,S003,P002,Food,36,94,495.28,0,0,6.7,1.9,0.0,10,0.73,262.55,8378.28
2023-01-17,S003,P003,Home,17,65,207.76,0,0,8.9,0.0,0.0,12,0.86,144.43,1076.61
2023-01-17,S003,P004,Toys,19,87,347.99,0,0,18.7,10.8,0.0,2,0.78,159.23,3586.44
2023-01-17,S003,P005,Electronics,17,120,17.4,0,0,28.2,9.7,0.0,1,0.74,13.68,63.24
2023-01-18,S001,P001,Clothing,18,128,230.05,0,0,22.7,0.0,0.0,9,0.84,148.36,1470.42
2023-01-18,S001,P002,Food,19,133,479.21,0,0,11.4,1.3,0.0,10,1.0,268.17,4009.76
2023-01-18,S001,P003,Home,25,77,122.29,0,0,15.1,4.9,0.0,4,0.7,75.67,1165.5
2023-01-18,S001,P004,Toys,23,88,131.7,0,0,19.3,0.0,0.0,7,0.95,63.97,1557.79
2023-01-18,S001,P005,Electronics,23,75,404.49,0,0,22.4,,0.0,8,0.72,294.95,2519.42
2023-01-18,S002,P001,Clothing,27,95,191.85,0,0,12.1,0.0,0.0,13,0.96,147.4,1200.15
2023-01-18,S002,P002,Food,19,90,322.6,0,0,34.5,,0.0,11,0.88,236.61,1633.81
2023-01-18,S002,P003,Home,28,129,108.54,0,0,29.8,0.0,0.0,12,0.9,69.04,1106.0
2023-01-18,S002,P004,Toys,16,77,442.03,0,0,20.9,,0.0,7,0.78,320.76,1940.32
2023-01-18,S002,P005,Electronics,24,71,373.84,0,0,26.2,0.0,0.0,1,0.8,161.0,5108.16
2023-01-18,S003,P001,Clothing,26,102,452.74,0,0,12.2,9.2,0.0,3,0.82,195.16,6697.08
2023-01-18,S003,P002,Food,20,112,16.49,0,0,12.3,9.4,0.0,5,0.92,8.55,158.8
2023-01-18,S003,P003,Home,27,108,262.32,1,0,24.1,0.6,0.09,4,0.74,121.86,3154.98
2023-01-18,S003,P004,Toys,23,99,113.83,0,0,11.3,0.0,0.0,1,0.83,59.69,1245.22
2023-01-18,S003,P005,Electronics,26,100,275.04,0,0,22.2,0.0,0.0,13,0.91,186.63,2298.66
2023-01-19,S001,P001,Clothing,24,110,252.89,0,0,,2.2,0.0,11,,195.55,1376.16
2023-01-19,S001,P002,Food,25,135,242.38,0,0,33.3,3.4,0.0,3,0.79,151.31,2276.75
2023-01-19,S001,P003,Home,19,73,270.47,0,0,16.7,1.9,0.0,8,0.99,163.42,2033.95
2023-01-19,S001,P004,Toys,17,126,42.62,0,0,19.1,0.5,0.0,6,0.92,28.1,246.84
2023-01-19,S001,P005,Electronics,28,106,308.12,0,0,18.7,0.0,0.0,9,0.7,210.34,2737.84
2023-01-19,S002,P001,Clothing,30,108,404.2,1,0,23.1,9.0,0.24,5,0.76,286.63,616.86
2023-01-19,S002,P002,Food,17,129,359.49,0,0,9.0,0.2,0.0,10,0.87,199.39,2721.7
2023-01-19,S002,P003,Home,17,86,319.87,0,0,16.4,0.0,0.0,11,0.96,147.97,2922.3
2023-01-19,S002,P004,Toys,19,98,435.63,0,0,9.6,3.2,0.0,6,0.86,300.47,2568.04
2023-01-19,S002,P005,Electronics,17,125,322.01,0,0,25.4,1.3,0.0,7,0.78,225.18,1646.11
2023-01-19,S003,P001,Clothing,19,93,334.36,0,0,10.5,9.2,0.0,5,0.89,242.74,1740.78
2023-01-19,S003,P002,Food,19,102,430.48,0,0,24.9,10.6,0.0,2,0.95,307.15,2343.27
2023-01-19,S003,P003,Home,21,124,132.01,1,0,31.6,0.0,0.3,11,0.7,83.26,192.09
2023-01-19,S003,P004,Toys,25,122,49.31,1,1,14.0,0.0,0.28,10,0.87,25.88,240.58
2023-01-19,S003,P005,Electronics,18,114,316.06,0,0,37.7,0.0,0.0,2,0.8,235.71,1446.3
2023-01-20,S001,P001,Clothing,23,110,268.56,0,0,21.6,7.6,0.0,11,0.98,130.16,3183.2
2023-01-20,S001,P002,Food,35,132,418.09,0,0,22.0,5.3,0.0,7,0.88,227.85,6658.4
2023-01-20,S001,P003,Home,21,106,97.88,0,0,23.5,,0.0,12,0.84,66.76,653.52
2023-01-20,S001,P004,Toys,25,103,345.99,0,0,22.1,6.8,0.0,12,0.81,264.37,2040.5
2023-01-20,S001,P005,Electronics,22,112,35.47,1,0,17.0,,0.2,8,0.97,14.64,302.19
2023-01-20,S002,P001,Clothing,29,92,71.36,0,0,36.3,9.0,0.0,5,0.99,34.27,1075.61
2023-01-20,S002,P002,Food,25,69,410.32,1,0,11.4,1.1,0.15,4,0.83,304.05,1118.05
2023-01-20,S002,P003,Home,16,91,269.64,0,0,25.4,0.0,0.0,4,0.9,214.13,888.16
2023-01-20,S002,P004,Toys,15,92,40.66,0,0,30.9,6.4,0.0,2,0.95,19.69,314.55
2023-01-20,S002,P005,Electronics,17,102,356.27,0,0,12.9,7.0,0.0,1,0.84,230.47,2138.6
2023-01-20,S003,P001,Clothing,21,93,160.17,0,0,19.0,10.7,0.0,8,0.9,116.76,911.61
2023-01-20,S003,P002,Food,20,136,107.63,0,0,20.2,0.2,0.0,12,0.81,44.99,1252.8
2023-01-20,S003,P003,Home,15,106,431.3,0,0,25.9,0.0,0.0,9,0.85,242.7,2829.0
2023-01-20,S003,P004,Toys,15,48,436.11,0,0,11.2,,0.0,6,0.88,244.71,2871.0
2023-01-20,S003,P005,Electronics,23,114,292.54,0,0,17.5,0.5,0.0,5,0.75,182.4,2533.22
2023-01-21,S001,P001,Clothing,26,87,339.65,0,0,11.6,0.0,0.0,1,0.87,165.82,4519.58
2023-01-21,S001,P002,Food,30,111,107.76,0,0,24.6,2.7,0.0,13,0.84,55.77,1559.7
2023-01-21,S001,P003,Home,20,88,238.49,0,0,39.4,,0.0,8,0.77,167.95,1410.8
2023-01-21,S001,P004,Toys,26,116,338.32,0,0,8.9,0.0,0.0,12,0.92,198.71,3629.86
2023-01-21,S001,P005,Electronics,19,106,64.68,0,0,32.2,0.0,0.0,10,0.9,41.61,438.33
2023-01-21,S002,P001,Clothing,39,125,287.23,1,0,15.5,2.5,0.05,11,0.79,221.64,1997.91
2023-01-21,S002,P002,Food,19,127,172.78,0,1,37.0,7.4,0.0,4,0.92,89.42,1583.84
2023-01-21,S002,P003,Home,29,129,145.96,1,0,36.6,6.4,0.23,11,0.95,74.83,1089.22
2023-01-21,S002,P004,Toys,16,115,53.6,0,0,19.2,5.5,0.0,8,,42.7,174.4
2023-01-21,S002,P005,Electronics,28,114,229.9,1,0,10.1,3.3,0.07,8,0.95,175.94,1060.28
2023-01-21,S003,P001,Clothing,25,122,380.95,0,1,10.5,10.7,0.0,1,0.83,160.85,5502.5
2023-01-21,S003,P002,Food,22,108,367.56,0,0,8.9,0.0,0.0,13,0.85,285.26,1810.6
2023-01-21,S003,P003,Home,29,117,156.97,0,0,21.2,,0.0,2,0.73,100.21,1646.04
2023-01-21,S003,P004,Toys,13,101,437.78,0,0,32.5,5.3,0.0,5,0.73,266.72,2223.78
2023-01-21,S003,P005,Electronics,26,119,47.07,0,0,23.2,0.9,0.0,12,0.73,25.64,557.18
2023-01-22,S001,P001,Clothing,11,82,94.54,0,0,23.2,0.0,0.0,12,0.86,59.29,387.75
2023-01-22,S001,P002,Food,25,102,116.95,0,0,26.4,3.5,0.0,1,0.8,93.07,597.0
2023-01-22,S001,P003,Home,19,111,112.44,0,0,21.9,0.0,0.0,6,,48.78,1209.54
2023-01-22,S001,P004,Toys,28,123,392.94,1,0,18.6,0.0,0.22,4,0.87,200.52,2967.25
2023-01-22,S001,P005,Electronics,24,103,360.23,0,0,,,0.0,3,,153.96,4950.48
2023-01-22,S002,P001,Clothing,42,104,343.86,0,1,29.1,1.3,0.0,5,0.72,266.86,3234.0
2023-01-22,S002,P001,Clothing,42,104,343.86,0,1,29.1,1.3,0.0,5,0.72,266.86,3234.0
2023-01-22,S002,P002,Food,23,89,203.68,0,0,36.4,1.5,0.0,8,0.99,96.28,2470.2
2023-01-22,S002,P003,Home,28,95,138.55,1,0,4.8,0.0,0.17,5,0.83,72.77,1182.34
2023-01-22,S002,P004,Toys,20,102,368.43,0,0,19.1,8.0,0.0,7,0.85,268.88,1991.0
2023-01-22,S002,P005,Electronics,28,110,222.55,0,0,18.6,3.0,0.0,4,0.8,111.23,3116.96
2023-01-22,S003,P001,Clothing,19,96,124.61,0,0,28.3,0.0,0.0,13,1.0,60.36,1220.75
2023-01-22,S003,P002,Food,17,55,22.63,0,0,24.4,0.0,0.0,12,0.74,14.52,137.87
2023-01-22,S003,P003,Home,26,125,287.06,0,0,32.6,0.0,0.0,3,0.88,165.61,3157.7
2023-01-22,S003,P004,Toys,36,61,89.88,0,1,24.9,,0.0,5,0.92,44.36,1638.72
2023-01-22,S003,P005,Electronics,23,128,473.91,0,0,,0.0,0.0,10,0.78,337.73,3132.14
2023-01-23,S001,P001,Clothing,19,88,357.63,0,0,13.7,2.3,0.0,8,0.78,181.89,3339.06
2023-01-23,S001,P002,Food,27,80,52.92,1,0,26.6,0.0,0.21,4,0.85,23.07,505.89
2023-01-23,S001,P003,Home,24,96,226.63,0,0,,0.0,0.0,6,0.8,120.97,2535.84
2023-01-23,S001,P004,Toys,24,118,209.78,0,0,18.3,0.0,0.0,6,0.78,94.45,2767.92
2023-01-23,S001,P005,Electronics,22,119,444.18,0,0,5.3,0.0,0.0,2,0.71,336.81,2362.14
2023-01-23,S002,P001,Clothing,30,90,331.63,1,0,25.2,1.7,0.3,10,0.94,203.64,855.03
2023-01-23,S002,P002,Food,19,114,333.12,0,0,42.8,0.0,0.0,7,0.98,210.24,2334.72
2023-01-23,S002,P003,Home,13,85,347.65,0,0,1.2,5.3,0.0,8,0.73,253.54,1223.43
2023-01-23,S002,P004,Toys,29,124,482.27,0,0,9.9,0.3,0.0,5,0.9,218.97,7635.7
2023-01-23,S002,P005,Electronics,14,133,114.04,0,0,33.1,0.0,0.0,10,0.72,51.18,880.04
2023-01-23,S003,P001,Clothing,17,103,136.71,0,0,7.2,2.9,0.0,13,0.71,56.21,1368.5
2023-01-23,S003,P002,Food,15,106,187.75,0,0,29.4,3.9,0.0,13,0.79,116.16,1073.85
2023-01-23,S003,P003,Home,29,113,267.48,0,0,31.8,7.8,0.0,8,0.74,181.65,2489.07
2023-01-23,S003,P004,Toys,28,95,226.76,0,0,8.6,3.0,0.0,12,0.89,94.56,3701.6
2023-01-23,S003,P005,Electronics,16,123,60.68,0,0,10.8,8.8,0.0,11,0.95,34.03,426.4
2023-01-24,S001,P001,Clothing,20,73,450.41,0,0,21.3,0.0,0.0,11,0.95,279.81,3412.0
2023-01-24,S001,P002,Food,30,122,488.63,1,0,0.4,0.0,0.27,8,0.79,274.56,2464.2
2023-01-24,S001,P003,Home,20,121,75.27,0,0,19.7,7.5,0.0,13,0.93,49.15,522.4
2023-01-24,S001,P004,Toys,16,63,340.11,0,0,13.6,5.5,0.0,7,0.88,240.46,1594.4
2023-01-24,S001,P005,Electronics,16,145,275.27,0,0,22.0,7.9,0.0,11,0.98,119.58,2491.04
2023-01-24,S002,P001,Clothing,24,100,266.37,0,0,10.3,4.1,0.0,5,0.79,135.51,3140.64
2023-01-24,S002,P002,Food,24,132,37.87,0,0,27.0,0.0,0.0,11,0.81,26.76,266.64
2023-01-24,S002,P003,Home,19,80,279.73,0,0,30.7,0.0,0.0,4,0.82,200.29,1509.36
2023-01-24,S002,P004,Toys,22,139,66.42,0,0,20.0,0.0,0.0,7,0.82,50.03,360.58
2023-01-24,S002,P005,Electronics,17,95,367.94,0,0,21.8,0.0,0.0,4,0.76,167.1,3414.28
2023-01-24,S003,P001,Clothing,24,118,38.7,0,0,20.8,0.0,0.0,11,0.9,24.03,352.08
2023-01-24,S003,P002,Food,18,60,300.46,0,0,30.6,2.8,0.0,7,0.85,138.01,2924.1
2023-01-24,S003,P003,Home,15,79,108.38,0,0,22.6,0.0,0.0,10,1.0,57.01,770.55
2023-01-24,S003,P004,Toys,27,110,169.59,0,0,-4.9,0.0,0.0,7,0.99,94.57,2025.54
2023-01-24,S003,P005,Electronics,18,83,52.2,0,0,32.8,12.0,0.0,3,0.76,37.88,257.76
2023-01-25,S001,P001,Clothing,16,84,235.07,0,0,17.4,0.0,0.0,2,0.95,164.75,1125.12
2023-01-25,S001,P002,Food,21,111,319.41,0,0,20.1,2.3,0.0,7,0.84,227.98,1920.03
2023-01-25,S001,P003,Home,21,108,20.3,0,0,27.9,0.0,0.0,13,0.82,14.78,115.92
2023-01-25,S001,P004,Toys,14,92,35.06,0,0,13.6,7.4,0.0,5,0.71,19.6,216.44
2023-01-25,S001,P005,Electronics,20,118,281.11,0,0,14.8,0.4,0.0,8,0.79,170.97,2202.8
2023-01-25,S002,P001,Clothing,14,102,47.82,0,0,2.7,0.0,0.0,12,0.72,22.38,356.16
2023-01-25,S002,P002,Food,15,102,12.05,0,0,-6.4,0.4,0.0,8,0.79,8.05,60.0
2023-01-25,S002,P003,Home,21,120,202.64,0,0,25.1,5.1,0.0,12,0.72,100.26,2149.98
2023-01-25,S002,P004,Toys,25,69,147.49,0,0,25.0,0.3,0.0,7,0.88,79.64,1696.25
2023-01-25,S002,P005,Electronics,20,127,18.17,0,0,3.0,0.0,0.0,1,0.99,8.68,189.8
2023-01-25,S003,P001,Clothing,11,65,446.17,0,0,31.4,11.9,0.0,5,1.0,294.88,1664.19
2023-01-25,S003,P002,Food,21,78,112.07,0,0,38.8,0.0,0.0,1,0.9,60.76,1077.51
2023-01-25,S003,P003,Home,27,74,107.42,1,0,18.2,0.0,0.26,8,0.88,56.5,620.75
2023-01-25,S003,P003,Home,27,74,107.42,1,0,18.2,0.0,0.26,8,0.88,56.5,620.75
2023-01-25,S003,P004,Toys,17,150,249.21,0,0,16.3,3.7,0.0,6,0.97,112.96,2316.25
2023-01-25,S003,P005,Electronics,11,82,128.86,0,0,22.1,0.0,0.0,8,0.86,56.25,798.71
2023-01-26,S001,P001,Clothing,25,103,449.32,0,1,33.8,6.7,0.0,3,0.88,215.01,5857.75
2023-01-26,S001,P002,Food,18,132,154.92,0,0,25.2,0.0,0.0,6,0.88,77.82,1387.8
2023-01-26,S001,P003,Home,19,81,49.97,0,0,,0.0,0.0,4,0.89,21.74,536.37
2023-01-26,S001,P004,Toys,31,109,337.75,1,0,18.9,7.0,0.09,10,,243.0,1994.93
2023-01-26,S001,P005,Electronics,27,78,112.12,0,0,22.0,,0.0,7,0.79,50.81,1655.37
2023-01-26,S002,P001,Clothing,24,80,211.23,0,0,18.2,4.0,0.0,2,0.99,102.21,2616.48
2023-01-26,S002,P002,Food,17,90,219.81,0,0,17.2,0.1,0.0,6,0.82,143.49,1297.44
2023-01-26,S002,P003,Home,18,99,141.89,0,0,,0.0,0.0,8,0.94,68.03,1329.48
2023-01-26,S002,P004,Toys,27,117,50.38,0,0,12.7,0.0,0.0,6,0.9,32.24,489.78
2023-01-26,S002,P005,Electronics,18,114,172.49,0,0,16.4,0.0,0.0,4,0.79,103.53,1241.28
2023-01-26,S003,P001,Clothing,22,86,393.78,0,0,25.9,3.2,0.0,13,0.72,284.03,2414.5
2023-01-26,S003,P002,Food,21,101,361.56,0,0,23.4,0.3,0.0,1,0.84,213.39,3111.57
2023-01-26,S003,P003,Home,23,118,416.07,0,0,38.1,4.4,0.0,1,0.79,304.49,2566.34
2023-01-26,S003,P004,Toys,26,119,78.23,0,0,18.0,0.0,0.0,13,0.79,50.44,722.54
2023-01-26,S003,P005,Electronics,27,104,390.0,1,0,34.5,1.7,0.19,2,0.75,217.33,2661.39
2023-01-27,S001,P001,Clothing,20,101,236.67,0,0,18.5,0.0,0.0,4,0.83,97.82,2777.0
2023-01-27,S001,P002,Food,16,53,394.68,0,0,30.9,0.0,0.0,5,0.9,188.77,3294.56
2023-01-27,S001,P003,Home,26,113,375.72,0,0,12.0,15.2,0.0,6,0.92,197.11,4643.86
2023-01-27,S001,P004,Toys,14,114,92.23,0,0,,1.4,0.0,2,0.72,41.33,712.6
2023-01-27,S001,P005,Electronics,17,98,374.57,0,0,27.6,,0.0,1,0.83,256.36,2009.57
2023-01-27,S002,P001,Clothing,24,99,341.04,0,0,11.8,3.4,0.0,1,,205.84,3244.8
2023-01-27,S002,P002,Food,30,73,205.33,0,0,15.8,6.3,0.0,6,0.87,153.01,1569.6
2023-01-27,S002,P003,Home,18,118,152.77,0,0,,1.9,0.0,2,0.79,86.61,1190.88
2023-01-27,S002,P004,Toys,14,103,156.05,0,0,23.2,0.0,0.0,5,0.75,82.42,1030.82
2023-01-27,S002,P005,Electronics,14,98,243.5,0,0,33.0,0.0,0.0,11,0.7,169.27,1039.22
2023-01-27,S003,P001,Clothing,21,95,403.46,0,0,16.6,9.9,0.0,12,0.94,319.67,1759.59
2023-01-27,S003,P002,Food,19,85,372.34,0,0,6.4,0.9,0.0,10,0.76,245.08,2417.94
2023-01-27,S003,P003,Home,25,91,137.85,0,0,20.3,11.4,0.0,13,0.8,108.6,731.25
2023-01-27,S003,P004,Toys,12,109,317.56,0,0,43.3,7.9,0.0,4,0.89,151.41,1993.8
2023-01-27,S003,P005,Electronics,15,119,184.42,0,0,10.3,0.4,0.0,8,0.88,84.72,1495.5
2023-01-28,S001,P001,Clothing,19,54,267.78,0,0,6.3,0.0,0.0,13,0.8,188.44,1507.46
2023-01-28,S001,P002,Food,17,89,345.1,0,0,,0.0,0.0,5,0.95,141.54,3460.52
2023-01-28,S001,P003,Home,23,80,204.66,0,0,17.4,2.9,0.0,5,0.86,101.97,2361.87
2023-01-28,S001,P004,Toys,26,119,443.39,0,0,9.0,0.0,0.0,9,,275.61,4362.28
2023-01-28,S001,P005,Electronics,36,117,254.61,1,0,22.4,0.0,0.17,3,0.81,123.9,3147.35
2023-01-28,S002,P001,Clothing,27,127,455.68,0,0,12.0,0.0,0.0,8,0.95,285.98,4581.9
2023-01-28,S002,P002,Food,19,93,203.58,0,0,27.1,,0.0,7,0.92,85.61,2241.43
2023-01-28,S002,P003,Home,34,118,277.39,0,0,5.0,1.5,0.0,12,,133.6,4888.86
2023-01-28,S002,P004,Toys,19,97,312.96,0,0,19.4,0.0,0.0,12,0.92,210.39,1948.83
2023-01-28,S002,P005,Electronics,22,107,429.91,0,0,17.5,7.5,0.0,5,0.82,333.39,2123.44
2023-01-28,S003,P001,Clothing,27,97,241.98,0,0,30.8,2.5,0.0,3,0.75,179.51,1686.69
2023-01-28,S003,P002,Food,28,111,356.24,0,0,26.3,0.0,0.0,10,0.98,218.78,3848.88
2023-01-28,S003,P003,Home,22,85,268.52,0,0,19.2,0.2,0.0,4,0.75,135.22,2932.6
2023-01-28,S003,P004,Toys,19,68,356.64,0,0,11.7,4.9,0.0,12,,244.2,2136.36
2023-01-28,S003,P005,Electronics,28,138,106.8,1,0,13.4,0.0,0.16,2,0.72,77.12,352.58
2023-01-29,S001,P001,Clothing,18,88,447.77,0,0,21.5,2.7,0.0,3,0.73,248.57,3585.6
2023-01-29,S001,P002,Food,13,87,486.51,0,0,21.7,0.0,0.0,12,0.77,295.41,2484.3
2023-01-29,S001,P003,Home,28,98,105.53,1,0,31.8,0.9,0.19,2,0.8,63.53,614.58
2023-01-29,S001,P004,Toys,23,71,330.36,0,0,14.5,0.0,0.0,13,0.91,178.42,3494.62
2023-01-29,S001,P005,Electronics,12,104,149.75,0,0,11.9,6.8,0.0,6,0.77,97.68,624.84
2023-01-29,S002,P001,Clothing,23,107,178.2,0,0,27.7,1.5,0.0,5,0.82,132.01,1062.37
2023-01-29,S002,P002,Food,26,80,426.97,0,1,15.4,4.1,0.0,2,0.95,229.86,5124.86
2023-01-29,S002,P003,Home,19,107,243.4,0,0,29.4,0.0,0.0,12,0.88,162.57,1535.77
2023-01-29,S002,P004,Toys,26,92,29.76,0,0,17.1,0.2,0.0,9,0.7,15.79,363.22
2023-01-29,S002,P005,Electronics,29,75,197.25,0,1,20.5,10.5,0.0,2,0.98,102.71,2741.66
2023-01-29,S003,P001,Clothing,19,111,378.2,0,0,18.9,3.1,0.0,6,0.79,293.69,1605.69
2023-01-29,S003,P002,Food,17,65,205.57,0,0,14.1,0.0,0.0,9,0.96,102.15,1758.14
2023-01-29,S003,P003,Home,23,83,98.52,0,0,14.1,9.1,0.0,12,0.77,76.75,500.71
2023-01-29,S003,P004,Toys,26,115,151.73,0,0,27.5,11.0,0.0,11,0.82,83.11,1784.12
2023-01-29,S003,P005,Electronics,22,112,257.27,0,0,18.9,0.1,0.0,13,0.96,103.66,3379.42
2023-01-30,S001,P001,Clothing,26,104,233.88,0,0,36.4,0.0,0.0,1,0.73,138.0,2492.88
2023-01-30,S001,P002,Food,19,108,24.9,0,0,,6.7,0.0,13,0.76,17.2,146.3
2023-01-30,S001,P003,Home,18,90,73.24,0,0,30.0,0.0,0.0,5,0.7,38.02,633.96
2023-01-30,S001,P004,Toys,23,125,233.8,0,0,12.3,0.0,0.0,1,0.71,124.31,2518.27
2023-01-30,S001,P005,Electronics,24,98,389.5,0,0,26.5,0.0,0.0,8,0.97,176.74,5106.24
2023-01-30,S002,P001,Clothing,20,104,222.09,0,0,31.0,0.0,0.0,6,0.99,136.41,1713.6
2023-01-30,S002,P002,Food,23,57,413.59,0,0,9.1,0.0,0.0,13,0.78,282.73,3009.78
2023-01-30,S002,P003,Home,21,93,165.06,0,0,18.4,4.2,0.0,2,0.83,71.77,1959.09
2023-01-30,S002,P004,Toys,19,145,349.53,0,0,20.2,11.9,0.0,6,0.74,242.32,2036.99
2023-01-30,S002,P005,Electronics,13,103,38.29,0,0,16.9,0.0,0.0,11,0.8,28.26,130.39
2023-01-30,S003,P001,Clothing,21,143,406.89,0,0,-1.0,2.8,0.0,7,0.96,201.54,4312.35
2023-01-30,S003,P002,Food,17,87,129.63,0,0,10.2,0.5,0.0,3,0.99,75.19,925.48
2023-01-30,S003,P003,Home,20,88,131.34,0,0,23.8,0.0,0.0,7,0.74,70.82,1210.4
2023-01-30,S003,P004,Toys,20,144,122.86,0,0,20.8,2.8,0.0,1,0.77,54.37,1369.8
2023-01-30,S003,P005,Electronics,34,86,343.83,1,0,23.5,2.7,0.22,12,0.91,236.0,1094.37
2023-01-31,S001,P001,Clothing,12,85,409.25,0,0,12.4,3.8,0.0,2,0.74,232.03,2126.64
2023-01-31,S001,P002,Food,18,114,151.97,0,0,11.9,0.0,0.0,4,0.96,75.3,1380.06
2023-01-31,S001,P003,Home,19,78,214.99,0,0,6.7,0.0,0.0,1,0.72,124.21,1724.82
2023-01-31,S001,P004,Toys,17,115,353.77,0,0,25.0,7.2,0.0,3,0.94,142.9,3584.79
2023-01-31,S001,P005,Electronics,28,136,492.11,1,0,31.4,,0.08,3,0.84,375.92,2150.99
2023-01-31,S002,P001,Clothing,10,145,173.55,0,0,2.0,3.6,0.0,7,0.79,109.64,639.1
2023-01-31,S002,P002,Food,28,118,465.53,1,0,2.0,4.4,0.16,6,0.94,209.42,5085.51
2023-01-31,S002,P003,Home,19,119,386.2,0,0,5.0,11.3,0.0,7,0.95,172.09,4068.09
2023-01-31,S002,P004,Toys,13,161,51.78,0,0,15.3,0.0,0.0,13,0.84,38.65,170.69
2023-01-31,S002,P005,Electronics,13,103,62.29,0,0,5.4,0.0,0.0,7,0.74,41.1,275.47
2023-01-31,S003,P001,Clothing,17,81,137.42,0,0,25.1,6.1,0.0,4,0.9,76.13,1041.93
2023-01-31,S003,P002,Food,26,87,499.12,0,0,10.4,3.4,0.0,3,0.9,214.61,7397.26
2023-01-31,S003,P003,Home,28,78,491.42,1,0,25.4,6.4,0.14,13,0.98,375.8,1310.99
2023-01-31,S003,P004,Toys,23,110,144.83,0,0,-5.0,7.2,0.0,12,0.72,80.99,1468.32
2023-01-31,S003,P005,Electronics,30,85,178.1,1,0,20.0,,0.08,7,0.76,118.75,1353.06
2023-02-01,S001,P001,Clothing,21,84,59.92,0,0,-0.2,0.0,0.0,10,0.93,45.81,296.31
2023-02-01,S001,P002,Food,14,96,366.45,0,0,18.7,4.8,0.0,5,0.8,274.05,1293.6
2023-02-01,S001,P003,Home,34,136,181.31,1,0,17.8,7.9,0.23,7,0.91,115.77,810.52
2023-02-01,S001,P004,Toys,20,119,149.06,0,0,13.1,,0.0,10,0.89,100.99,961.4
2023-02-01,S001,P005,Electronics,33,115,392.92,1,0,3.5,0.0,0.24,1,0.71,267.7,1020.33
2023-02-01,S002,P001,Clothing,10,113,477.43,0,0,25.5,0.0,0.0,3,0.77,231.06,2463.7
2023-02-01,S002,P002,Food,17,62,86.81,0,0,12.4,0.0,0.0,10,0.72,58.46,481.95
2023-02-01,S002,P003,Home,16,80,418.19,0,0,24.9,0.0,0.0,13,0.79,243.86,2789.28
2023-02-01,S002,P004,Toys,24,81,102.27,0,0,25.8,1.1,0.0,6,0.84,53.33,1174.56
2023-02-01,S002,P005,Electronics,24,94,369.48,1,0,,0.0,0.11,12,0.87,271.94,1365.53
2023-02-01,S003,P001,Clothing,27,87,417.87,0,0,7.6,5.7,0.0,12,0.85,332.9,2294.19
2023-02-01,S003,P002,Food,150,91,116.7,1,0,26.4,0.0,0.16,6,0.92,50.34,1430.64
2023-02-01,S003,P003,Home,22,113,23.78,0,0,10.0,0.0,0.0,10,0.73,13.08,235.4
2023-02-01,S003,P004,Toys,20,88,18.29,0,0,28.5,0.0,0.0,12,0.93,13.97,86.4
2023-02-01,S003,P005,Electronics,14,47,109.84,0,0,,4.4,0.0,2,0.72,55.39,762.3
2023-02-02,S001,P001,Clothing,19,84,37.75,0,0,32.3,1.9,0.0,9,0.93,16.92,395.77
2023-02-02,S001,P002,Food,26,93,255.02,0,0,25.5,2.5,0.0,12,0.88,115.05,3639.22
2023-02-02,S001,P003,Home,13,93,444.43,0,0,9.1,,0.0,2,0.8,250.83,2516.8
2023-02-02,S001,P004,Toys,22,82,94.65,0,0,24.9,5.1,0.0,8,0.91,61.41,731.28
2023-02-02,S001,P005,Electronics,23,92,473.29,0,0,26.3,,0.0,7,0.81,308.99,3778.9
2023-02-02,S002,P001,Clothing,34,112,97.16,1,0,25.9,9.5,0.19,1,0.74,52.53,889.77
2023-02-02,S002,P002,Food,18,113,152.59,1,0,27.9,9.3,0.2,6,0.99,114.07,144.04
2023-02-02,S002,P003,Home,22,95,271.2,0,0,14.8,0.0,0.0,5,0.79,176.99,2072.62
2023-02-02,S002,P004,Toys,25,128,34.89,0,0,16.8,1.6,0.0,2,0.99,20.49,360.0
2023-02-02,S002,P005,Electronics,21,122,95.64,0,0,28.6,5.5,0.0,13,0.85,63.05,684.39
2023-02-02,S003,P001,Clothing,45,95,22.09,0,0,24.0,7.1,0.0,1,0.99,12.43,86.94
2023-02-02,S003,P002,Food,18,105,177.37,0,1,26.5,0.5,0.0,9,0.71,94.96,1483.38
2023-02-02,S003,P003,Home,20,104,69.59,0,0,19.2,,0.0,11,0.73,45.46,482.6
2023-02-02,S003,P004,Toys,10,107,468.88,0,0,14.2,4.0,0.0,8,0.99,342.38,1265.0
2023-02-02,S003,P005,Electronics,23,102,144.04,0,0,3.0,,0.0,10,0.7,80.64,1458.2
2023-02-03,S001,P001,Clothing,30,100,275.59,1,0,14.5,10.0,0.22,1,0.86,160.9,1621.81
2023-02-03,S001,P002,Food,25,105,431.37,1,0,24.7,9.3,0.21,4,0.85,209.31,3286.81
2023-02-03,S001,P003,Home,19,101,232.93,0,0,11.0,0.0,0.0,7,0.99,163.37,1321.64
2023-02-03,S001,P004,Toys,27,94,459.6,0,0,24.4,2.6,0.0,9,0.93,324.4,3650.4
2023-02-03,S001,P005,Electronics,28,97,403.1,1,0,15.1,0.0,0.12,1,0.72,223.33,3679.14
2023-02-03,S002,P001,Clothing,24,88,103.92,0,0,44.8,6.3,0.0,1,0.95,61.29,1023.12
2023-02-03,S002,P002,Food,20,86,207.72,0,0,30.8,5.7,0.0,4,0.99,110.78,1938.8
2023-02-03,S002,P003,Home,17,120,388.85,0,0,5.7,0.7,0.0,11,0.81,172.07,3685.26
2023-02-03,S002,P004,Toys,24,81,136.53,0,0,7.9,5.3,0.0,1,0.98,67.91,1646.88
2023-02-03,S002,P005,Electronics,25,87,459.37,0,0,10.3,,0.0,1,0.86,290.95,4210.5
2023-02-03,S003,P001,Clothing,8,123,124.84,0,0,11.4,0.0,0.0,5,0.91,56.11,549.84
2023-02-03,S003,P002,Food,20,90,332.86,0,0,25.9,5.1,0.0,5,0.76,264.84,1360.4
2023-02-03,S003,P003,Home,20,119,441.28,0,0,12.4,9.0,0.0,2,0.73,210.93,4607.0
2023-02-03,S003,P004,Toys,29,87,439.21,0,0,43.4,0.8,0.0,8,0.76,313.27,3652.26
2023-02-03,S003,P005,Electronics,17,105,25.91,0,0,20.6,0.6,0.0,13,0.97,18.07,133.28
2023-02-04,S001,P001,Clothing,20,79,40.22,0,0,6.6,7.1,0.0,6,0.86,23.33,337.8
2023-02-04,S001,P002,Food,26,108,285.18,0,0,16.0,0.0,0.0,6,0.78,133.56,3942.12
2023-02-04,S001,P003,Home,18,99,55.33,0,0,20.5,6.9,0.0,2,0.94,24.37,557.28
2023-02-04,S001,P004,Toys,23,65,344.07,0,0,27.9,2.8,0.0,5,0.94,259.95,1934.76
2023-02-04,S001,P005,Electronics,19,102,356.54,0,0,11.0,3.5,0.0,10,0.99,169.77,3548.63
2023-02-04,S002,P001,Clothing,17,113,87.99,0,0,28.6,0.0,0.0,9,0.93,47.66,685.61
2023-02-04,S002,P002,Food,16,98,307.29,0,0,19.3,0.0,0.0,3,0.71,143.42,2621.92
2023-02-04,S002,P003,Home,16,46,459.62,0,0,17.5,11.7,0.0,2,0.72,307.6,2432.32
2023-02-04,S002,P004,Toys,20,127,433.14,0,0,32.0,8.2,0.0,6,0.76,232.33,4016.2
2023-02-04,S002,P005,Electronics,28,72,415.17,0,0,36.0,3.6,0.0,9,,259.51,4358.48
2023-02-04,S003,P001,Clothing,25,100,158.44,0,0,30.1,0.0,0.0,6,0.87,110.57,1196.75
2023-02-04,S003,P002,Food,18,97,256.92,0,0,18.3,10.8,0.0,1,0.92,104.16,2749.68
2023-02-04,S003,P003,Home,23,82,292.82,0,1,50.1,5.1,0.0,9,0.77,192.99,2296.09
2023-02-04,S003,P004,Toys,29,90,489.67,0,0,-4.0,9.3,0.0,3,,271.55,6325.48
2023-02-04,S003,P005,Electronics,37,88,328.98,1,0,20.6,3.4,0.12,7,0.93,240.09,1828.26
2023-02-04,S003,P005,Electronics,37,88,328.98,1,0,20.6,3.4,0.12,7,0.93,240.09,1828.26
2023-02-05,S001,P001,Clothing,22,86,228.92,0,0,20.2,0.0,0.0,2,0.87,132.54,2120.36
2023-02-05,S001,P002,Food,17,114,184.82,0,0,7.6,8.3,0.0,10,0.97,86.07,1678.75
2023-02-05,S001,P003,Home,27,86,304.26,0,1,25.4,12.9,0.0,5,0.95,186.21,3187.35
2023-02-05,S001,P004,Toys,23,116,219.13,0,0,18.2,0.0,0.0,13,0.91,144.51,1716.26
2023-02-05,S001,P005,Electronics,33,77,442.4,1,0,18.9,0.0,0.27,10,0.76,212.97,3629.41
2023-02-05,S002,P001,Clothing,25,111,110.56,0,0,22.7,3.9,0.0,4,0.72,52.61,1448.75
2023-02-05,S002,P002,Food,23,117,138.51,0,0,16.7,0.0,0.0,11,0.78,79.56,1355.85
2023-02-05,S002,P003,Home,28,80,250.5,0,0,24.8,1.4,0.0,4,0.71,107.77,3996.44
2023-02-05,S002,P004,Toys,20,85,301.69,0,0,28.5,2.4,0.0,8,,185.74,2319.0
2023-02-05,S002,P005,Electronics,39,84,311.56,0,1,,,0.0,11,0.98,175.19,5318.43
2023-02-05,S003,P001,Clothing,26,112,365.89,0,0,20.7,12.3,0.0,8,,178.51,4871.88
2023-02-05,S003,P002,Food,19,114,72.17,0,0,26.5,1.9,0.0,10,0.91,45.97,497.8
2023-02-05,S003,P003,Home,27,94,126.72,0,0,35.5,0.0,0.0,3,0.94,70.39,1520.91
2023-02-05,S003,P004,Toys,22,109,388.02,0,0,23.9,4.3,0.0,9,0.75,297.24,1997.16
2023-02-05,S003,P005,Electronics,23,91,120.58,0,0,27.3,7.2,0.0,8,0.8,58.45,1428.99
2023-02-06,S001,P001,Clothing,21,108,118.01,0,0,21.4,0.6,0.0,1,0.87,90.88,569.73
2023-02-06,S001,P002,Food,23,113,256.36,0,0,20.2,14.8,0.0,7,0.7,117.36,3197.0
2023-02-06,S001,P003,Home,14,124,148.78,0,0,36.7,0.0,0.0,7,0.7,111.97,515.34
2023-02-06,S001,P004,Toys,90,107,48.47,0,0,,1.0,0.0,9,0.9,36.47,216.0
2023-02-06,S001,P005,Electronics,17,78,457.17,0,0,32.6,0.0,0.0,3,0.82,342.66,1946.67
2023-02-06,S002,P001,Clothing,21,96,428.66,0,0,15.2,3.3,0.0,9,0.98,299.89,2704.17
2023-02-06,S002,P002,Food,13,103,114.02,0,0,13.7,4.9,0.0,2,0.92,69.33,580.97
2023-02-06,S002,P003,Home,20,81,107.84,0,0,15.8,0.9,0.0,12,0.99,59.15,973.8
2023-02-06,S002,P004,Toys,30,144,150.06,0,0,32.9,0.7,0.0,13,0.73,64.29,2573.1
2023-02-06,S002,P005,Electronics,19,110,230.4,0,0,11.1,0.5,0.0,10,0.76,161.87,1302.07
2023-02-06,S003,P001,Clothing,21,108,447.2,0,0,5.1,0.0,0.0,8,0.83,255.97,4015.83
2023-02-06,S003,P002,Food,15,83,179.89,0,0,36.7,8.0,0.0,1,0.89,125.67,813.3
2023-02-06,S003,P003,Home,26,111,437.92,0,0,25.2,14.0,0.0,11,0.96,182.46,6641.96
2023-02-06,S003,P004,Toys,14,58,161.59,0,1,16.3,5.0,0.0,12,0.9,109.5,729.26
2023-02-06,S003,P005,Electronics,17,86,403.57,0,0,31.2,0.0,0.0,9,0.82,252.13,2574.48
2023-02-07,S001,P001,Clothing,20,76,427.12,0,0,33.9,0.0,0.0,2,0.95,307.27,2397.0
2023-02-07,S001,P002,Food,24,94,429.94,0,0,12.4,,0.0,1,0.87,243.36,4477.92
2023-02-07,S001,P003,Home,15,99,395.43,0,0,32.3,1.2,0.0,13,0.98,160.91,3517.8
2023-02-07,S001,P004,Toys,26,67,11.88,0,0,21.8,0.0,0.0,6,0.86,5.88,156.0
2023-02-07,S001,P005,Electronics,21,98,297.8,0,0,13.0,0.0,0.0,5,0.79,139.87,3316.53
2023-02-07,S002,P001,Clothing,14,78,398.49,0,0,16.5,5.9,0.0,3,0.79,303.77,1326.08
2023-02-07,S002,P002,Food,25,28,371.03,1,0,24.3,5.1,0.14,10,0.93,215.7,2584.64
2023-02-07,S002,P003,Home,13,82,471.2,0,0,11.9,0.2,0.0,7,0.79,350.93,1563.51
2023-02-07,S002,P004,Toys,19,70,58.04,0,0,11.4,1.0,0.0,9,0.83,35.45,429.21
2023-02-07,S002,P005,Electronics,21,96,173.52,1,0,18.9,9.2,0.05,10,0.98,91.37,1542.95
2023-02-07,S003,P001,Clothing,27,90,387.41,1,0,38.5,5.8,0.18,10,0.97,270.83,1264.85
2023-02-07,S003,P002,Food,19,121,86.7,0,0,16.4,0.0,0.0,9,0.97,47.39,746.89
2023-02-07,S003,P003,Home,17,83,320.61,0,0,5.2,2.3,0.0,2,0.79,137.47,3113.38
2023-02-07,S003,P004,Toys,17,98,84.62,0,0,7.5,,0.0,10,0.78,42.78,711.28
2023-02-07,S003,P005,Electronics,14,76,385.94,0,0,6.6,0.0,0.0,13,0.85,186.16,2796.92
2023-02-08,S001,P001,Clothing,20,107,243.75,0,0,21.4,9.0,0.0,3,0.78,178.9,1297.0
2023-02-08,S001,P002,Food,16,89,35.65,0,0,29.8,,0.0,11,0.93,17.55,289.6
2023-02-08,S001,P003,Home,21,70,339.44,0,0,18.2,3.0,0.0,10,0.8,207.9,2762.34
2023-02-08,S001,P004,Toys,24,94,55.82,0,0,12.0,0.0,0.0,6,0.79,31.86,575.04
2023-02-08,S001,P005,Electronics,48,119,300.56,1,1,13.3,5.8,0.12,11,0.9,184.87,3821.89
2023-02-08,S002,P001,Clothing,17,108,354.29,0,0,19.2,2.7,0.0,1,0.96,277.19,1310.7
2023-02-08,S002,P002,Food,17,69,213.02,0,0,29.8,,0.0,8,0.71,94.78,2010.08
2023-02-08,S002,P003,Home,19,116,105.12,0,0,7.5,0.0,0.0,6,0.71,64.61,769.69
2023-02-08,S002,P004,Toys,40,91,473.98,1,0,38.0,6.3,0.28,11,0.82,235.23,4241.42
2023-02-08,S002,P005,Electronics,21,116,190.66,0,0,21.1,0.0,0.0,11,0.96,128.89,1297.17
2023-02-08,S003,P001,Clothing,21,78,128.26,0,0,33.2,3.1,0.0,9,0.79,55.33,1531.53
2023-02-08,S003,P002,Food,20,66,297.03,0,0,16.5,0.2,0.0,12,0.88,188.53,2170.0
2023-02-08,S003,P003,Home,21,89,257.83,1,0,26.4,5.1,0.22,3,0.85,104.99,2018.47
2023-02-08,S003,P004,Toys,22,113,250.32,0,0,28.8,2.2,0.0,8,0.84,112.12,3040.4
2023-02-08,S003,P005,Electronics,16,103,175.53,0,0,16.8,2.1,0.0,7,0.8,97.46,1249.12
2023-02-09,S001,P001,Clothing,12,118,384.9,0,0,30.2,0.0,0.0,4,0.93,220.59,1971.72
2023-02-09,S001,P002,Food,17,107,231.63,0,0,24.5,7.0,0.0,13,0.82,96.65,2294.66
2023-02-09,S001,P003,Home,24,100,362.96,0,0,40.7,6.5,0.0,10,0.91,278.5,2027.04
2023-02-09,S001,P004,Toys,24,74,65.5,0,0,12.1,2.8,0.0,2,0.78,46.45,457.2
2023-02-09,S001,P005,Electronics,22,107,235.83,0,0,19.2,5.1,0.0,13,,157.66,1719.74
2023-02-09,S002,P001,Clothing,30,120,331.54,1,0,28.4,,0.21,12,0.99,195.17,2002.4
2023-02-09,S002,P002,Food,21,92,446.21,0,0,7.0,,0.0,10,0.96,226.74,4608.87
2023-02-09,S002,P003,Home,17,89,254.79,0,0,,0.0,0.0,5,0.92,146.61,1839.06
2023-02-09,S002,P004,Toys,16,70,57.44,0,0,30.6,2.0,0.0,13,0.79,33.91,376.48
2023-02-09,S002,P005,Electronics,27,115,247.89,0,0,15.6,0.0,0.0,7,0.97,146.55,2736.18
2023-02-09,S003,P001,Clothing,26,127,138.89,0,0,28.0,5.9,0.0,1,0.98,68.03,1842.36
2023-02-09,S003,P002,Food,15,76,99.95,0,0,17.9,9.1,0.0,4,0.73,50.09,747.9
2023-02-09,S003,P003,Home,25,108,62.63,0,1,20.3,1.7,0.0,8,0.83,27.59,876.0
2023-02-09,S003,P004,Toys,25,84,14.56,0,1,16.6,0.0,0.0,8,0.93,8.4,154.0
2023-02-09,S003,P005,Electronics,20,86,21.0,0,0,39.0,1.8,0.0,4,0.96,13.44,151.2
2023-02-10,S001,P001,Clothing,19,111,458.03,0,0,13.7,2.4,0.0,13,0.8,231.82,4297.99
2023-02-10,S001,P002,Food,16,97,374.98,0,1,9.7,6.7,0.0,7,0.71,161.94,3408.64
2023-02-10,S001,P003,Home,21,101,45.15,0,0,,7.2,0.0,1,0.85,29.98,318.57
2023-02-10,S001,P004,Toys,14,72,88.75,0,0,25.4,9.0,0.0,4,0.81,70.23,259.28
2023-02-10,S001,P005,Electronics,15,84,338.29,0,0,-4.9,0.0,0.0,4,0.72,145.06,2898.45
2023-02-10,S002,P001,Clothing,23,156,494.78,0,0,28.7,0.0,0.0,11,0.92,205.69,6649.07
2023-02-10,S002,P002,Food,11,125,334.18,0,0,6.7,3.1,0.0,7,0.85,165.26,1858.12
2023-02-10,S002,P003,Home,18,102,261.16,0,0,20.4,3.5,0.0,4,0.75,132.44,2316.96
2023-02-10,S002,P004,Toys,16,77,492.61,0,0,29.9,7.2,0.0,2,0.84,212.02,4489.44
2023-02-10,S002,P005,Electronics,22,113,192.87,0,0,36.0,3.5,0.0,10,0.79,115.2,1708.74
2023-02-10,S003,P001,Clothing,20,105,138.88,0,0,31.5,7.7,0.0,2,0.8,64.64,1484.8
2023-02-10,S003,P002,Food,25,100,56.42,0,0,31.6,1.5,0.0,12,0.92,44.59,295.75
2023-02-10,S003,P003,Home,18,153,408.18,0,1,29.3,,0.0,11,0.9,184.27,4030.38
2023-02-10,S003,P004,Toys,25,92,485.63,0,0,21.4,0.0,0.0,2,0.96,228.39,6431.0
2023-02-10,S003,P005,Electronics,22,125,156.44,0,0,6.7,0.8,0.0,12,0.79,74.65,1799.38
2023-02-11,S001,P001,Clothing,17,88,335.23,0,0,46.0,0.0,0.0,1,0.71,223.37,1901.62
2023-02-11,S001,P002,Food,16,102,456.79,0,0,24.7,5.1,0.0,10,0.78,324.38,2118.56
2023-02-11,S001,P003,Home,17,90,305.96,0,0,19.1,0.0,0.0,1,0.97,229.02,1307.98
2023-02-11,S001,P004,Toys,19,50,190.46,0,0,31.9,,0.0,13,0.96,104.63,1630.77
2023-02-11,S001,P005,Electronics,45,104,78.68,1,1,23.1,0.0,0.06,2,0.83,48.6,1141.16
2023-02-11,S002,P001,Clothing,23,92,481.09,0,0,3.5,0.0,0.0,8,0.82,307.76,3986.59
2023-02-11,S002,P002,Food,23,78,258.11,0,0,24.9,5.6,0.0,5,0.85,203.55,1254.88
2023-02-11,S002,P003,Home,26,118,481.18,0,0,36.2,3.6,0.0,8,0.98,340.61,3654.82
2023-02-11,S002,P004,Toys,19,89,396.8,0,0,32.7,0.0,0.0,6,0.85,273.54,2341.94
2023-02-11,S002,P005,Electronics,16,102,421.82,0,0,3.3,0.0,0.0,10,0.99,287.06,2156.16
2023-02-11,S003,P001,Clothing,22,81,234.9,0,0,20.3,2.8,0.0,1,0.89,116.36,2607.88
2023-02-11,S003,P002,Food,24,100,230.3,0,0,26.0,6.0,0.0,12,0.8,109.5,2899.2
2023-02-11,S003,P003,Home,28,117,417.8,1,0,38.1,9.4,0.29,4,0.87,213.04,2340.74
2023-02-11,S003,P004,Toys,24,103,360.05,0,0,20.9,0.0,0.0,1,0.83,276.03,2016.48
2023-02-11,S003,P005,Electronics,19,102,472.56,0,0,37.5,2.6,0.0,10,0.78,198.07,5215.31
2023-02-12,S001,P001,Clothing,16,77,337.33,0,0,31.5,0.0,0.0,11,0.79,158.77,2856.96
2023-02-12,S001,P002,Food,37,105,445.22,1,0,,0.0,0.21,6,0.9,327.79,885.55
2023-02-12,S001,P003,Home,24,121,445.95,0,0,44.9,0.6,0.0,7,0.87,256.94,4536.24
2023-02-12,S001,P004,Toys,29,84,448.05,0,1,4.9,5.4,0.0,1,0.8,353.84,2732.09
2023-02-12,S001,P005,Electronics,37,144,299.99,1,0,28.2,6.1,0.25,7,0.92,128.66,3564.3
2023-02-12,S002,P001,Clothing,26,123,422.49,0,0,16.4,,0.0,8,0.86,219.53,5276.96
2023-02-12,S002,P002,Food,23,103,263.64,0,0,20.5,5.6,0.0,11,0.75,166.4,2236.52
2023-02-12,S002,P003,Home,20,104,314.2,0,0,17.3,0.0,0.0,4,0.78,216.04,1963.2
2023-02-12,S002,P004,Toys,23,92,358.52,0,1,29.8,5.2,0.0,9,0.71,157.75,4617.71
2023-02-12,S002,P005,Electronics,44,99,189.71,1,0,19.9,3.3,0.29,7,0.83,93.87,1796.26
2023-02-12,S003,P001,Clothing,29,88,467.5,0,0,22.3,0.0,0.0,12,0.75,288.43,5193.03
2023-02-12,S003,P002,Food,18,85,370.62,0,0,22.3,4.7,0.0,9,0.83,192.9,3198.96
2023-02-12,S003,P003,Home,23,113,409.52,0,0,22.4,2.4,0.0,13,0.9,309.49,2300.69
2023-02-12,S003,P004,Toys,25,136,316.1,0,0,21.2,2.2,0.0,5,0.8,162.16,3848.5
2023-02-12,S003,P005,Electronics,22,126,22.61,0,0,-8.3,7.8,0.0,12,,12.13,230.56
2023-02-13,S001,P001,Clothing,15,116,305.75,0,0,42.1,4.2,0.0,8,0.84,236.52,1038.45
2023-02-13,S001,P002,Food,25,136,338.56,0,0,20.4,0.0,0.0,2,0.83,178.54,4000.5
2023-02-13,S001,P003,Home,18,117,122.66,0,0,6.7,2.7,0.0,7,0.91,74.38,869.04
2023-02-13,S001,P004,Toys,19,141,282.8,0,0,-0.3,0.0,0.0,3,0.88,209.81,1386.81
2023-02-13,S001,P005,Electronics,19,97,349.01,0,0,23.6,0.0,0.0,3,0.96,193.08,2962.67
2023-02-13,S002,P001,Clothing,20,61,26.33,0,0,26.7,0.0,0.0,8,0.74,20.15,123.6
2023-02-13,S002,P002,Food,27,78,106.38,1,0,34.7,0.0,0.21,8,0.93,44.91,1056.52
2023-02-13,S002,P003,Home,16,130,377.09,0,0,19.6,0.5,0.0,10,0.86,200.43,2826.56
2023-02-13,S002,P004,Toys,19,81,445.03,0,0,14.8,0.0,0.0,9,0.78,196.64,4719.41
2023-02-13,S002,P005,Electronics,19,121,46.85,0,0,,3.2,0.0,7,0.94,32.0,282.15
2023-02-13,S003,P001,Clothing,26,50,31.63,0,0,13.2,1.1,0.0,3,0.83,25.2,167.18
2023-02-13,S003,P002,Food,13,77,343.07,0,0,41.8,0.0,0.0,3,0.96,220.8,1589.51
2023-02-13,S003,P003,Home,18,128,433.11,0,0,8.7,4.5,0.0,7,0.73,307.08,2268.54
2023-02-13,S003,P004,Toys,36,79,182.18,1,0,8.3,5.0,0.19,10,0.88,145.61,70.41
2023-02-13,S003,P005,Electronics,17,105,38.0,0,0,15.2,0.6,0.0,4,0.97,28.79,156.57
2023-02-14,S001,P001,Clothing,27,94,72.97,0,0,18.0,0.3,0.0,13,0.91,29.95,1161.54
2023-02-14,S001,P002,Food,24,93,108.17,0,0,19.5,9.2,0.0,6,,52.4,1338.48
2023-02-14,S001,P003,Home,22,120,77.12,0,0,25.3,2.3,0.0,9,0.92,52.04,551.76
2023-02-14,S001,P004,Toys,16,86,346.77,0,0,9.6,8.5,0.0,11,0.72,151.99,3116.48
2023-02-14,S001,P005,Electronics,24,82,339.7,0,0,3.9,0.0,0.0,7,0.95,250.43,2142.48
2023-02-14,S002,P001,Clothing,20,112,402.66,0,0,26.7,0.0,0.0,12,0.89,227.18,3509.6
2023-02-14,S002,P002,Food,25,91,130.36,1,0,16.0,6.6,0.12,5,0.91,57.84,1421.92
2023-02-14,S002,P003,Home,19,112,25.28,0,0,38.1,6.9,0.0,4,0.89,18.91,121.03
2023-02-14,S002,P004,Toys,15,113,170.61,0,0,26.3,1.3,0.0,4,0.87,126.94,655.05
2023-02-14,S002,P005,Electronics,21,113,223.44,0,0,14.5,0.0,0.0,10,0.85,126.45,2036.79
2023-02-14,S003,P001,Clothing,30,96,163.75,0,0,31.2,8.4,0.0,13,0.99,74.79,2668.8
2023-02-14,S003,P002,Food,18,71,270.83,0,0,31.0,12.3,0.0,4,0.97,206.41,1159.56
2023-02-14,S003,P003,Home,24,58,481.53,0,0,12.4,3.9,0.0,2,0.92,275.03,4956.0
2023-02-14,S003,P004,Toys,22,105,128.67,0,0,17.9,,0.0,13,0.78,60.31,1503.92
2023-02-14,S003,P005,Electronics,24,118,421.06,0,0,9.3,15.2,0.0,13,0.86,173.87,5932.56
2023-02-15,S001,P001,Clothing,28,97,151.06,0,0,4.6,4.5,0.0,9,0.77,67.69,2334.36
2023-02-15,S001,P002,Food,26,114,339.38,0,0,20.0,11.4,0.0,3,0.74,162.46,4599.92
2023-02-15,S001,P003,Home,19,93,216.11,0,0,38.1,2.7,0.0,4,0.9,128.02,1673.71
2023-02-15,S001,P004,Toys,20,75,107.46,0,0,16.0,5.6,0.0,12,0.74,53.31,1083.0
2023-02-15,S001,P005,Electronics,23,129,350.65,0,0,7.9,4.4,0.0,6,0.7,157.13,4450.96
2023-02-15,S002,P001,Clothing,19,84,466.14,0,0,26.3,1.5,0.0,10,0.87,207.14,4921.0
2023-02-15,S002,P002,Food,21,115,163.55,0,0,33.7,0.6,0.0,11,0.93,84.73,1655.22
2023-02-15,S002,P003,Home,19,123,217.46,0,0,12.8,0.4,0.0,2,0.82,87.38,2471.52
2023-02-15,S002,P004,Toys,21,94,173.15,0,0,7.3,7.3,0.0,8,0.85,115.62,1208.13
2023-02-15,S002,P005,Electronics,24,77,243.25,0,1,36.5,9.6,0.0,13,0.86,185.02,1397.52
2023-02-15,S003,P001,Clothing,25,65,373.68,0,0,19.8,6.5,0.0,10,0.9,225.66,3700.5
2023-02-15,S003,P002,Food,16,138,449.79,0,0,20.5,0.0,0.0,6,0.76,260.37,3030.72
2023-02-15,S003,P003,Home,20,46,29.76,0,0,-8.9,3.4,0.0,13,0.96,14.3,309.2
2023-02-15,S003,P004,Toys,31,112,473.43,1,0,14.7,0.0,0.09,8,0.97,365.46,2026.2
2023-02-15,S003,P005,Electronics,24,126,433.47,0,0,9.2,,0.0,8,0.75,253.94,4308.72
2023-02-16,S001,P001,Clothing,25,112,174.32,0,0,25.2,1.6,0.0,3,0.78,112.12,1555.0
2023-02-16,S001,P002,Food,19,89,270.12,0,0,25.0,0.2,0.0,2,0.9,113.63,2973.31
2023-02-16,S001,P003,Home,30,79,484.25,1,0,29.0,9.9,0.17,8,0.87,360.86,1232.02
2023-02-16,S001,P004,Toys,18,113,217.49,0,0,10.4,0.0,0.0,3,0.99,131.79,1542.6
2023-02-16,S001,P005,Electronics,18,89,385.69,0,0,21.2,0.0,0.0,6,0.98,303.86,1472.94
2023-02-16,S002,P001,Clothing,18,103,295.83,0,0,31.6,0.0,0.0,12,0.99,182.04,2048.22
2023-02-16,S002,P002,Food,19,118,444.98,0,0,14.9,0.0,0.0,13,0.79,234.63,3996.65
2023-02-16,S002,P003,Home,33,99,73.86,1,0,9.3,0.0,0.27,11,0.76,35.43,610.1
2023-02-16,S002,P004,Toys,14,85,330.47,0,0,31.1,3.0,0.0,3,0.83,187.21,2005.64
2023-02-16,S002,P005,Electronics,17,105,473.04,0,0,,1.4,0.0,11,0.99,216.01,4369.51
2023-02-16,S003,P001,Clothing,22,89,59.53,0,0,22.6,4.4,0.0,13,0.7,31.17,623.92
2023-02-16,S003,P002,Food,20,103,131.49,0,0,24.3,0.7,0.0,12,0.73,101.39,602.0
2023-02-16,S003,P003,Home,19,142,401.63,0,0,10.3,0.0,0.0,10,0.9,305.02,1835.59
2023-02-16,S003,P004,Toys,26,120,348.52,0,0,30.6,1.4,0.0,12,0.78,249.12,2584.4
2023-02-16,S003,P005,Electronics,15,91,478.4,0,0,,0.0,0.0,9,0.86,368.04,1655.4
2023-02-17,S001,P001,Clothing,22,63,201.92,1,0,20.3,9.6,0.15,4,0.99,131.0,893.9
2023-02-17,S001,P002,Food,18,108,369.71,0,0,22.8,7.3,0.0,13,0.73,245.74,2231.46
2023-02-17,S001,P003,Home,20,82,458.15,0,0,23.8,10.4,0.0,10,0.85,199.94,5164.2
2023-02-17,S001,P004,Toys,17,74,164.14,0,0,15.3,,0.0,12,0.78,78.92,1448.74
2023-02-17,S001,P005,Electronics,24,98,386.53,0,0,29.9,7.4,0.0,3,0.95,291.45,2281.92
2023-02-17,S002,P001,Clothing,18,80,14.67,0,0,37.1,14.4,0.0,10,,8.23,115.92
2023-02-17,S002,P002,Food,26,73,85.8,0,0,38.1,5.6,0.0,5,0.83,49.82,935.48
2023-02-17,S002,P003,Home,110,105,290.1,0,0,20.7,10.1,0.0,3,0.95,220.81,1524.38
2023-02-17,S002,P004,Toys,22,77,20.0,0,0,31.4,6.9,0.0,1,0.86,12.84,157.52
2023-02-17,S002,P005,Electronics,18,125,489.44,0,0,30.1,2.1,0.0,9,0.86,354.36,2431.44
2023-02-17,S003,P001,Clothing,19,88,230.08,0,0,-2.5,0.0,0.0,2,0.81,132.54,1853.26
2023-02-17,S003,P002,Food,19,159,229.97,0,0,18.3,7.0,0.0,10,0.7,141.4,1682.83
2023-02-17,S003,P003,Home,14,116,94.13,1,1,18.9,16.8,0.11,10,0.88,62.27,301.08
2023-02-17,S003,P004,Toys,19,117,82.72,0,0,36.0,0.0,0.0,1,0.83,46.28,692.36
2023-02-17,S003,P005,Electronics,25,102,332.56,0,1,4.1,4.2,0.0,3,0.84,168.12,4111.0
2023-02-18,S001,P001,Clothing,28,111,181.43,0,0,,3.2,0.0,12,0.79,118.11,1772.96
2023-02-18,S001,P002,Food,28,105,335.42,0,0,7.8,11.7,0.0,1,0.9,191.4,4032.56
2023-02-18,S001,P003,Home,17,77,353.37,0,0,,,0.0,10,0.78,244.06,1858.27
2023-02-18,S001,P004,Toys,20,130,232.54,0,0,,10.5,0.0,2,0.92,128.91,2072.6
2023-02-18,S001,P005,Electronics,25,111,25.08,0,0,21.8,3.9,0.0,6,0.96,16.23,221.25
2023-02-18,S002,P001,Clothing,16,101,122.94,0,0,24.9,6.7,0.0,1,0.71,65.28,922.56
2023-02-18,S002,P002,Food,22,84,137.9,0,0,14.5,1.9,0.0,8,0.93,84.84,1167.32
2023-02-18,S002,P003,Home,16,56,182.11,0,0,16.8,0.0,0.0,10,0.97,131.99,801.92
2023-02-18,S002,P004,Toys,22,131,38.32,0,0,9.7,0.6,0.0,8,0.8,17.48,458.48
2023-02-18,S002,P005,Electronics,16,69,81.99,0,0,18.6,2.6,0.0,7,0.82,50.9,497.44
2023-02-18,S002,P005,Electronics,16,69,81.99,0,0,18.6,2.6,0.0,7,0.82,50.9,497.44
2023-02-18,S003,P001,Clothing,23,92,424.41,0,0,2.1,7.4,0.0,11,,228.55,4504.78
2023-02-18,S003,P002,Food,28,121,271.78,1,0,27.0,0.0,0.21,5,0.71,200.24,405.05
2023-02-18,S003,P003,Home,20,98,291.01,0,0,22.0,4.7,0.0,7,0.74,215.77,1504.8
2023-02-18,S003,P004,Toys,20,104,460.93,0,0,28.3,0.0,0.0,10,0.96,265.64,3905.8
2023-02-18,S003,P005,Electronics,19,107,311.66,0,0,39.4,6.3,0.0,5,0.98,126.25,3522.79
2023-02-19,S001,P001,Clothing,30,91,284.48,0,0,11.6,4.0,0.0,1,0.8,131.3,4595.4
2023-02-19,S001,P002,Food,18,99,407.11,0,0,13.7,0.5,0.0,7,0.88,275.16,2375.1
2023-02-19,S001,P003,Home,19,90,256.39,0,0,24.0,0.0,0.0,2,0.88,107.88,2821.69
2023-02-19,S001,P004,Toys,17,144,317.12,0,0,24.4,3.6,0.0,12,0.83,207.78,1858.78
2023-02-19,S001,P005,Electronics,27,106,289.72,0,1,,0.3,0.0,6,0.95,176.97,3044.25
2023-02-19,S002,P001,Clothing,19,119,184.88,0,0,18.3,0.9,0.0,13,0.96,81.96,1955.48
2023-02-19,S002,P002,Food,19,88,392.95,0,0,14.1,6.0,0.0,10,0.87,303.48,1699.93
2023-02-19,S002,P003,Home,33,102,114.99,0,0,34.0,8.3,0.0,6,0.83,61.68,1759.23
2023-02-19,S002,P004,Toys,25,89,279.25,0,0,34.0,0.0,0.0,13,0.89,187.48,2294.25
2023-02-19,S002,P005,Electronics,25,69,173.08,0,0,17.4,,0.0,3,0.9,121.49,1289.75
2023-02-19,S003,P001,Clothing,23,124,283.78,0,0,25.3,0.0,0.0,2,0.86,184.45,2284.59
2023-02-19,S003,P002,Food,22,82,365.21,0,0,26.8,0.0,0.0,9,0.9,209.78,3419.46
2023-02-19,S003,P003,Home,24,115,458.08,0,0,5.9,0.0,0.0,12,0.85,199.74,6200.16
2023-02-19,S003,P004,Toys,25,96,159.73,0,0,1.3,0.0,0.0,13,0.82,96.96,1569.25
2023-02-19,S003,P005,Electronics,20,78,292.79,0,0,32.5,0.9,0.0,9,0.71,199.38,1868.2
2023-02-20,S001,P001,Clothing,9,111,204.64,0,0,21.9,8.5,0.0,2,0.98,128.62,684.18
2023-02-20,S001,P002,Food,23,115,358.45,0,0,21.0,5.0,0.0,6,0.78,185.77,3971.64
2023-02-20,S001,P003,Home,20,116,257.46,0,0,15.3,9.7,0.0,7,0.71,106.12,3026.8
2023-02-20,S001,P004,Toys,23,131,467.39,0,0,27.0,,0.0,6,0.99,318.85,3416.42
2023-02-20,S001,P005,Electronics,39,123,120.68,1,0,21.2,11.5,0.17,12,0.75,77.82,871.43
2023-02-20,S002,P001,Clothing,20,127,71.12,0,0,1.1,0.5,0.0,2,0.86,33.81,746.2
2023-02-20,S002,P002,Food,26,114,274.61,0,0,21.6,2.2,0.0,1,0.97,160.49,2967.12
2023-02-20,S002,P003,Home,23,67,362.4,0,0,23.0,3.2,0.0,10,0.93,229.76,3050.72
2023-02-20,S002,P004,Toys,20,64,280.59,0,0,6.2,10.5,0.0,9,0.72,186.42,1883.4
2023-02-20,S002,P005,Electronics,17,122,418.73,0,0,9.1,4.4,0.0,5,0.8,298.89,2037.28
2023-02-20,S003,P001,Clothing,20,57,127.63,0,0,8.8,0.0,0.0,13,0.79,79.48,963.0
2023-02-20,S003,P002,Food,43,86,142.75,1,1,24.9,,0.12,3,0.83,105.94,846.24
2023-02-20,S003,P003,Home,13,101,209.86,0,0,29.7,6.7,0.0,1,0.82,93.51,1512.55
2023-02-20,S003,P004,Toys,18,93,439.65,0,0,22.2,0.0,0.0,10,0.98,198.03,4349.16
2023-02-20,S003,P005,Electronics,30,103,41.52,0,1,28.7,2.4,0.0,1,0.79,23.29,546.9
2023-02-21,S001,P001,Clothing,14,93,413.14,0,0,11.7,0.0,0.0,4,0.98,239.85,2426.06
2023-02-21,S001,P002,Food,27,121,232.51,1,0,39.7,1.8,0.08,5,0.77,161.31,1420.18
2023-02-21,S001,P003,Home,16,123,229.51,0,0,30.5,0.3,0.0,10,0.77,109.14,1925.92
2023-02-21,S001,P004,Toys,110,99,92.84,0,0,39.8,2.4,0.0,5,0.99,65.91,592.46
2023-02-21,S001,P005,Electronics,20,117,165.9,0,0,19.1,0.0,0.0,9,0.98,80.93,1699.4
2023-02-21,S002,P001,Clothing,21,122,422.05,0,0,32.2,4.6,0.0,6,0.94,277.49,3035.76
2023-02-21,S002,P002,Food,23,124,472.28,0,0,34.6,2.1,0.0,10,0.85,207.52,6089.48
2023-02-21,S002,P003,Home,27,129,441.53,0,0,24.5,10.8,0.0,8,0.89,246.77,5258.52
2023-02-21,S002,P004,Toys,29,94,365.44,0,0,19.6,0.0,0.0,7,,176.82,5469.98
2023-02-21,S002,P005,Electronics,18,106,453.26,0,0,8.7,2.5,0.0,6,,243.07,3783.42
2023-02-21,S003,P001,Clothing,22,107,340.26,0,0,7.9,4.9,0.0,11,0.8,209.81,2869.9
2023-02-21,S003,P002,Food,25,125,439.45,0,0,16.8,3.6,0.0,6,0.91,211.23,5705.5
2023-02-21,S003,P003,Home,19,72,34.52,0,0,20.8,5.1,0.0,10,0.72,14.77,375.25
2023-02-21,S003,P004,Toys,17,113,438.08,0,0,29.8,0.8,0.0,1,0.88,188.47,4243.37
2023-02-21,S003,P005,Electronics,21,95,33.05,0,0,2.8,0.0,0.0,9,0.92,24.84,172.41
2023-02-22,S001,P001,Clothing,27,64,195.24,0,1,15.7,1.9,0.0,10,0.7,78.73,3145.77
2023-02-22,S001,P002,Food,10,89,57.04,0,0,25.4,3.3,0.0,7,0.84,29.59,274.5
2023-02-22,S001,P003,Home,21,111,44.73,0,0,28.1,2.2,0.0,5,1.0,28.59,338.94
2023-02-22,S001,P004,Toys,17,112,315.58,0,0,18.8,0.9,0.0,4,0.77,196.76,2019.94
2023-02-22,S001,P005,Electronics,20,76,10.44,0,0,13.8,0.0,0.0,4,0.97,7.16,65.6
2023-02-22,S002,P001,Clothing,33,118,148.68,1,0,8.5,0.0,0.22,4,0.85,85.52,1004.86
2023-02-22,S002,P002,Food,19,95,408.46,0,0,-2.5,3.0,0.0,6,0.88,319.36,1692.9
2023-02-22,S002,P003,Home,15,124,326.3,0,0,23.0,7.5,0.0,3,0.73,182.25,2160.75
2023-02-22,S002,P004,Toys,23,105,50.35,0,0,6.0,6.7,0.0,1,0.85,20.19,693.68
2023-02-22,S002,P005,Electronics,28,133,219.57,0,0,32.2,4.0,0.0,6,,171.79,1337.84
2023-02-22,S003,P001,Clothing,37,114,22.46,1,0,15.7,0.0,0.29,2,0.86,9.34,244.44
2023-02-22,S003,P002,Food,19,104,203.79,0,0,7.2,0.0,0.0,12,0.75,107.79,1824.0
2023-02-22,S003,P003,Home,22,86,185.17,0,0,12.8,,0.0,12,0.84,128.1,1255.54
2023-02-22,S003,P004,Toys,37,126,173.73,1,0,,9.0,0.17,10,0.91,76.95,2488.1
2023-02-22,S003,P005,Electronics,18,99,297.54,0,0,-2.6,5.2,0.0,11,0.79,218.13,1429.38
2023-02-23,S001,P001,Clothing,15,81,437.18,0,0,,8.7,0.0,3,0.77,202.13,3525.75
2023-02-23,S001,P002,Food,18,78,144.39,0,0,16.4,0.0,0.0,2,0.82,89.38,990.18
2023-02-23,S001,P003,Home,15,71,138.83,0,0,,0.0,0.0,13,0.81,76.38,936.75
2023-02-23,S001,P004,Toys,19,79,415.64,0,0,19.0,7.7,0.0,10,,170.01,4666.97
2023-02-23,S001,P005,Electronics,18,128,103.32,0,0,30.2,0.0,0.0,6,0.77,59.6,786.96
2023-02-23,S002,P001,Clothing,17,103,497.32,0,0,25.1,0.7,0.0,8,0.71,389.22,1837.7
2023-02-23,S002,P002,Food,24,78,246.96,0,0,27.5,9.5,0.0,7,0.8,148.28,2368.32
2023-02-23,S002,P003,Home,18,86,270.66,0,0,24.8,3.1,0.0,4,0.78,163.62,1926.72
2023-02-23,S002,P004,Toys,28,114,29.23,1,0,4.7,6.8,0.1,13,0.89,15.26,309.32
2023-02-23,S002,P005,Electronics,90,52,217.88,0,0,13.2,14.6,0.0,3,0.7,124.19,1686.42
2023-02-23,S003,P001,Clothing,27,112,144.65,0,0,9.8,0.0,0.0,3,0.86,64.19,2172.42
2023-02-23,S003,P002,Food,15,58,406.43,0,0,14.3,7.6,0.0,13,0.74,289.5,1753.95
2023-02-23,S003,P003,Home,23,99,116.77,0,0,13.2,0.1,0.0,9,0.92,76.96,915.63
2023-02-23,S003,P004,Toys,15,108,387.34,0,0,15.0,4.7,0.0,12,0.79,226.57,2411.55
2023-02-23,S003,P005,Electronics,24,132,420.97,0,0,14.0,0.0,0.0,12,0.96,240.55,4330.08
2023-02-24,S001,P001,Clothing,13,85,345.17,0,0,18.0,4.7,0.0,12,0.77,174.71,2215.98
2023-02-24,S001,P002,Food,18,117,49.03,0,0,27.0,8.3,0.0,6,0.93,20.98,504.9
2023-02-24,S001,P003,Home,20,81,140.87,0,0,25.6,0.0,0.0,5,0.82,83.22,1153.0
2023-02-24,S001,P004,Toys,16,100,350.86,0,0,17.9,0.0,0.0,2,0.71,271.97,1262.24
2023-02-24,S001,P005,Electronics,16,99,249.17,0,0,11.6,0.0,0.0,9,0.87,170.63,1256.64
2023-02-24,S002,P001,Clothing,25,101,396.94,0,0,24.7,0.0,0.0,11,0.79,276.08,3021.5
2023-02-24,S002,P002,Food,25,116,440.12,0,1,28.6,0.0,0.0,5,1.0,310.7,3235.5
2023-02-24,S002,P003,Home,17,112,68.24,0,0,10.4,6.1,0.0,12,0.94,27.7,689.18
2023-02-24,S002,P004,Toys,34,58,409.45,1,0,20.6,6.6,0.06,7,0.75,177.66,7045.58
2023-02-24,S002,P005,Electronics,27,93,426.03,0,0,17.9,0.0,0.0,12,,259.3,4501.71
2023-02-24,S003,P001,Clothing,24,125,358.97,0,0,-6.9,1.4,0.0,6,0.81,226.84,3171.12
2023-02-24,S003,P002,Food,17,110,468.71,0,0,22.9,0.0,0.0,8,0.94,197.78,4605.81
2023-02-24,S003,P003,Home,9,79,362.26,0,0,29.4,4.5,0.0,5,0.98,250.63,1004.67
2023-02-24,S003,P004,Toys,24,122,178.33,0,0,16.3,0.0,0.0,10,0.98,140.06,918.48
2023-02-24,S003,P005,Electronics,25,82,70.03,0,1,26.6,0.0,0.0,12,0.89,33.95,902.0
2023-02-25,S001,P001,Clothing,26,110,346.57,0,0,20.7,1.4,0.0,7,0.95,246.26,2608.06
2023-02-25,S001,P002,Food,29,114,341.78,0,0,9.3,0.9,0.0,3,0.82,163.91,5158.23
2023-02-25,S001,P003,Home,17,123,133.14,0,0,21.2,5.8,0.0,1,,62.11,1207.51
2023-02-25,S001,P004,Toys,18,124,430.17,0,0,8.0,3.9,0.0,7,,172.1,4645.26
2023-02-25,S001,P005,Electronics,23,105,423.05,0,0,22.5,,0.0,6,0.97,248.77,4008.44
2023-02-25,S002,P001,Clothing,22,73,436.5,0,0,0.6,0.0,0.0,7,0.92,272.07,3617.46
2023-02-25,S002,P002,Food,19,96,98.15,0,0,15.1,4.1,0.0,9,0.97,75.16,436.81
2023-02-25,S002,P003,Home,18,106,367.23,0,0,16.3,0.8,0.0,6,0.78,283.18,1512.9
2023-02-25,S002,P004,Toys,28,85,257.27,0,0,27.7,7.3,0.0,1,0.74,203.3,1511.16
2023-02-25,S002,P005,Electronics,29,55,120.2,0,0,18.3,,0.0,13,0.76,74.92,1313.12
2023-02-25,S003,P001,Clothing,25,81,412.39,0,0,,3.3,0.0,6,,315.85,2413.5
2023-02-25,S003,P002,Food,22,68,374.03,0,0,11.6,0.2,0.0,2,0.88,284.24,1975.38
2023-02-25,S003,P003,Home,39,132,282.91,1,0,25.1,0.0,0.2,8,0.79,187.38,1518.97
2023-02-25,S003,P004,Toys,18,146,180.53,0,0,4.3,0.0,0.0,8,0.99,107.37,1316.88
2023-02-25,S003,P005,Electronics,16,102,175.5,0,0,27.1,0.0,0.0,3,0.79,119.55,895.2
2023-02-26,S001,P001,Clothing,34,82,21.88,0,0,23.1,2.9,0.0,2,0.77,14.22,260.44
2023-02-26,S001,P002,Food,41,138,315.73,1,1,39.5,6.3,0.08,6,,184.43,4347.71
2023-02-26,S001,P003,Home,16,31,435.21,0,0,19.3,8.1,0.0,12,0.83,238.52,3147.04
2023-02-26,S001,P004,Toys,22,119,122.27,0,0,1.6,12.6,0.0,11,0.71,60.24,1364.66
2023-02-26,S001,P005,Electronics,17,121,340.47,0,0,16.0,1.8,0.0,2,0.91,191.29,2536.06
2023-02-26,S002,P001,Clothing,28,105,239.97,0,0,17.7,,0.0,3,0.95,138.19,2849.84
2023-02-26,S002,P002,Food,30,85,438.6,0,0,17.4,3.9,0.0,3,0.91,205.36,6997.2
2023-02-26,S002,P003,Home,22,116,302.99,0,0,26.3,8.6,0.0,1,0.8,146.87,3434.64
2023-02-26,S002,P004,Toys,22,123,68.14,0,0,5.0,7.0,0.0,8,0.96,42.8,557.48
2023-02-26,S002,P005,Electronics,19,135,435.3,0,0,29.3,0.0,0.0,8,0.96,283.98,2875.08
2023-02-26,S003,P001,Clothing,18,97,242.14,0,0,29.7,0.0,0.0,4,0.92,174.3,1221.12
2023-02-26,S003,P002,Food,46,109,259.87,1,0,5.2,1.0,0.26,2,,117.44,3443.73
2023-02-26,S003,P003,Home,24,99,15.76,0,0,22.5,0.0,0.0,9,0.72,10.01,138.0
2023-02-26,S003,P004,Toys,130,136,186.56,0,0,14.2,1.9,0.0,10,0.81,135.3,1332.76
2023-02-26,S003,P005,Electronics,24,95,463.51,0,0,11.1,1.2,0.0,13,0.87,339.09,2986.08
2023-02-27,S001,P001,Clothing,23,87,183.47,0,0,20.1,0.0,0.0,3,0.81,133.63,1146.32
2023-02-27,S001,P001,Clothing,23,87,183.47,0,0,20.1,0.0,0.0,3,0.81,133.63,1146.32
2023-02-27,S001,P002,Food,27,97,48.04,1,1,9.7,11.1,0.05,8,0.77,32.93,343.12
2023-02-27,S001,P003,Home,19,85,355.74,0,0,26.7,0.0,0.0,4,0.96,169.45,3539.51
2023-02-27,S001,P004,Toys,16,118,358.91,0,0,24.7,0.0,0.0,6,0.92,226.83,2113.28
2023-02-27,S001,P005,Electronics,20,109,484.57,0,0,16.1,0.4,0.0,4,0.73,282.11,4049.2
2023-02-27,S002,P001,Clothing,26,123,412.34,0,0,,0.8,0.0,4,0.88,236.77,4564.82
2023-02-27,S002,P002,Food,20,99,307.1,0,0,15.6,2.5,0.0,13,0.77,167.68,2788.4
2023-02-27,S002,P003,Home,14,69,399.78,0,0,0.7,0.0,0.0,7,0.86,167.85,3247.02
2023-02-27,S002,P004,Toys,20,101,326.74,0,0,24.2,13.0,0.0,1,0.99,201.97,2495.4
2023-02-27,S002,P005,Electronics,9,103,308.26,0,0,22.7,8.4,0.0,13,0.77,172.55,1221.39
2023-02-27,S003,P001,Clothing,21,84,151.45,0,0,30.8,1.2,0.0,6,0.84,117.4,715.05
2023-02-27,S003,P002,Food,18,124,375.41,0,0,26.5,4.3,0.0,11,0.85,180.99,3499.56
2023-02-27,S003,P003,Home,19,80,233.41,0,0,28.5,6.6,0.0,9,0.71,125.52,2049.91
2023-02-27,S003,P004,Toys,17,76,10.5,0,0,7.9,0.0,0.0,13,0.84,6.72,64.26
2023-02-27,S003,P005,Electronics,25,79,20.04,0,0,22.9,12.0,0.0,3,0.84,8.15,297.25
2023-02-28,S001,P001,Clothing,16,103,456.07,0,0,29.0,6.3,0.0,8,0.7,242.03,3424.64
2023-02-28,S001,P002,Food,15,79,469.19,0,0,12.5,,0.0,13,0.84,305.47,2455.8
2023-02-28,S001,P003,Home,33,115,304.68,1,0,26.2,3.8,0.18,1,0.8,218.12,1046.68
2023-02-28,S001,P004,Toys,23,106,226.82,0,0,13.9,10.3,0.0,6,1.0,149.42,1780.2
2023-02-28,S001,P005,Electronics,26,122,53.91,0,0,37.5,0.0,0.0,2,0.72,24.29,770.12
2023-02-28,S002,P001,Clothing,31,98,302.46,1,0,22.3,0.0,0.19,4,0.79,172.75,2239.52
2023-02-28,S002,P002,Food,21,106,167.14,0,0,14.8,0.0,0.0,4,0.85,110.9,1181.04
2023-02-28,S002,P003,Home,25,95,61.36,0,0,11.3,1.2,0.0,6,0.88,45.61,393.75
2023-02-28,S002,P004,Toys,20,60,318.7,0,0,21.5,1.1,0.0,1,0.8,235.25,1669.0
2023-02-28,S002,P005,Electronics,20,123,120.23,0,0,23.3,10.7,0.0,6,0.86,90.31,598.4
2023-02-28,S003,P001,Clothing,27,111,308.69,0,0,26.2,0.0,0.0,6,0.92,134.72,4697.19
2023-02-28,S003,P002,Food,20,67,435.69,0,0,8.4,0.0,0.0,4,,267.78,3358.2
2023-02-28,S003,P003,Home,22,95,467.24,0,1,16.2,2.3,0.0,12,0.86,279.89,4121.7
2023-02-28,S003,P004,Toys,19,97,281.99,0,0,21.0,4.0,0.0,9,0.93,196.54,1623.55
2023-02-28,S003,P005,Electronics,23,106,92.27,0,0,1.6,3.3,0.0,11,0.98,52.39,917.24
2023-03-01,S001,P001,Clothing,20,114,415.21,0,0,19.7,1.4,0.0,10,0.95,306.33,2177.6
2023-03-01,S001,P002,Food,17,79,360.26,0,0,38.5,0.0,0.0,9,0.76,249.34,1885.64
2023-03-01,S001,P003,Home,18,118,110.25,0,1,-3.6,3.4,0.0,9,0.7,52.1,1046.7
2023-03-01,S001,P004,Toys,25,93,182.91,0,0,6.6,0.0,0.0,7,,83.63,2482.0
2023-03-01,S001,P005,Electronics,25,88,45.01,0,0,15.5,1.1,0.0,3,0.9,18.59,660.5
2023-03-01,S002,P001,Clothing,16,106,66.93,0,0,27.8,,0.0,2,0.75,41.63,404.8
2023-03-01,S002,P002,Food,26,93,368.36,0,0,26.8,2.4,0.0,8,0.85,224.62,3737.24
2023-03-01,S002,P003,Home,19,93,120.13,0,0,21.5,0.0,0.0,6,0.92,57.43,1191.3
2023-03-01,S002,P004,Toys,16,99,167.46,0,0,19.7,0.0,0.0,1,0.88,115.52,831.04
2023-03-01,S002,P005,Electronics,16,115,183.24,0,0,14.1,10.9,0.0,10,0.85,108.66,1193.28
2023-03-01,S003,P001,Clothing,26,128,162.94,0,0,26.6,7.7,0.0,9,0.8,96.57,1725.62
2023-03-01,S003,P002,Food,24,120,411.47,0,0,2.6,0.0,0.0,11,0.98,186.1,5408.88
2023-03-01,S003,P003,Home,22,127,493.3,0,0,15.5,4.4,0.0,3,0.78,214.8,6127.0
2023-03-01,S003,P004,Toys,22,82,134.76,0,0,29.6,6.8,0.0,9,0.91,105.05,653.62
2023-03-01,S003,P005,Electronics,14,102,258.05,0,0,17.9,0.0,0.0,5,0.86,105.87,2130.52
2023-03-02,S001,P001,Clothing,20,123,400.36,0,0,,0.0,0.0,2,0.85,167.15,4664.2
2023-03-02,S001,P002,Food,20,92,430.09,0,0,31.9,,0.0,6,0.98,190.01,4801.6
2023-03-02,S001,P003,Home,31,94,176.37,1,0,-2.6,4.2,0.29,3,0.95,78.18,1458.32
2023-03-02,S001,P004,Toys,16,124,208.5,0,0,25.6,,0.0,3,0.72,163.63,717.92
2023-03-02,S001,P005,Electronics,15,91,149.42,0,0,32.7,0.0,0.0,9,0.94,108.73,610.35
2023-03-02,S002,P001,Clothing,15,90,337.31,0,0,16.9,0.0,0.0,13,0.9,207.54,1946.55
2023-03-02,S002,P002,Food,25,66,109.21,1,0,44.6,1.5,0.08,12,0.84,82.57,447.58
2023-03-02,S002,P003,Home,21,83,213.08,0,0,29.1,,0.0,13,0.76,94.33,2493.75
2023-03-02,S002,P004,Toys,30,91,453.17,1,1,7.3,7.4,0.21,3,0.97,217.18,4224.73
2023-03-02,S002,P005,Electronics,25,76,491.03,0,0,21.6,0.4,0.0,13,0.86,265.17,5646.5
2023-03-02,S003,P001,Clothing,22,111,247.83,0,0,22.5,0.0,0.0,3,0.75,134.22,2499.42
2023-03-02,S003,P002,Food,16,79,462.11,0,0,,7.8,0.0,5,0.96,185.34,4428.32
2023-03-02,S003,P003,Home,33,98,184.88,1,0,23.8,6.0,0.06,9,0.95,96.13,2562.69
2023-03-02,S003,P004,Toys,21,103,379.99,0,0,31.9,5.9,0.0,11,0.98,266.44,2384.55
2023-03-02,S003,P005,Electronics,31,110,324.33,0,0,40.4,2.7,0.0,10,,243.5,2505.73
2023-03-03,S001,P001,Clothing,34,98,448.74,1,0,22.0,0.0,0.23,1,0.7,188.56,5336.97
2023-03-03,S001,P002,Food,28,134,213.7,0,0,5.6,5.2,0.0,13,0.91,147.74,1846.88
2023-03-03,S001,P003,Home,26,93,190.5,0,1,26.6,0.0,0.0,10,0.8,130.53,1559.22
2023-03-03,S001,P004,Toys,7,97,303.7,0,0,16.9,3.0,0.0,6,0.77,235.32,478.66
2023-03-03,S001,P005,Electronics,23,94,280.5,0,0,16.2,9.0,0.0,12,0.75,152.3,2948.6
2023-03-03,S002,P001,Clothing,23,95,226.51,0,0,35.6,,0.0,3,0.86,136.48,2070.69
2023-03-03,S002,P002,Food,30,98,479.41,1,1,37.2,3.2,0.3,11,0.86,304.62,929.01
2023-03-03,S002,P003,Home,21,101,153.22,0,0,19.4,0.0,0.0,13,0.83,101.48,1086.54
2023-03-03,S002,P004,Toys,19,122,375.58,0,0,27.8,0.3,0.0,6,,181.0,3697.02
2023-03-03,S002,P005,Electronics,22,92,373.79,0,0,3.7,0.2,0.0,12,0.76,291.4,1812.58
2023-03-03,S003,P001,Clothing,25,92,388.03,0,0,22.8,6.5,0.0,4,0.92,158.35,5742.0
2023-03-03,S003,P002,Food,18,75,222.44,0,0,28.7,2.9,0.0,1,0.92,110.29,2018.7
2023-03-03,S003,P003,Home,22,101,472.38,0,0,38.3,3.6,0.0,3,0.76,319.98,3352.8
2023-03-03,S003,P004,Toys,28,114,320.57,0,0,22.1,0.0,0.0,4,0.89,201.2,3342.36
2023-03-03,S003,P005,Electronics,16,99,72.83,0,0,25.1,5.5,0.0,1,0.93,36.86,575.52
2023-03-04,S001,P001,Clothing,15,93,451.81,0,0,19.3,,0.0,7,0.79,346.17,1584.6
2023-03-04,S001,P002,Food,14,66,37.88,0,0,21.2,0.0,0.0,12,0.82,15.95,307.02
2023-03-04,S001,P003,Home,23,76,217.56,0,0,33.9,0.6,0.0,5,0.86,148.17,1595.97
2023-03-04,S001,P004,Toys,20,101,439.34,0,0,24.7,1.6,0.0,13,0.8,257.01,3646.6
2023-03-04,S001,P005,Electronics,19,91,481.75,0,0,21.6,6.5,0.0,8,0.79,259.77,4217.62
2023-03-04,S002,P001,Clothing,30,112,310.03,0,0,19.1,0.0,0.0,13,0.73,178.37,3949.8
2023-03-04,S002,P002,Food,18,95,286.06,0,0,27.3,0.0,0.0,7,0.88,127.44,2855.16
2023-03-04,S002,P003,Home,27,97,33.23,0,0,22.8,0.0,0.0,9,0.95,21.44,318.33
2023-03-04,S002,P004,Toys,26,93,161.31,0,0,6.6,6.5,0.0,11,0.98,90.99,1828.32
2023-03-04,S002,P005,Electronics,23,111,392.01,0,0,18.6,2.7,0.0,5,0.71,251.22,3238.17
2023-03-04,S003,P001,Clothing,30,35,356.37,0,0,28.8,0.0,0.0,2,0.75,233.15,3696.6
2023-03-04,S003,P002,Food,31,94,431.0,0,0,22.5,6.8,0.0,5,0.88,241.97,5859.93
2023-03-04,S003,P003,Home,36,97,364.98,0,0,23.1,0.0,0.0,4,0.93,173.04,6909.84
2023-03-04,S003,P004,Toys,20,87,192.18,0,0,16.5,5.7,0.0,1,0.76,95.64,1930.8
2023-03-04,S003,P005,Electronics,19,73,442.66,0,0,10.3,0.0,0.0,2,0.7,302.43,2664.37
2023-03-05,S001,P001,Clothing,25,84,93.2,0,0,40.2,6.2,0.0,13,0.96,61.61,789.75
2023-03-05,S001,P002,Food,42,119,485.57,1,0,18.0,13.6,0.26,6,0.72,276.69,3470.54
2023-03-05,S001,P003,Home,22,87,58.4,0,0,13.3,8.7,0.0,10,0.78,33.08,557.04
2023-03-05,S001,P004,Toys,19,120,228.67,0,0,37.0,6.1,0.0,13,0.84,155.02,1399.35
2023-03-05,S001,P005,Electronics,18,105,410.57,0,0,14.3,3.1,0.0,2,0.99,247.62,2933.1
2023-03-05,S002,P001,Clothing,27,103,320.2,0,0,14.2,9.1,0.0,4,1.0,199.06,3270.78
2023-03-05,S002,P002,Food,13,110,59.34,0,0,2.1,0.2,0.0,9,0.78,33.79,332.15
2023-03-05,S002,P003,Home,27,103,466.39,0,0,16.9,7.5,0.0,10,0.75,314.04,4113.45
2023-03-05,S002,P004,Toys,23,129,308.84,0,0,33.0,0.0,0.0,4,0.82,213.24,2198.8
2023-03-05,S002,P005,Electronics,20,140,178.28,0,0,18.6,3.5,0.0,13,0.85,99.9,1567.6
2023-03-05,S003,P001,Clothing,28,59,64.7,0,0,39.9,2.8,0.0,10,0.97,37.75,754.6
2023-03-05,S003,P002,Food,37,80,88.59,1,0,16.6,7.1,0.2,7,0.98,47.47,865.87
2023-03-05,S003,P003,Home,19,128,207.58,0,0,16.6,0.0,0.0,8,0.87,141.88,1248.3
2023-03-05,S003,P004,Toys,22,116,348.08,0,0,,0.0,0.0,4,0.73,274.48,1619.2
2023-03-05,S003,P005,Electronics,20,121,45.8,0,0,25.2,3.0,0.0,9,0.87,26.79,380.2
2023-03-06,S001,P001,Clothing,26,87,431.86,0,0,4.8,0.0,0.0,3,0.88,314.68,3046.68
2023-03-06,S001,P002,Food,21,127,102.19,0,0,28.0,0.0,0.0,3,0.73,77.17,525.42
2023-03-06,S001,P003,Home,22,94,132.86,0,0,10.7,10.8,0.0,1,0.94,100.68,707.96
2023-03-06,S001,P004,Toys,14,96,381.87,0,0,27.1,3.4,0.0,11,0.94,193.35,2639.28
2023-03-06,S001,P005,Electronics,27,96,195.0,0,0,19.0,0.1,0.0,2,0.91,139.52,1497.96
2023-03-06,S002,P001,Clothing,19,138,153.74,0,0,19.3,8.9,0.0,1,0.8,111.87,795.53
2023-03-06,S002,P002,Food,18,93,215.0,0,0,16.6,5.7,0.0,1,0.74,165.89,883.98
2023-03-06,S002,P003,Home,20,94,413.0,0,0,,1.7,0.0,2,0.94,248.57,3288.6
2023-03-06,S002,P004,Toys,18,124,186.0,0,0,22.5,,0.0,13,0.71,117.58,1231.56
2023-03-06,S002,P005,Electronics,28,110,159.65,1,0,25.3,3.6,0.06,11,0.89,108.29,1169.87
2023-03-06,S003,P001,Clothing,30,101,271.71,0,0,2.3,2.1,0.0,7,0.83,132.41,4179.0
2023-03-06,S003,P002,Food,22,149,369.66,0,0,18.7,0.0,0.0,13,0.98,173.48,4315.96
2023-03-06,S003,P003,Home,19,85,498.4,0,0,23.5,0.0,0.0,2,0.86,274.17,4260.37
2023-03-06,S003,P004,Toys,17,125,386.36,0,0,18.3,3.2,0.0,7,0.76,179.94,3509.14
2023-03-06,S003,P005,Electronics,23,86,160.32,0,0,35.0,,0.0,1,0.79,94.6,1511.56
2023-03-07,S001,P001,Clothing,26,91,497.27,0,0,1.3,9.7,0.0,6,0.98,206.53,7559.24
2023-03-07,S001,P002,Food,22,128,263.47,0,0,12.2,12.3,0.0,10,0.77,113.23,3305.28
2023-03-07,S001,P003,Home,22,102,118.4,0,0,20.7,7.7,0.0,9,0.99,94.09,534.82
2023-03-07,S001,P004,Toys,16,108,355.16,0,0,28.3,8.2,0.0,3,0.75,243.24,1790.72
2023-03-07,S001,P005,Electronics,15,80,240.42,0,0,29.1,0.6,0.0,7,0.9,180.03,905.85
2023-03-07,S002,P001,Clothing,33,92,448.97,0,0,29.9,7.3,0.0,4,0.77,283.38,5464.47
2023-03-07,S002,P002,Food,22,95,262.62,0,0,35.4,4.5,0.0,7,,164.89,2150.06
2023-03-07,S002,P003,Home,24,111,404.92,0,0,17.7,3.5,0.0,5,0.93,183.12,5323.2
2023-03-07,S002,P004,Toys,20,114,55.73,0,1,23.8,3.7,0.0,13,0.93,26.14,591.8
2023-03-07,S002,P005,Electronics,27,92,286.1,0,0,26.6,5.7,0.0,4,0.94,128.17,4264.11
2023-03-07,S003,P001,Clothing,15,60,366.04,0,0,23.1,0.0,0.0,1,0.74,249.13,1753.65
2023-03-07,S003,P002,Food,125,85,68.69,0,1,40.0,0.0,0.0,9,0.8,46.71,549.5
2023-03-07,S003,P003,Home,20,86,154.95,0,0,19.1,10.4,0.0,12,0.96,66.13,1776.4
2023-03-07,S003,P004,Toys,23,80,363.71,0,0,4.6,4.0,0.0,13,0.96,274.08,2061.49
2023-03-07,S003,P005,Electronics,12,136,12.02,0,0,14.6,5.1,0.0,11,0.76,4.91,85.32
2023-03-08,S001,P001,Clothing,18,134,398.19,0,0,25.6,0.0,0.0,2,0.91,225.55,3107.52
2023-03-08,S001,P002,Food,23,94,19.67,0,0,23.8,0.0,0.0,12,0.99,8.79,250.24
2023-03-08,S001,P003,Home,13,92,425.11,0,0,30.4,1.4,0.0,2,0.96,222.72,2631.07
2023-03-08,S001,P004,Toys,15,121,192.71,0,0,22.3,4.8,0.0,11,0.73,141.95,761.4
2023-03-08,S001,P005,Electronics,29,87,201.95,0,0,16.2,5.7,0.0,5,0.92,128.38,2133.53
2023-03-08,S002,P001,Clothing,14,102,51.64,0,0,22.3,,0.0,10,0.95,22.86,402.92
2023-03-08,S002,P002,Food,19,108,113.23,0,0,34.3,0.0,0.0,11,0.91,73.57,753.54
2023-03-08,S002,P003,Home,28,86,133.77,0,1,35.8,6.8,0.0,7,0.89,104.75,812.56
2023-03-08,S002,P004,Toys,15,123,185.28,0,0,17.9,0.0,0.0,10,0.92,136.69,728.85
2023-03-08,S002,P005,Electronics,16,93,259.77,0,0,6.7,2.2,0.0,3,0.89,145.84,1822.88
2023-03-08,S003,P001,Clothing,19,119,465.98,0,0,16.0,6.1,0.0,8,,266.23,3795.25
2023-03-08,S003,P002,Food,19,114,226.21,0,1,17.5,0.0,0.0,12,0.89,151.21,1425.0
2023-03-08,S003,P003,Home,25,90,287.43,0,0,14.4,0.0,0.0,10,0.97,185.35,2552.0
2023-03-08,S003,P004,Toys,25,86,34.4,1,0,,11.0,0.08,3,0.83,18.58,326.7
2023-03-08,S003,P005,Electronics,24,85,101.12,0,0,19.5,0.0,0.0,6,0.95,44.94,1348.32
2023-03-09,S001,P001,Clothing,16,134,85.59,0,0,32.3,10.6,0.0,6,0.78,45.68,638.56
2023-03-09,S001,P002,Food,22,143,144.35,0,0,,9.0,0.0,10,0.99,64.3,1761.1
2023-03-09,S001,P003,Home,18,112,391.58,0,0,16.2,0.0,0.0,2,0.95,272.03,2151.9
2023-03-09,S001,P004,Toys,18,65,296.03,0,0,24.6,8.2,0.0,2,0.81,166.14,2338.02
2023-03-09,S001,P005,Electronics,21,101,440.91,0,0,15.9,1.2,0.0,8,0.87,183.29,5410.02
2023-03-09,S002,P001,Clothing,15,98,424.86,0,0,31.0,4.4,0.0,13,0.9,258.07,2501.85
2023-03-09,S002,P002,Food,18,117,164.59,0,0,32.0,2.9,0.0,7,0.85,118.01,838.44
2023-03-09,S002,P003,Home,13,98,495.88,0,0,40.0,1.5,0.0,3,0.81,393.37,1332.63
2023-03-09,S002,P004,Toys,15,86,238.15,0,0,5.9,0.0,0.0,9,0.84,139.71,1476.6
2023-03-09,S002,P005,Electronics,20,66,484.62,0,0,18.4,0.9,0.0,4,0.86,343.46,2823.2
2023-03-09,S003,P001,Clothing,18,94,413.49,0,0,28.6,2.9,0.0,2,0.94,327.77,1542.96
2023-03-09,S003,P002,Food,29,114,327.7,0,0,24.4,7.9,0.0,4,0.83,205.77,3535.97
2023-03-09,S003,P003,Home,20,69,152.99,0,0,11.2,0.0,0.0,3,0.99,108.02,899.4
2023-03-09,S003,P004,Toys,26,136,110.81,0,0,22.8,1.9,0.0,10,0.88,58.14,1369.42
2023-03-09,S003,P005,Electronics,15,72,343.04,0,0,11.8,0.0,0.0,2,0.83,185.41,2364.45
2023-03-10,S001,P001,Clothing,14,109,484.98,0,0,26.4,5.3,0.0,4,0.74,221.21,3692.78
2023-03-10,S001,P002,Food,18,84,54.79,0,0,7.7,10.3,0.0,1,0.9,25.82,521.46
2023-03-10,S001,P003,Home,16,70,238.83,0,0,29.2,4.0,0.0,3,0.84,173.11,1051.52
2023-03-10,S001,P004,Toys,12,76,397.21,0,0,21.9,0.0,0.0,2,0.95,234.72,1949.88
2023-03-10,S001,P005,Electronics,40,102,184.17,1,0,5.8,0.0,0.15,1,0.89,94.41,2485.38
2023-03-10,S002,P001,Clothing,26,140,17.21,0,0,17.0,0.0,0.0,1,0.9,12.03,134.68
2023-03-10,S002,P002,Food,15,115,470.95,0,0,32.0,0.0,0.0,3,0.89,313.36,2363.85
2023-03-10,S002,P003,Home,14,114,158.89,0,0,,10.8,0.0,3,0.96,97.91,853.72
2023-03-10,S002,P004,Toys,24,98,114.84,0,0,21.8,0.0,0.0,9,0.9,90.59,582.0
2023-03-10,S002,P005,Electronics,110,101,139.89,0,0,23.8,7.7,0.0,5,0.97,87.88,1144.22
2023-03-10,S003,P001,Clothing,16,115,285.52,0,0,9.9,0.0,0.0,1,0.88,143.0,2280.32
2023-03-10,S003,P002,Food,30,96,86.03,1,0,22.1,9.2,0.15,2,0.79,54.26,565.97
2023-03-10,S003,P003,Home,24,84,83.34,0,0,11.6,0.0,0.0,3,0.8,40.88,1019.04
2023-03-10,S003,P004,Toys,21,116,380.78,0,0,13.0,4.1,0.0,11,0.81,221.45,3345.93
2023-03-10,S003,P005,Electronics,18,113,143.32,0,0,11.7,5.4,0.0,3,0.85,62.39,1456.74
2023-03-11,S001,P001,Clothing,27,70,352.86,0,0,13.6,6.6,0.0,11,0.94,154.41,5358.15
2023-03-11,S001,P002,Food,22,76,18.1,0,0,16.0,6.1,0.0,2,0.96,8.59,209.22
2023-03-11,S001,P003,Home,29,110,320.32,0,0,-4.9,0.5,0.0,7,0.7,242.24,2264.32
2023-03-11,S001,P004,Toys,15,125,311.89,0,0,18.6,0.3,0.0,4,0.73,148.34,2453.25
2023-03-11,S001,P005,Electronics,23,94,48.55,0,0,29.2,0.0,0.0,8,0.71,27.7,479.55
2023-03-11,S002,P001,Clothing,26,87,369.44,0,0,,11.2,0.0,7,0.9,209.5,4158.44
2023-03-11,S002,P002,Food,27,86,452.08,0,0,33.8,2.6,0.0,3,0.85,250.58,5440.5
2023-03-11,S002,P003,Home,13,107,89.27,0,0,17.9,0.0,0.0,13,0.92,48.9,524.81
2023-03-11,S002,P004,Toys,23,136,441.92,0,0,39.5,0.0,0.0,8,0.84,289.67,3501.75
2023-03-11,S002,P005,Electronics,16,105,292.12,0,0,44.0,5.7,0.0,12,0.97,161.84,2084.48
2023-03-11,S003,P001,Clothing,17,115,328.13,0,0,15.4,8.9,0.0,6,0.71,141.98,3164.55
2023-03-11,S003,P002,Food,18,92,244.72,0,0,26.6,0.0,0.0,9,0.94,156.55,1587.06
2023-03-11,S003,P003,Home,16,64,211.83,0,0,16.3,0.0,0.0,8,0.87,147.98,1021.6
2023-03-11,S003,P004,Toys,30,88,44.07,0,0,21.9,2.9,0.0,3,0.88,18.47,768.0
2023-03-11,S003,P005,Electronics,18,112,337.76,0,0,5.4,4.5,0.0,5,0.88,223.6,2054.88
2023-03-12,S001,P001,Clothing,28,91,283.7,0,0,12.6,4.3,0.0,7,0.97,156.6,3558.8
2023-03-12,S001,P002,Food,25,113,133.7,0,0,16.7,0.0,0.0,10,0.85,73.47,1505.75
2023-03-12,S001,P003,Home,18,85,408.85,0,0,19.6,0.0,0.0,11,0.75,281.64,2289.78
2023-03-12,S001,P004,Toys,23,80,400.66,0,0,24.3,4.4,0.0,1,0.93,233.5,3844.68
2023-03-12,S001,P005,Electronics,22,94,37.63,0,0,8.6,4.0,0.0,10,0.79,22.96,322.74
2023-03-12,S002,P001,Clothing,17,66,116.72,0,0,16.0,0.9,0.0,3,0.73,61.96,930.92
2023-03-12,S002,P002,Food,22,101,12.76,0,0,27.3,0.0,0.0,1,0.75,5.26,165.0
2023-03-12,S002,P003,Home,19,107,36.66,0,0,19.2,0.5,0.0,3,0.79,24.29,235.03
2023-03-12,S002,P004,Toys,16,135,276.02,0,0,11.4,0.0,0.0,6,0.81,158.25,1884.32
2023-03-12,S002,P005,Electronics,24,131,239.24,0,0,33.6,1.4,0.0,4,0.7,135.83,2481.84
2023-03-12,S003,P001,Clothing,16,71,18.98,0,0,37.8,0.0,0.0,6,0.95,10.55,134.88
2023-03-12,S003,P002,Food,27,93,245.72,0,0,19.6,2.7,0.0,6,0.73,164.54,2191.86
2023-03-12,S003,P003,Home,17,74,241.73,0,0,21.8,0.0,0.0,4,,169.25,1232.16
2023-03-12,S003,P004,Toys,33,104,499.51,0,0,25.1,0.0,0.0,13,0.83,263.38,7792.29
2023-03-12,S003,P005,Electronics,27,76,157.29,0,0,13.9,0.0,0.0,8,0.78,104.23,1432.62
2023-03-13,S001,P001,Clothing,26,71,472.15,0,0,18.5,0.0,0.0,6,0.76,355.83,3024.32
2023-03-13,S001,P002,Food,20,130,402.16,0,0,22.8,1.5,0.0,5,0.92,261.33,2816.6
2023-03-13,S001,P003,Home,40,126,270.32,1,0,21.2,15.0,0.19,2,0.76,197.72,849.57
2023-03-13,S001,P004,Toys,30,104,380.02,0,0,7.2,0.0,0.0,7,0.91,274.18,3175.2
2023-03-13,S001,P005,Electronics,18,79,248.64,0,0,41.2,0.0,0.0,10,0.95,141.76,1923.84
2023-03-13,S002,P001,Clothing,25,130,433.29,0,0,22.9,3.1,0.0,6,0.98,276.65,3916.0
2023-03-13,S002,P002,Food,19,71,343.82,0,0,4.9,5.2,0.0,11,0.8,226.32,2232.5
2023-03-13,S002,P003,Home,90,101,286.85,0,0,18.0,0.1,0.0,6,0.78,215.88,1277.46
2023-03-13,S002,P004,Toys,16,61,339.98,0,0,12.6,3.4,0.0,11,0.88,138.49,3223.84
2023-03-13,S002,P005,Electronics,20,109,25.35,0,0,25.1,10.3,0.0,2,0.77,11.35,280.0
2023-03-13,S003,P001,Clothing,25,100,218.79,0,0,9.2,6.0,0.0,13,0.92,151.45,1683.5
2023-03-13,S003,P002,Food,25,115,88.82,0,0,19.1,0.0,0.0,9,0.84,58.01,770.25
2023-03-13,S003,P003,Home,27,96,22.08,1,0,17.3,5.0,0.08,7,0.88,16.86,93.25
2023-03-13,S003,P004,Toys,23,94,396.94,0,0,21.4,2.8,0.0,12,0.99,287.7,2512.52
2023-03-13,S003,P005,Electronics,22,107,322.98,0,0,31.3,2.3,0.0,6,0.83,238.62,1855.92
2023-03-14,S001,P001,Clothing,17,117,135.13,0,0,18.3,,0.0,5,,101.86,565.59
2023-03-14,S001,P002,Food,15,80,320.88,0,0,11.7,11.4,0.0,10,0.9,234.59,1294.35
2023-03-14,S001,P003,Home,23,109,83.76,0,0,16.5,0.0,0.0,6,0.94,64.43,444.59
2023-03-14,S001,P004,Toys,22,129,151.23,0,0,4.8,10.1,0.0,9,0.96,72.25,1737.56
2023-03-14,S001,P005,Electronics,16,107,472.77,0,0,29.2,0.0,0.0,13,0.7,208.12,4234.4
2023-03-14,S002,P001,Clothing,75,77,178.04,0,0,16.8,0.0,0.0,13,0.74,140.21,567.45
2023-03-14,S002,P002,Food,36,124,380.04,1,0,32.5,,0.14,6,0.97,184.63,5119.36
2023-03-14,S002,P003,Home,21,82,485.07,0,0,22.4,1.3,0.0,9,0.76,227.72,5404.35
2023-03-14,S002,P004,Toys,20,103,330.86,0,0,25.6,3.3,0.0,8,0.91,222.98,2157.6
2023-03-14,S002,P005,Electronics,17,79,109.21,0,0,18.4,10.8,0.0,11,0.73,72.88,617.61
2023-03-14,S003,P001,Clothing,9,75,366.1,0,0,12.1,6.4,0.0,2,0.84,284.73,732.33
2023-03-14,S003,P002,Food,16,84,269.81,0,0,12.8,7.1,0.0,13,,136.42,2134.24
2023-03-14,S003,P003,Home,23,83,454.9,0,0,29.9,4.4,0.0,3,0.83,192.6,6032.9
2023-03-14,S003,P004,Toys,37,72,155.68,1,0,4.8,2.1,0.08,3,0.82,91.57,1911.26
2023-03-14,S003,P005,Electronics,12,84,493.38,0,0,31.9,0.1,0.0,13,0.85,282.42,2531.52
2023-03-15,S001,P001,Clothing,22,107,282.2,0,0,33.0,7.3,0.0,9,0.89,206.0,1676.4
2023-03-15,S001,P002,Food,14,110,48.57,0,0,9.6,,0.0,10,0.73,28.88,275.66
2023-03-15,S001,P003,Home,22,118,142.53,0,0,3.3,7.3,0.0,1,0.78,59.67,1822.92
2023-03-15,S001,P004,Toys,15,80,258.75,0,0,,0.0,0.0,3,0.71,136.16,1838.85
2023-03-15,S001,P005,Electronics,21,89,371.94,0,0,11.7,0.0,0.0,7,0.98,291.42,1690.92
2023-03-15,S002,P001,Clothing,19,112,304.61,0,0,7.4,0.0,0.0,13,0.82,139.32,3140.51
2023-03-15,S002,P002,Food,18,86,152.84,0,0,28.7,0.0,0.0,9,0.89,75.47,1392.66
2023-03-15,S002,P003,Home,19,108,342.22,0,0,,4.8,0.0,5,0.76,257.7,1605.88
2023-03-15,S002,P004,Toys,21,98,321.81,0,0,11.6,7.0,0.0,9,0.9,193.1,2702.91
2023-03-15,S002,P005,Electronics,25,122,464.58,0,0,27.4,0.0,0.0,10,0.96,250.41,5354.25
2023-03-15,S003,P001,Clothing,25,75,214.17,0,0,,,0.0,9,0.94,149.39,1619.5
2023-03-15,S003,P002,Food,22,77,492.25,0,0,14.7,0.0,0.0,2,0.96,359.15,2928.2
2023-03-15,S003,P003,Home,22,79,155.7,0,0,27.3,0.0,0.0,6,0.7,78.31,1702.58
2023-03-15,S003,P004,Toys,16,109,317.84,0,0,31.3,2.9,0.0,11,0.93,201.95,1854.24
2023-03-15,S003,P005,Electronics,21,89,51.07,0,0,,0.0,0.0,11,0.9,23.71,574.56
2023-03-16,S001,P001,Clothing,21,127,369.51,0,0,21.2,,0.0,12,1.0,201.9,3519.81
2023-03-16,S001,P002,Food,26,73,332.83,0,0,12.2,8.4,0.0,1,0.99,181.78,3927.3
2023-03-16,S001,P003,Home,20,60,322.27,0,0,21.6,0.4,0.0,13,0.77,230.45,1836.4
2023-03-16,S001,P004,Toys,17,86,419.82,0,0,17.6,7.9,0.0,6,0.76,283.8,2312.34
2023-03-16,S001,P005,Electronics,17,129,452.39,0,0,18.2,0.0,0.0,5,0.97,230.89,3765.5
2023-03-16,S002,P001,Clothing,15,105,379.92,0,0,13.1,8.1,0.0,12,0.78,186.48,2901.6
2023-03-16,S002,P002,Food,17,82,252.01,0,0,35.4,15.0,0.0,8,0.87,163.17,1510.28
2023-03-16,S002,P003,Home,16,77,269.65,0,0,31.6,3.6,0.0,8,0.85,198.83,1133.12
2023-03-16,S002,P004,Toys,16,99,103.25,0,0,10.6,3.0,0.0,9,0.96,77.49,412.16
2023-03-16,S002,P005,Electronics,13,96,92.04,0,0,3.8,5.3,0.0,3,0.77,46.59,590.85
2023-03-16,S003,P001,Clothing,24,97,331.64,0,0,20.9,5.8,0.0,3,0.76,154.44,4252.8
2023-03-16,S003,P002,Food,23,108,89.19,0,0,45.9,2.8,0.0,4,,43.05,1061.22
2023-03-16,S003,P003,Home,19,124,278.39,0,0,4.2,0.0,0.0,6,0.78,120.62,2997.63
2023-03-16,S003,P004,Toys,23,106,31.91,0,0,14.9,5.9,0.0,1,0.96,16.18,361.79
2023-03-16,S003,P005,Electronics,19,93,59.77,0,0,26.3,0.0,0.0,8,0.82,32.2,523.83
2023-03-17,S001,P001,Clothing,29,83,296.24,0,0,21.9,0.0,0.0,3,0.88,205.94,2618.7
2023-03-17,S001,P002,Food,26,76,149.94,0,0,36.8,0.0,0.0,9,0.75,99.17,1320.02
2023-03-17,S001,P003,Home,21,77,14.68,0,0,2.8,0.0,0.0,11,0.72,7.26,155.82
2023-03-17,S001,P004,Toys,26,83,323.43,0,0,26.4,0.0,0.0,11,0.87,203.13,3127.8
2023-03-17,S001,P005,Electronics,19,106,445.41,0,0,9.2,0.0,0.0,6,0.73,236.26,3973.85
2023-03-17,S002,P001,Clothing,21,95,79.04,0,0,26.5,7.4,0.0,9,0.74,58.6,429.24
2023-03-17,S002,P002,Food,21,132,80.35,0,0,30.2,0.4,0.0,13,0.73,53.39,566.16
2023-03-17,S002,P003,Home,20,92,232.49,0,0,6.4,0.0,0.0,9,0.86,138.82,1873.4
2023-03-17,S002,P004,Toys,15,110,282.9,0,0,26.7,0.0,0.0,10,0.84,195.02,1318.2
2023-03-17,S002,P005,Electronics,21,97,439.41,0,0,18.4,2.8,0.0,10,0.84,253.77,3898.44
2023-03-17,S003,P001,Clothing,20,69,351.76,0,0,29.8,0.0,0.0,1,0.71,148.05,4074.2
2023-03-17,S003,P002,Food,30,30,383.88,1,0,,0.0,0.29,2,0.87,179.44,2793.44
2023-03-17,S003,P003,Home,14,90,130.99,0,0,,4.0,0.0,6,0.8,103.59,383.6
2023-03-17,S003,P004,Toys,20,114,114.61,0,0,8.4,0.2,0.0,9,0.8,87.37,544.8
2023-03-17,S003,P005,Electronics,26,106,165.88,0,0,10.9,0.2,0.0,13,0.86,129.82,937.56
2023-03-18,S001,P001,Clothing,15,135,343.23,0,0,31.2,1.2,0.0,6,0.77,266.12,1156.65
2023-03-18,S001,P002,Food,26,73,104.45,0,0,27.8,1.3,0.0,5,0.85,65.79,1005.16
2023-03-18,S001,P003,Home,17,85,23.16,0,0,17.1,4.4,0.0,4,0.94,15.82,124.78
2023-03-18,S001,P004,Toys,21,82,351.6,0,1,16.9,0.0,0.0,5,0.98,280.65,1489.95
2023-03-18,S001,P005,Electronics,18,101,380.74,0,0,7.5,4.3,0.0,5,0.7,160.2,3969.72
2023-03-18,S002,P001,Clothing,18,86,483.29,0,0,23.2,0.0,0.0,8,0.97,284.86,3571.74
2023-03-18,S002,P002,Food,27,110,237.62,0,0,18.2,2.7,0.0,5,0.88,135.36,2761.02
2023-03-18,S002,P003,Home,31,94,128.36,1,0,21.6,0.0,0.17,11,0.95,76.53,930.27
2023-03-18,S002,P004,Toys,20,91,237.14,0,0,12.3,0.0,0.0,3,0.74,164.81,1446.6
2023-03-18,S002,P005,Electronics,31,121,78.49,1,0,38.5,2.3,0.12,13,0.79,49.71,600.2
2023-03-18,S003,P001,Clothing,20,120,443.55,0,0,26.9,0.0,0.0,6,0.86,305.84,2754.2
2023-03-18,S003,P002,Food,15,67,122.21,0,0,6.2,0.0,0.0,7,0.94,58.71,952.5
2023-03-18,S003,P002,Food,15,67,122.21,0,0,6.2,0.0,0.0,7,0.94,58.71,952.5
2023-03-18,S003,P003,Home,36,105,358.61,1,0,4.0,0.1,0.05,3,0.88,164.62,6338.14
2023-03-18,S003,P004,Toys,27,123,70.14,0,0,23.9,4.2,0.0,8,0.86,55.08,406.62
2023-03-18,S003,P005,Electronics,13,132,263.0,0,1,6.8,3.8,0.0,1,0.92,177.95,1105.65
2023-03-19,S001,P001,Clothing,24,77,463.41,1,0,21.5,2.9,0.11,5,0.72,268.19,3461.88
2023-03-19,S001,P002,Food,28,70,374.87,0,0,9.2,7.6,0.0,9,0.96,153.55,6196.96
2023-03-19,S001,P003,Home,13,97,83.86,0,0,28.2,3.0,0.0,7,0.76,42.9,532.48
2023-03-19,S001,P004,Toys,19,54,426.85,0,0,16.1,3.0,0.0,4,0.98,290.75,2585.9
2023-03-19,S001,P005,Electronics,23,101,27.14,0,0,21.1,0.0,0.0,4,0.93,19.21,182.39
2023-03-19,S002,P001,Clothing,34,117,328.77,1,0,17.8,0.0,0.24,8,0.74,183.44,2258.46
2023-03-19,S002,P002,Food,20,92,60.38,0,0,24.8,6.7,0.0,10,0.76,26.02,687.2
2023-03-19,S002,P003,Home,13,102,150.63,0,0,7.1,,0.0,13,0.93,115.11,461.76
2023-03-19,S002,P004,Toys,28,93,140.08,1,0,22.2,3.5,0.29,3,0.86,67.73,888.35
2023-03-19,S002,P005,Electronics,22,88,252.01,0,0,17.5,14.4,0.0,1,0.93,152.56,2187.9
2023-03-19,S003,P001,Clothing,16,103,151.53,0,0,10.0,0.0,0.0,13,0.73,85.4,1058.08
2023-03-19,S003,P002,Food,17,72,320.94,0,0,25.6,,0.0,9,0.82,214.7,1806.08
2023-03-19,S003,P003,Home,19,96,492.5,0,0,44.4,10.1,0.0,6,0.86,348.79,2730.49
2023-03-19,S003,P004,Toys,29,141,144.88,1,0,7.8,0.0,0.25,8,0.99,108.05,17.69
2023-03-19,S003,P005,Electronics,19,101,115.23,0,0,10.8,4.9,0.0,8,0.91,54.71,1149.88
2023-03-20,S001,P001,Clothing,23,120,362.39,0,0,23.1,5.1,0.0,6,0.7,226.52,3125.01
2023-03-20,S001,P001,Clothing,23,120,362.39,0,0,23.1,5.1,0.0,6,0.7,226.52,3125.01
2023-03-20,S001,P002,Food,12,90,151.8,0,0,13.0,0.0,0.0,6,0.71,99.67,625.56
2023-03-20,S001,P003,Home,23,74,334.62,0,0,31.9,6.5,0.0,1,0.86,183.54,3474.84
2023-03-20,S001,P004,Toys,17,92,149.97,0,0,29.1,0.0,0.0,3,0.8,74.89,1276.36
2023-03-20,S001,P005,Electronics,17,108,355.54,0,0,34.2,8.0,0.0,9,0.77,218.64,2327.3
2023-03-20,S002,P001,Clothing,22,119,60.96,0,0,9.9,4.4,0.0,4,0.73,43.15,391.82
2023-03-20,S002,P002,Food,15,120,359.18,0,0,27.6,0.0,0.0,12,0.76,153.67,3082.65
2023-03-20,S002,P003,Home,27,101,78.99,1,0,,3.4,0.3,7,0.83,48.05,195.56
2023-03-20,S002,P004,Toys,20,109,234.87,0,0,13.4,1.4,0.0,13,0.87,185.04,996.6
2023-03-20,S002,P005,Electronics,19,122,239.43,0,0,14.1,4.5,0.0,13,0.91,180.85,1113.02
2023-03-20,S003,P001,Clothing,16,119,29.01,0,1,20.6,6.8,0.0,8,0.91,22.71,100.8
2023-03-20,S003,P002,Food,13,157,493.34,0,0,23.5,8.4,0.0,9,0.88,284.46,2715.44
2023-03-20,S003,P003,Home,26,93,164.39,0,0,22.3,,0.0,8,0.73,88.76,1966.38
2023-03-20,S003,P004,Toys,15,98,29.72,0,0,24.8,8.5,0.0,7,0.73,20.84,133.2
2023-03-20,S003,P004,Toys,15,98,29.72,0,0,24.8,8.5,0.0,7,0.73,20.84,133.2
2023-03-20,S003,P005,Electronics,18,98,451.65,0,0,23.3,0.3,0.0,13,0.75,278.36,3119.22
2023-03-21,S001,P001,Clothing,21,98,185.49,0,0,16.7,9.2,0.0,3,0.71,88.51,2036.58
2023-03-21,S001,P002,Food,9,77,78.34,0,0,20.6,1.9,0.0,3,0.77,49.21,262.17
2023-03-21,S001,P003,Home,28,79,271.48,1,0,15.4,1.1,0.16,8,0.94,184.14,1229.29
2023-03-21,S001,P004,Toys,23,108,321.99,0,0,30.4,15.1,0.0,4,,242.83,1820.68
2023-03-21,S001,P005,Electronics,31,100,49.12,0,1,21.8,3.1,0.0,8,0.8,22.56,823.36
2023-03-21,S002,P001,Clothing,19,119,300.69,0,0,29.7,1.3,0.0,4,0.99,185.1,2196.21
2023-03-21,S002,P002,Food,25,132,405.77,0,0,19.8,0.0,0.0,2,0.84,277.52,3206.25
2023-03-21,S002,P003,Home,12,107,143.13,0,0,29.1,4.0,0.0,8,0.75,77.4,788.76
2023-03-21,S002,P004,Toys,15,39,411.91,0,0,26.9,0.0,0.0,8,0.79,220.0,2878.65
2023-03-21,S002,P005,Electronics,17,101,83.08,0,0,,9.1,0.0,3,0.74,60.8,378.76
2023-03-21,S003,P001,Clothing,21,93,306.76,0,0,43.1,5.1,0.0,11,,243.39,1330.77
2023-03-21,S003,P002,Food,21,131,29.85,0,0,33.8,3.3,0.0,9,,19.26,222.39
2023-03-21,S003,P003,Home,22,63,415.58,0,0,33.7,1.7,0.0,12,0.91,271.28,3174.6
2023-03-21,S003,P004,Toys,19,74,29.67,0,0,33.3,0.0,0.0,13,0.77,18.35,215.08
2023-03-21,S003,P005,Electronics,20,95,419.83,0,0,8.5,0.8,0.0,11,0.99,244.98,3497.0
2023-03-22,S001,P001,Clothing,16,112,192.46,0,0,28.5,5.8,0.0,11,0.71,105.59,1389.92
2023-03-22,S001,P002,Food,16,103,385.69,0,1,17.2,11.7,0.0,5,0.72,257.75,2047.04
2023-03-22,S001,P003,Home,24,84,285.28,1,0,13.6,0.0,0.15,10,0.98,115.66,3043.87
2023-03-22,S001,P004,Toys,17,77,322.85,0,0,35.2,6.9,0.0,6,0.73,226.21,1642.88
2023-03-22,S001,P005,Electronics,19,99,123.26,0,0,26.0,1.8,0.0,6,0.85,68.74,1035.88
2023-03-22,S002,P001,Clothing,22,96,295.36,0,0,5.3,0.0,0.0,11,0.75,173.15,2688.62
2023-03-22,S002,P002,Food,15,63,309.65,0,0,29.6,0.0,0.0,5,0.9,153.52,2341.95
2023-03-22,S002,P003,Home,19,104,379.72,0,0,9.7,2.4,0.0,7,0.9,178.3,3826.98
2023-03-22,S002,P004,Toys,26,75,30.39,0,0,18.1,8.3,0.0,12,0.97,20.93,245.96
2023-03-22,S002,P005,Electronics,14,93,352.69,0,0,16.5,,0.0,6,0.71,189.27,2287.88
2023-03-22,S003,P001,Clothing,25,125,236.64,0,0,11.9,2.9,0.0,2,0.74,134.31,2558.25
2023-03-22,S003,P002,Food,20,66,213.54,0,0,,0.0,0.0,7,0.87,101.35,2243.8
2023-03-22,S003,P003,Home,17,83,265.83,0,0,13.7,0.0,0.0,3,0.84,107.27,2695.52
2023-03-22,S003,P004,Toys,23,111,262.9,0,0,24.2,0.0,0.0,13,,140.15,2823.25
2023-03-22,S003,P005,Electronics,22,115,210.4,0,0,27.5,5.9,0.0,10,0.89,143.01,1482.58
2023-03-23,S001,P001,Clothing,23,94,212.86,0,0,16.6,5.7,0.0,11,,110.59,2352.21
2023-03-23,S001,P002,Food,14,103,116.41,0,0,24.2,0.0,0.0,6,0.96,92.39,336.28
2023-03-23,S001,P003,Home,24,87,107.53,0,0,8.6,2.4,0.0,7,0.86,80.68,644.4
2023-03-23,S001,P004,Toys,18,110,20.9,0,0,15.3,0.0,0.0,3,0.94,14.35,117.9
2023-03-23,S001,P005,Electronics,18,132,316.15,0,0,14.7,,0.0,1,0.85,160.52,2801.34
2023-03-23,S002,P001,Clothing,25,122,276.41,1,0,20.7,0.0,0.15,10,0.81,162.71,1805.96
2023-03-23,S002,P002,Food,21,80,308.77,0,0,4.2,2.4,0.0,5,0.75,157.39,3178.98
2023-03-23,S002,P003,Home,46,93,341.6,1,1,16.5,6.5,0.27,12,0.96,210.62,1782.41
2023-03-23,S002,P004,Toys,20,133,461.03,0,0,33.3,0.0,0.0,11,0.83,350.75,2205.6
2023-03-23,S002,P005,Electronics,26,114,388.23,0,0,20.6,0.0,0.0,7,0.85,235.52,3970.46
2023-03-23,S003,P001,Clothing,95,101,280.61,0,0,18.4,5.4,0.0,9,0.92,192.2,1679.79
2023-03-23,S003,P002,Food,19,105,139.92,0,0,22.1,6.9,0.0,11,0.98,56.91,1577.19
2023-03-23,S003,P003,Home,17,91,233.25,0,0,36.8,4.6,0.0,7,0.97,127.2,1802.85
2023-03-23,S003,P004,Toys,14,86,120.52,0,0,5.1,,0.0,11,0.85,57.33,884.66
2023-03-23,S003,P005,Electronics,17,105,127.2,0,0,22.9,0.0,0.0,4,0.84,80.9,787.1
2023-03-24,S001,P001,Clothing,17,102,247.59,0,0,39.6,0.0,0.0,10,0.92,187.23,1026.12
2023-03-24,S001,P002,Food,22,71,286.56,0,0,38.6,0.0,0.0,5,0.76,216.26,1546.6
2023-03-24,S001,P003,Home,20,92,300.91,0,0,27.9,0.5,0.0,12,0.95,128.45,3449.2
2023-03-24,S001,P004,Toys,14,134,149.43,0,0,6.3,0.0,0.0,8,0.86,94.17,773.64
2023-03-24,S001,P005,Electronics,21,92,132.66,0,0,16.7,8.1,0.0,8,,59.13,1544.13
2023-03-24,S002,P001,Clothing,12,66,51.91,0,0,,4.5,0.0,3,0.76,38.8,157.32
2023-03-24,S002,P002,Food,18,96,172.28,0,0,13.3,1.2,0.0,2,0.84,96.21,1369.26
2023-03-24,S002,P003,Home,21,106,258.21,0,0,20.6,10.3,0.0,1,,106.66,3182.55
2023-03-24,S002,P004,Toys,17,78,188.26,0,0,30.1,17.3,0.0,11,0.74,130.73,978.01
2023-03-24,S002,P005,Electronics,27,109,256.24,1,0,18.8,4.9,0.29,3,0.77,160.02,591.58
2023-03-24,S003,P001,Clothing,22,89,476.57,0,0,20.2,6.2,0.0,4,,373.36,2270.62
2023-03-24,S003,P001,Clothing,22,89,476.57,0,0,20.2,6.2,0.0,4,,373.36,2270.62
2023-03-24,S003,P002,Food,18,122,172.9,0,0,19.1,,0.0,8,0.82,110.06,1131.12
2023-03-24,S003,P003,Home,25,105,470.04,0,0,24.0,6.2,0.0,8,0.75,302.2,4196.0
2023-03-24,S003,P004,Toys,17,117,30.75,0,0,24.5,7.4,0.0,11,0.86,19.17,196.86
2023-03-24,S003,P005,Electronics,20,104,422.44,0,0,40.4,9.4,0.0,5,0.9,197.72,4494.4
2023-03-25,S001,P001,Clothing,23,99,97.12,0,0,6.1,10.4,0.0,11,0.92,40.84,1294.44
2023-03-25,S001,P002,Food,12,116,278.03,0,0,25.3,8.9,0.0,1,0.76,139.75,1659.36
2023-03-25,S001,P003,Home,33,73,347.31,1,0,25.3,7.2,0.24,9,0.82,176.76,2877.45
2023-03-25,S001,P004,Toys,37,111,341.91,0,0,18.1,1.4,0.0,9,0.74,236.29,3907.94
2023-03-25,S001,P005,Electronics,28,100,228.25,0,0,10.4,1.7,0.0,2,0.71,123.72,2926.84
2023-03-25,S002,P001,Clothing,39,54,231.07,1,0,30.9,0.0,0.08,7,,172.44,1565.63
2023-03-25,S002,P002,Food,23,100,120.5,0,1,17.9,0.0,0.0,5,0.96,77.82,981.64
2023-03-25,S002,P003,Home,15,139,290.4,0,0,22.7,0.0,0.0,7,0.89,216.92,1102.2
2023-03-25,S002,P004,Toys,24,63,233.93,0,0,32.9,4.7,0.0,11,1.0,131.01,2470.08
2023-03-25,S002,P005,Electronics,110,85,206.19,0,0,9.2,2.4,0.0,1,0.97,95.93,2425.72
2023-03-25,S003,P001,Clothing,23,139,14.16,0,0,19.1,8.9,0.0,1,0.89,6.89,167.21
2023-03-25,S003,P002,Food,35,126,475.95,0,0,29.6,2.0,0.0,11,0.78,229.81,8614.9
2023-03-25,S003,P003,Home,15,86,411.47,0,0,32.3,10.5,0.0,10,0.99,281.56,1948.65
2023-03-25,S003,P004,Toys,19,49,113.37,0,0,5.2,5.1,0.0,2,0.74,68.2,858.23
2023-03-25,S003,P005,Electronics,26,76,242.93,0,0,34.6,0.0,0.0,10,0.91,170.15,1892.28
2023-03-26,S001,P001,Clothing,33,84,170.11,1,0,25.2,0.0,0.08,13,0.93,87.75,2268.79
2023-03-26,S001,P002,Food,23,89,362.2,0,0,38.0,6.8,0.0,7,0.86,151.52,4845.64
2023-03-26,S001,P003,Home,26,101,322.08,0,0,-5.2,0.5,0.0,11,0.96,196.06,3276.52
2023-03-26,S001,P004,Toys,27,83,148.71,0,0,28.9,0.0,0.0,9,1.0,107.43,1114.56
2023-03-26,S001,P005,Electronics,35,114,480.0,0,1,30.3,0.0,0.0,3,1.0,193.14,10040.1
2023-03-26,S002,P001,Clothing,29,91,488.49,0,0,22.1,8.9,0.0,7,0.76,383.32,3049.93
2023-03-26,S002,P002,Food,16,112,405.93,0,0,20.2,0.0,0.0,11,0.81,204.72,3219.36
2023-03-26,S002,P003,Home,31,109,468.52,0,0,22.1,7.0,0.0,9,0.75,293.41,5428.41
2023-03-26,S002,P004,Toys,29,134,312.13,1,0,33.1,0.0,0.2,7,0.75,154.05,2773.97
2023-03-26,S002,P005,Electronics,25,101,154.63,0,0,9.3,0.0,0.0,7,0.99,99.91,1368.0
2023-03-26,S003,P001,Clothing,25,98,178.74,0,0,15.4,5.1,0.0,11,1.0,117.84,1522.5
2023-03-26,S003,P002,Food,30,85,244.63,0,0,23.1,2.9,0.0,2,0.8,120.19,3733.2
2023-03-26,S003,P003,Home,20,77,275.85,0,0,30.1,0.0,0.0,4,0.97,131.52,2886.6
2023-03-26,S003,P004,Toys,23,108,121.25,0,0,34.6,1.9,0.0,2,0.95,75.34,1055.93
2023-03-26,S003,P005,Electronics,41,70,26.24,1,0,5.0,0.0,0.23,2,0.84,13.31,282.69
2023-03-27,S001,P001,Clothing,16,108,48.59,0,0,23.5,2.1,0.0,9,0.8,32.45,258.24
2023-03-27,S001,P002,Food,28,129,444.7,1,0,18.9,1.9,0.26,5,0.71,186.64,3988.26
2023-03-27,S001,P003,Home,17,96,331.5,0,0,30.4,3.1,0.0,9,0.98,244.25,1483.25
2023-03-27,S001,P004,Toys,19,102,331.22,0,0,14.5,,0.0,6,0.76,163.15,3193.33
2023-03-27,S001,P005,Electronics,25,69,67.28,0,0,34.1,0.2,0.0,6,0.79,40.34,673.5
2023-03-27,S002,P001,Clothing,15,55,376.47,0,0,30.7,6.1,0.0,2,0.94,234.44,2130.45
2023-03-27,S002,P002,Food,19,105,316.92,0,0,17.4,5.2,0.0,6,0.88,183.23,2540.11
2023-03-27,S002,P003,Home,21,91,365.11,0,0,20.5,0.0,0.0,13,0.98,211.08,3234.63
2023-03-27,S002,P004,Toys,27,105,15.5,0,0,-0.8,0.0,0.0,8,0.71,7.45,217.35
2023-03-27,S002,P005,Electronics,25,105,342.98,0,0,5.7,0.0,0.0,1,0.97,212.37,3265.25
2023-03-27,S003,P001,Clothing,26,102,397.54,0,0,28.0,0.0,0.0,12,0.99,248.6,3872.44
2023-03-27,S003,P002,Food,12,99,99.74,0,0,29.6,6.8,0.0,9,0.81,64.07,428.04
2023-03-27,S003,P003,Home,19,70,378.3,0,0,39.8,6.6,0.0,9,0.72,245.21,2528.71
2023-03-27,S003,P004,Toys,13,93,298.78,0,0,23.3,0.0,0.0,1,0.73,225.41,953.81
2023-03-27,S003,P005,Electronics,20,92,37.9,0,0,21.0,7.0,0.0,12,0.82,20.83,341.4
2023-03-28,S001,P001,Clothing,16,103,141.63,0,0,17.8,9.3,0.0,7,0.86,112.42,467.36
2023-03-28,S001,P002,Food,33,123,302.2,1,0,8.2,6.1,0.24,2,0.77,171.14,1931.56
2023-03-28,S001,P003,Home,20,116,92.61,0,0,34.6,0.1,0.0,13,0.86,51.65,819.2
2023-03-28,S001,P004,Toys,17,68,117.51,0,0,,2.4,0.0,13,0.92,84.52,560.83
2023-03-28,S001,P005,Electronics,20,96,45.52,0,0,13.6,1.9,0.0,10,0.87,34.51,220.2
2023-03-28,S002,P001,Clothing,23,132,64.26,0,0,27.9,7.6,0.0,2,0.83,33.13,715.99
2023-03-28,S002,P002,Food,13,100,72.24,0,0,33.9,1.1,0.0,8,0.94,37.46,452.14
2023-03-28,S002,P003,Home,18,118,346.08,0,0,14.0,0.0,0.0,1,,232.7,2040.84
2023-03-28,S002,P004,Toys,20,136,233.04,0,0,23.3,1.1,0.0,10,0.96,136.29,1935.0
2023-03-28,S002,P005,Electronics,21,98,443.05,0,0,18.0,0.2,0.0,10,0.82,196.45,5178.6
2023-03-28,S003,P001,Clothing,21,73,450.69,0,0,31.2,0.0,0.0,9,0.71,210.21,5050.08
2023-03-28,S003,P002,Food,18,71,126.15,0,0,28.3,0.0,0.0,3,0.88,89.53,659.16
2023-03-28,S003,P003,Home,19,70,361.48,0,0,23.5,0.0,0.0,1,0.86,209.28,2891.8
2023-03-28,S003,P004,Toys,19,73,193.48,0,0,3.5,4.0,0.0,3,0.74,153.99,750.31
2023-03-28,S003,P005,Electronics,17,109,123.67,0,0,11.6,2.3,0.0,7,0.7,94.17,501.5
2023-03-29,S001,P001,Clothing,13,98,255.59,0,0,27.7,5.5,0.0,8,0.72,173.55,1066.52
2023-03-29,S001,P002,Food,28,135,472.15,1,0,33.4,0.0,0.27,8,0.82,207.63,3837.11
2023-03-29,S001,P003,Home,30,138,100.12,0,0,18.3,8.8,0.0,10,0.86,54.43,1370.7
2023-03-29,S001,P004,Toys,16,136,355.41,0,0,17.4,,0.0,8,0.82,238.68,1867.68
2023-03-29,S001,P005,Electronics,21,87,455.64,0,0,7.1,0.4,0.0,6,0.97,334.79,2537.85
2023-03-29,S002,P001,Clothing,27,95,229.72,0,0,20.8,1.4,0.0,7,0.71,152.25,2091.69
2023-03-29,S002,P002,Food,19,76,498.41,0,0,16.6,,0.0,8,0.8,219.09,5307.08
2023-03-29,S002,P003,Home,16,107,135.49,0,0,21.8,4.1,0.0,1,0.74,101.84,538.4
2023-03-29,S002,P004,Toys,26,96,252.05,0,0,27.4,0.0,0.0,12,0.92,128.69,3207.36
2023-03-29,S002,P004,Toys,26,96,252.05,0,0,27.4,0.0,0.0,12,0.92,128.69,3207.36
2023-03-29,S002,P005,Electronics,27,88,178.74,0,0,11.7,9.4,0.0,8,0.94,118.99,1613.25
2023-03-29,S003,P001,Clothing,12,108,291.57,0,0,8.1,0.0,0.0,10,0.85,126.39,1982.16
2023-03-29,S003,P002,Food,24,96,130.51,0,0,17.6,0.0,0.0,12,0.81,88.16,1016.4
2023-03-29,S003,P003,Home,15,76,32.28,0,0,5.1,1.1,0.0,7,0.78,20.52,176.4
2023-03-29,S003,P004,Toys,19,100,206.34,0,0,18.4,5.2,0.0,5,0.96,93.99,2134.65
2023-03-29,S003,P005,Electronics,32,138,177.46,0,1,24.6,0.0,0.0,10,0.81,94.11,2667.2
2023-03-30,S001,P001,Clothing,90,79,318.05,0,0,9.9,0.0,0.0,1,0.98,239.85,1407.6
2023-03-30,S001,P002,Food,22,69,28.3,0,0,,0.0,0.0,8,0.81,16.98,249.04
2023-03-30,S001,P003,Home,11,83,77.58,0,0,8.4,1.8,0.0,2,0.98,61.5,176.88
2023-03-30,S001,P004,Toys,21,88,380.3,0,0,12.0,0.0,0.0,1,0.89,272.25,2269.05
2023-03-30,S001,P005,Electronics,17,121,28.5,0,0,9.5,0.0,0.0,2,0.96,14.71,234.43
2023-03-30,S002,P001,Clothing,16,66,223.66,0,0,0.1,3.6,0.0,12,0.98,113.96,1755.2
2023-03-30,S002,P002,Food,19,93,34.7,0,0,22.2,4.2,0.0,12,0.86,16.28,349.98
2023-03-30,S002,P003,Home,25,102,248.91,0,0,5.3,11.5,0.0,4,0.72,137.52,2784.75
2023-03-30,S002,P004,Toys,16,146,311.37,0,0,2.2,5.1,0.0,9,0.82,230.32,1296.8
2023-03-30,S002,P005,Electronics,40,117,482.76,1,0,44.4,6.9,0.19,7,0.77,303.5,3501.42
2023-03-30,S003,P001,Clothing,21,92,365.42,0,0,28.6,0.0,0.0,1,0.86,223.71,2975.91
2023-03-30,S003,P002,Food,13,97,493.78,0,0,1.9,11.6,0.0,9,0.9,353.95,1817.79
2023-03-30,S003,P003,Home,18,76,333.25,0,0,18.8,0.0,0.0,5,0.81,220.28,2033.46
2023-03-30,S003,P004,Toys,20,115,323.28,0,0,22.1,5.8,0.0,1,0.72,248.56,1494.4
2023-03-30,S003,P005,Electronics,18,98,365.25,0,0,31.0,0.0,0.0,9,0.91,149.51,3883.32
2023-03-31,S001,P001,Clothing,22,101,46.25,1,0,24.9,4.4,0.12,6,0.82,22.26,405.68
2023-03-31,S001,P002,Food,20,110,452.64,0,0,12.5,0.0,0.0,8,0.86,246.73,4118.2
2023-03-31,S001,P003,Home,21,76,170.36,0,0,21.3,2.5,0.0,8,0.87,115.96,1142.4
2023-03-31,S001,P004,Toys,23,103,92.52,0,0,,6.5,0.0,4,0.95,61.57,711.85
2023-03-31,S001,P005,Electronics,22,89,443.11,0,0,,5.2,0.0,4,0.85,343.33,2195.16
2023-03-31,S002,P001,Clothing,28,47,268.79,0,0,36.0,0.1,0.0,7,0.74,203.07,1840.16
2023-03-31,S002,P002,Food,36,99,217.18,0,0,11.1,0.7,0.0,11,0.97,170.64,1675.44
2023-03-31,S002,P003,Home,17,84,488.16,0,0,5.4,12.2,0.0,4,0.88,304.19,3127.49
2023-03-31,S002,P004,Toys,95,99,308.2,0,0,13.7,3.5,0.0,13,0.79,171.13,2604.33
2023-03-31,S002,P005,Electronics,15,106,140.92,0,0,27.4,4.1,0.0,5,0.79,68.63,1084.35
2023-03-31,S003,P001,Clothing,11,106,455.67,0,0,27.2,11.1,0.0,11,0.88,304.57,1662.1
2023-03-31,S003,P002,Food,17,130,436.61,0,0,24.0,0.0,0.0,12,0.73,221.57,3655.68
2023-03-31,S003,P003,Home,26,86,253.9,0,0,3.3,4.0,0.0,1,0.75,145.03,2830.62
2023-03-31,S003,P004,Toys,21,89,222.0,0,0,27.2,1.8,0.0,12,,119.22,2158.38
2023-03-31,S003,P005,Electronics,16,116,466.74,0,0,28.5,0.0,0.0,6,0.81,271.14,3129.6
2023-04-01,S001,P001,Clothing,25,76,93.24,0,0,5.3,0.0,0.0,9,0.92,69.11,603.25
2023-04-01,S001,P002,Food,34,87,225.2,0,0,8.5,4.8,0.0,8,0.96,160.95,2184.5
2023-04-01,S001,P003,Home,13,102,414.4,0,0,29.3,0.0,0.0,8,0.97,223.18,2485.86
2023-04-01,S001,P004,Toys,25,118,360.53,0,0,30.0,5.3,0.0,12,0.78,244.56,2899.25
2023-04-01,S001,P005,Electronics,24,123,169.57,0,0,10.3,10.9,0.0,3,0.77,83.85,2057.28
2023-04-01,S001,P005,Electronics,24,123,169.57,0,0,10.3,10.9,0.0,3,0.77,83.85,2057.28
2023-04-01,S002,P001,Clothing,24,60,65.33,0,0,5.7,2.3,0.0,10,0.92,43.96,512.88
2023-04-01,S002,P002,Food,16,106,128.78,0,0,18.1,3.5,0.0,2,0.79,82.14,746.24
2023-04-01,S002,P003,Home,26,93,283.42,0,0,21.5,5.3,0.0,8,0.7,218.37,1691.3
2023-04-01,S002,P004,Toys,15,100,368.57,0,0,-2.2,3.8,0.0,12,0.97,258.25,1654.8
2023-04-01,S002,P005,Electronics,31,85,209.33,0,0,25.8,8.5,0.0,11,0.78,106.31,3193.62
2023-04-01,S003,P001,Clothing,14,98,221.67,0,0,3.7,0.0,0.0,5,,93.7,1791.58
2023-04-01,S003,P002,Food,23,103,220.21,0,0,7.9,10.6,0.0,11,0.8,98.84,2791.51
2023-04-01,S003,P003,Home,22,102,18.62,0,0,16.8,0.0,0.0,4,0.7,9.32,204.6
2023-04-01,S003,P004,Toys,23,84,175.66,0,0,25.8,0.0,0.0,13,0.79,91.53,1934.99
2023-04-01,S003,P005,Electronics,33,84,307.88,0,0,34.9,0.0,0.0,4,0.9,169.12,4579.08
2023-04-02,S001,P001,Clothing,26,80,142.02,0,0,18.4,7.1,0.0,8,0.86,90.82,1331.2
2023-04-02,S001,P002,Food,22,83,470.21,0,0,15.4,1.0,0.0,12,,324.54,3204.74
2023-04-02,S001,P003,Home,25,149,90.37,0,0,16.2,2.2,0.0,1,0.9,48.66,1042.75
2023-04-02,S001,P004,Toys,26,74,379.19,1,0,25.2,0.0,0.26,3,0.94,188.96,2382.66
2023-04-02,S001,P005,Electronics,28,123,377.17,0,0,19.3,,0.0,6,0.81,211.26,4645.48
2023-04-02,S002,P001,Clothing,18,92,397.06,0,0,22.8,2.4,0.0,9,0.73,165.07,4175.82
2023-04-02,S002,P002,Food,25,113,222.0,0,0,8.6,0.3,0.0,5,0.77,118.82,2579.5
2023-04-02,S002,P003,Home,22,77,190.82,0,0,40.4,0.0,0.0,8,0.77,121.52,1524.6
2023-04-02,S002,P004,Toys,17,68,228.76,0,1,48.0,0.0,0.0,3,0.75,102.73,2142.51
2023-04-02,S002,P005,Electronics,26,104,210.58,0,0,32.0,4.2,0.0,13,0.95,139.96,1836.12
2023-04-02,S003,P001,Clothing,65,84,268.44,0,0,41.7,4.0,0.0,11,0.94,142.21,1640.99
2023-04-02,S003,P002,Food,29,79,317.45,0,0,29.3,2.1,0.0,6,0.99,127.01,5522.76
2023-04-02,S003,P003,Home,22,110,90.4,0,0,8.1,0.0,0.0,7,0.9,44.16,1017.28
2023-04-02,S003,P004,Toys,26,138,410.76,0,0,6.6,0.0,0.0,4,0.81,225.81,4808.7
2023-04-02,S003,P005,Electronics,31,85,493.85,1,0,,,0.06,9,0.88,336.81,3949.68
2023-04-03,S001,P001,Clothing,18,93,499.34,0,0,,2.8,0.0,4,0.78,239.92,4669.56
2023-04-03,S001,P002,Food,22,105,392.03,0,0,18.7,0.0,0.0,4,0.78,196.95,4291.76
2023-04-03,S001,P003,Home,18,109,81.31,1,0,33.0,2.3,0.15,7,0.75,52.24,303.72
2023-04-03,S001,P004,Toys,29,89,243.48,0,0,,0.0,0.0,8,0.98,157.79,2485.01
2023-04-03,S001,P005,Electronics,22,105,436.97,1,0,7.6,5.3,0.1,6,0.9,264.18,2840.05
2023-04-03,S002,P001,Clothing,15,127,314.5,0,0,25.3,1.9,0.0,4,0.89,214.15,1505.25
2023-04-03,S002,P002,Food,21,80,51.14,0,0,26.5,0.0,0.0,10,0.77,38.56,264.18
2023-04-03,S002,P003,Home,24,79,177.15,1,0,31.5,0.0,0.27,3,0.87,84.71,1070.63
2023-04-03,S002,P004,Toys,23,117,372.31,0,0,15.7,14.2,0.0,3,0.98,160.28,4876.69
2023-04-03,S002,P005,Electronics,16,119,233.13,0,0,19.9,0.0,0.0,12,0.92,118.05,1841.28
2023-04-03,S003,P001,Clothing,12,119,409.07,0,1,44.5,7.2,0.0,5,0.76,168.89,2882.16
2023-04-03,S003,P002,Food,16,124,391.17,0,0,23.7,0.9,0.0,11,0.84,187.87,3252.8
2023-04-03,S003,P003,Home,15,88,344.13,0,0,30.4,19.1,0.0,12,0.94,224.9,1788.45
2023-04-03,S003,P004,Toys,14,105,343.12,0,0,26.3,0.0,0.0,8,0.83,216.53,1772.26
2023-04-03,S003,P005,Electronics,27,89,164.06,1,0,46.3,1.2,0.17,13,0.83,91.11,1216.61
2023-04-04,S001,P001,Clothing,20,89,56.5,0,0,21.0,0.9,0.0,1,0.95,36.15,407.0
2023-04-04,S001,P002,Food,18,100,397.86,0,0,22.1,0.0,0.0,1,0.76,299.61,1768.5
2023-04-04,S001,P003,Home,7,84,268.45,0,0,12.8,,0.0,4,0.97,129.29,974.12
2023-04-04,S001,P004,Toys,13,121,148.01,0,0,24.5,,0.0,5,0.96,112.42,462.67
2023-04-04,S001,P005,Electronics,18,121,414.07,0,0,11.3,4.8,0.0,3,0.79,289.02,2250.9
2023-04-04,S002,P001,Clothing,13,118,232.61,0,0,10.4,8.6,0.0,8,0.94,157.64,974.61
2023-04-04,S002,P002,Food,22,123,155.57,0,0,17.5,2.3,0.0,10,0.82,75.53,1760.88
2023-04-04,S002,P003,Home,85,117,337.56,0,0,35.2,4.2,0.0,7,0.77,261.73,1289.11
2023-04-04,S002,P004,Toys,14,125,309.56,0,1,23.6,7.0,0.0,6,,188.56,1694.0
2023-04-04,S002,P005,Electronics,21,87,93.34,0,0,30.5,1.6,0.0,2,0.97,51.05,888.09
2023-04-04,S003,P001,Clothing,27,119,385.25,0,0,20.2,1.6,0.0,8,0.75,184.45,5421.6
2023-04-04,S003,P002,Food,9,67,141.0,0,0,11.0,0.0,0.0,11,0.83,59.97,729.27
2023-04-04,S003,P003,Home,25,126,316.07,0,0,17.0,5.0,0.0,13,0.8,144.02,4301.25
2023-04-04,S003,P004,Toys,15,127,479.56,0,0,19.8,4.1,0.0,7,0.83,207.78,4076.7
2023-04-04,S003,P005,Electronics,33,135,119.48,0,0,25.6,8.5,0.0,6,0.91,62.59,1877.37
2023-04-05,S001,P001,Clothing,18,90,469.3,0,0,31.3,5.0,0.0,12,0.8,218.78,4509.36
2023-04-05,S001,P002,Food,31,119,95.0,0,0,27.9,4.1,0.0,2,0.74,45.95,1520.55
2023-04-05,S001,P003,Home,28,81,408.34,0,0,-0.4,0.0,0.0,10,0.9,274.17,3756.76
2023-04-05,S001,P003,Home,28,81,408.34,0,0,-0.4,0.0,0.0,10,0.9,274.17,3756.76
2023-04-05,S001,P004,Toys,15,114,187.58,0,0,22.6,8.1,0.0,1,0.8,131.12,846.9
2023-04-05,S001,P005,Electronics,18,125,428.34,0,0,-8.2,6.2,0.0,2,0.86,308.86,2150.64
2023-04-05,S002,P001,Clothing,16,86,361.63,0,0,19.4,4.9,0.0,13,0.87,272.02,1433.76
2023-04-05,S002,P002,Food,12,103,457.95,0,0,20.1,0.0,0.0,13,0.77,279.57,2140.56
2023-04-05,S002,P003,Home,30,143,340.09,0,1,23.1,10.2,0.0,4,0.71,257.75,2470.2
2023-04-05,S002,P004,Toys,17,128,413.1,0,0,21.6,8.5,0.0,4,0.93,303.5,1863.2
2023-04-05,S002,P005,Electronics,32,88,399.28,0,0,27.4,3.3,0.0,2,0.94,200.68,6355.2
2023-04-05,S003,P001,Clothing,16,89,242.63,0,0,15.8,0.0,0.0,4,0.92,159.66,1327.52
2023-04-05,S003,P002,Food,19,114,416.06,0,0,19.5,3.4,0.0,10,0.86,290.57,2384.31
2023-04-05,S003,P003,Home,21,82,145.06,0,0,19.3,9.1,0.0,5,0.77,70.86,1558.2
2023-04-05,S003,P004,Toys,24,111,311.93,0,0,2.8,10.9,0.0,11,0.97,155.15,3762.72
2023-04-05,S003,P005,Electronics,7,101,65.02,0,0,9.7,0.0,0.0,4,1.0,37.46,192.92
2023-04-06,S001,P001,Clothing,17,117,309.49,0,0,25.8,9.6,0.0,4,0.71,221.15,1501.78
2023-04-06,S001,P002,Food,24,110,482.85,0,0,0.8,6.7,0.0,7,0.76,314.3,4045.2
2023-04-06,S001,P003,Home,19,110,11.99,0,0,,5.2,0.0,6,0.98,8.25,71.06
2023-04-06,S001,P004,Toys,10,86,159.95,0,0,12.3,1.8,0.0,6,0.79,76.56,833.9
2023-04-06,S001,P005,Electronics,18,75,22.77,0,0,16.4,2.9,0.0,1,0.92,17.18,100.62
2023-04-06,S002,P001,Clothing,18,106,417.93,0,0,22.3,0.0,0.0,12,0.78,292.68,2254.5
2023-04-06,S002,P002,Food,30,102,127.86,0,0,30.0,0.0,0.0,2,0.73,61.09,2003.1
2023-04-06,S002,P003,Home,16,101,295.61,0,0,27.0,7.8,0.0,9,0.76,190.58,1680.48
2023-04-06,S002,P004,Toys,16,99,206.14,0,0,11.8,7.1,0.0,6,0.83,143.49,1002.4
2023-04-06,S002,P005,Electronics,36,87,174.07,1,0,26.0,5.7,0.29,7,0.94,109.01,524.87
2023-04-06,S003,P001,Clothing,25,73,322.69,0,0,34.1,3.9,0.0,2,0.77,137.44,4631.25
2023-04-06,S003,P002,Food,18,87,210.25,0,0,14.4,0.0,0.0,6,0.84,127.47,1490.04
2023-04-06,S003,P003,Home,19,112,222.37,0,0,30.6,0.0,0.0,4,0.88,133.06,1696.89
2023-04-06,S003,P004,Toys,11,109,438.78,0,0,35.6,0.0,0.0,11,0.97,319.01,1317.47
2023-04-06,S003,P005,Electronics,21,61,203.58,0,0,14.8,9.6,0.0,7,0.97,139.87,1337.91
2023-04-07,S001,P001,Clothing,28,117,206.71,0,1,20.0,0.0,0.0,2,0.85,114.53,2581.04
2023-04-07,S001,P002,Food,15,83,103.27,0,0,13.0,6.5,0.0,9,,55.7,713.55
2023-04-07,S001,P003,Home,19,82,368.86,0,0,39.7,0.0,0.0,7,0.92,249.85,2261.19
2023-04-07,S001,P004,Toys,24,84,331.36,0,0,23.0,0.0,0.0,6,0.92,153.1,4278.24
2023-04-07,S001,P005,Electronics,27,72,248.22,1,0,11.0,6.2,0.06,6,0.84,130.84,2767.14
2023-04-07,S002,P001,Clothing,18,69,483.19,0,0,32.3,2.0,0.0,4,0.94,240.08,4375.98
2023-04-07,S002,P002,Food,14,96,103.04,0,0,19.9,0.0,0.0,8,0.75,70.95,449.26
2023-04-07,S002,P003,Home,25,122,490.42,1,0,8.9,5.5,0.24,12,0.82,334.27,961.23
2023-04-07,S002,P004,Toys,18,81,311.02,0,0,8.8,2.9,0.0,2,0.96,190.12,2176.2
2023-04-07,S002,P005,Electronics,24,103,368.06,0,0,23.7,0.0,0.0,1,0.88,193.97,4178.16
2023-04-07,S003,P001,Clothing,28,112,26.27,0,0,8.2,12.3,0.0,9,0.84,11.37,417.2
2023-04-07,S003,P002,Food,19,97,166.14,0,0,,0.0,0.0,8,0.86,118.35,908.01
2023-04-07,S003,P003,Home,22,146,473.85,0,0,15.9,0.0,0.0,11,0.99,263.69,4623.52
2023-04-07,S003,P004,Toys,20,93,169.57,0,0,12.6,5.5,0.0,12,0.81,134.54,700.6
2023-04-07,S003,P005,Electronics,17,123,445.85,0,0,23.2,,0.0,8,0.82,301.46,2454.63
2023-04-08,S001,P001,Clothing,43,125,52.0,1,1,20.9,3.8,0.15,13,0.77,23.7,881.5
2023-04-08,S001,P002,Food,25,85,144.27,0,0,20.6,12.1,0.0,5,0.78,110.84,835.75
2023-04-08,S001,P003,Home,16,83,309.0,1,0,18.3,9.9,0.08,7,0.76,173.9,1766.08
2023-04-08,S001,P004,Toys,20,106,281.87,0,0,42.3,2.7,0.0,13,0.74,194.18,1753.8
2023-04-08,S001,P005,Electronics,24,70,295.44,0,0,-2.4,0.0,0.0,2,0.92,128.68,4002.24
2023-04-08,S002,P001,Clothing,24,82,461.43,0,0,21.1,2.2,0.0,4,0.75,231.02,5529.84
2023-04-08,S002,P002,Food,15,88,440.53,0,0,21.1,2.7,0.0,2,0.71,183.38,3857.25
2023-04-08,S002,P003,Home,25,116,37.87,0,0,11.8,0.6,0.0,7,0.81,16.17,542.5
2023-04-08,S002,P004,Toys,25,89,324.33,0,0,7.2,4.2,0.0,5,0.95,164.92,3985.25
2023-04-08,S002,P005,Electronics,19,48,390.53,0,0,16.1,2.0,0.0,13,0.89,207.33,3480.8
2023-04-08,S003,P001,Clothing,26,112,190.4,1,0,11.9,0.0,0.2,2,0.71,132.1,525.72
2023-04-08,S003,P002,Food,23,107,307.9,0,0,41.5,0.0,0.0,6,0.88,240.05,1560.55
2023-04-08,S003,P003,Home,23,108,172.17,0,0,25.5,0.2,0.0,13,0.81,104.01,1567.68
2023-04-08,S003,P004,Toys,37,108,80.4,1,0,,6.4,0.07,9,0.72,33.64,1521.88
2023-04-08,S003,P005,Electronics,15,99,460.28,0,0,5.0,4.2,0.0,9,0.75,199.04,3918.6
2023-04-09,S001,P001,Clothing,19,93,383.4,0,0,28.5,3.7,0.0,11,0.78,257.75,2387.35
2023-04-09,S001,P002,Food,16,101,258.43,0,0,24.1,4.1,0.0,13,0.75,183.31,1201.92
2023-04-09,S001,P003,Home,29,101,70.38,0,1,22.9,8.6,0.0,4,0.81,29.83,1175.95
2023-04-09,S001,P004,Toys,22,108,389.53,0,0,8.0,,0.0,4,0.79,220.84,3711.18
2023-04-09,S001,P005,Electronics,115,123,389.17,1,0,16.9,,0.08,1,0.86,292.76,1501.36
2023-04-09,S002,P001,Clothing,20,94,311.07,0,0,20.5,12.6,0.0,8,0.87,184.18,2537.8
2023-04-09,S002,P002,Food,18,78,403.18,0,0,29.4,6.8,0.0,5,0.8,262.77,2527.38
2023-04-09,S002,P003,Home,19,110,365.19,0,0,9.3,7.6,0.0,12,0.93,235.48,2464.49
2023-04-09,S002,P004,Toys,20,106,251.27,0,0,15.4,0.6,0.0,8,0.95,196.14,1102.6
2023-04-09,S002,P005,Electronics,26,99,16.44,1,0,4.8,0.4,0.19,8,0.96,8.91,114.57
2023-04-09,S003,P001,Clothing,16,96,95.16,0,0,18.6,1.2,0.0,10,0.99,46.54,777.92
2023-04-09,S003,P002,Food,25,95,472.28,0,0,23.1,0.0,0.0,6,0.96,239.16,5828.0
2023-04-09,S003,P003,Home,24,112,89.61,0,0,19.2,0.0,0.0,13,0.9,38.15,1235.04
2023-04-09,S003,P004,Toys,25,70,280.29,0,0,14.5,0.0,0.0,13,0.84,142.84,3436.25
2023-04-09,S003,P005,Electronics,28,98,220.04,0,0,26.9,6.6,0.0,13,,108.6,3120.32
2023-04-10,S001,P001,Clothing,20,112,34.77,0,0,22.3,0.0,0.0,13,0.73,22.39,247.6
2023-04-10,S001,P002,Food,15,107,498.32,0,0,26.8,2.4,0.0,4,0.97,309.26,2835.9
2023-04-10,S001,P003,Home,13,51,292.21,0,0,15.3,0.0,0.0,11,0.87,191.65,1307.28
2023-04-10,S001,P004,Toys,20,102,126.36,0,0,,0.0,0.0,6,0.97,63.8,1251.2
2023-04-10,S001,P005,Electronics,29,66,389.98,0,0,6.4,3.1,0.0,6,0.82,206.55,5319.47
2023-04-10,S002,P001,Clothing,13,115,320.34,0,0,26.3,3.8,0.0,10,0.87,242.68,1009.58
2023-04-10,S002,P002,Food,30,75,236.84,0,1,18.0,0.0,0.0,11,0.73,110.71,3783.9
2023-04-10,S002,P003,Home,22,77,44.91,0,0,8.1,0.0,0.0,8,0.86,33.27,256.08
2023-04-10,S002,P004,Toys,22,141,290.35,0,0,19.7,0.0,0.0,5,0.73,131.23,3500.64
2023-04-10,S002,P005,Electronics,25,134,381.01,0,0,20.9,4.2,0.0,5,0.8,287.95,2326.5
2023-04-10,S003,P001,Clothing,18,96,469.71,0,0,26.0,1.9,0.0,6,0.72,202.28,4813.74
2023-04-10,S003,P002,Food,19,122,138.31,0,0,10.5,9.1,0.0,8,0.94,108.07,574.56
2023-04-10,S003,P003,Home,19,134,236.34,0,0,,1.3,0.0,12,,108.59,2427.25
2023-04-10,S003,P004,Toys,29,108,203.04,0,0,,7.3,0.0,12,0.89,129.77,2124.83
2023-04-10,S003,P005,Electronics,28,74,207.19,0,0,7.8,0.0,0.0,8,0.9,121.99,2385.6
2023-04-11,S001,P001,Clothing,26,99,495.47,0,0,20.7,7.3,0.0,2,0.77,361.39,3486.08
2023-04-11,S001,P002,Food,22,123,143.69,0,0,12.8,3.4,0.0,4,0.89,113.7,659.78
2023-04-11,S001,P003,Home,23,120,353.25,0,0,38.7,,0.0,12,0.99,177.06,4052.37
2023-04-11,S001,P004,Toys,20,116,496.92,0,0,21.3,2.7,0.0,8,0.74,380.84,2321.6
2023-04-11,S001,P005,Electronics,24,123,337.03,0,0,11.8,1.4,0.0,1,0.99,254.67,1976.64
2023-04-11,S002,P001,Clothing,20,87,352.21,0,0,33.3,0.1,0.0,5,0.84,199.6,3052.2
2023-04-11,S002,P002,Food,18,101,344.05,0,0,6.2,0.0,0.0,8,0.95,263.1,1457.1
2023-04-11,S002,P003,Home,20,77,494.32,0,0,24.3,0.0,0.0,2,0.74,392.26,2041.2
2023-04-11,S002,P004,Toys,15,67,30.45,0,0,12.4,0.0,0.0,12,0.94,16.8,204.75
2023-04-11,S002,P005,Electronics,30,105,187.96,1,0,21.3,1.7,0.2,13,0.84,139.71,319.74
2023-04-11,S003,P001,Clothing,26,94,364.6,0,0,-3.0,2.4,0.0,8,0.73,218.04,3810.56
2023-04-11,S003,P002,Food,14,123,418.77,0,0,27.4,0.0,0.0,8,0.97,250.64,2353.82
2023-04-11,S003,P003,Home,22,111,221.96,0,0,30.6,0.0,0.0,2,0.89,103.56,2604.8
2023-04-11,S003,P004,Toys,21,87,482.25,0,0,26.1,11.0,0.0,10,0.78,379.36,2160.69
2023-04-11,S003,P005,Electronics,14,86,194.87,0,0,13.3,0.0,0.0,7,0.74,129.41,916.44
2023-04-12,S001,P001,Clothing,19,89,237.52,0,0,25.0,13.1,0.0,6,0.83,110.63,2410.91
2023-04-12,S001,P002,Food,21,129,446.41,0,0,18.9,0.7,0.0,9,0.86,289.73,3290.28
2023-04-12,S001,P003,Home,18,77,337.46,0,0,22.6,3.2,0.0,5,0.75,242.91,1701.9
2023-04-12,S001,P004,Toys,21,86,248.28,0,0,13.3,0.0,0.0,13,0.79,172.2,1597.68
2023-04-12,S001,P005,Electronics,13,99,91.52,0,0,16.9,1.8,0.0,7,,42.02,643.5
2023-04-12,S002,P001,Clothing,22,46,174.0,0,0,14.6,6.0,0.0,11,0.79,74.09,2198.02
2023-04-12,S002,P002,Food,22,104,210.13,0,0,12.2,9.2,0.0,10,0.89,109.4,2216.06
2023-04-12,S002,P003,Home,14,98,86.13,0,0,31.2,8.1,0.0,6,0.73,48.73,523.6
2023-04-12,S002,P004,Toys,14,88,207.96,0,0,11.3,,0.0,8,0.95,151.46,791.0
2023-04-12,S002,P005,Electronics,15,95,333.15,0,0,27.4,8.6,0.0,9,0.86,141.16,2879.85
2023-04-12,S003,P001,Clothing,13,88,445.28,0,0,30.3,0.0,0.0,12,0.94,269.79,2281.37
2023-04-12,S003,P002,Food,24,82,37.28,0,0,27.7,0.0,0.0,6,0.77,29.81,179.28
2023-04-12,S003,P003,Home,16,106,51.77,0,0,9.2,10.2,0.0,13,0.88,27.21,392.96
2023-04-12,S003,P004,Toys,17,105,239.41,0,0,24.3,5.1,0.0,13,0.84,173.34,1123.19
2023-04-12,S003,P005,Electronics,22,58,346.64,0,0,23.7,0.8,0.0,1,0.73,228.22,2605.24
2023-04-13,S001,P001,Clothing,22,110,168.19,0,0,29.5,0.0,0.0,9,0.79,78.64,1970.1
2023-04-13,S001,P002,Food,13,93,466.34,0,0,21.5,2.1,0.0,10,0.81,227.42,3105.96
2023-04-13,S001,P003,Home,37,79,383.4,0,1,12.6,4.6,0.0,3,0.78,233.8,5535.2
2023-04-13,S001,P004,Toys,21,109,161.48,0,0,18.9,0.0,0.0,13,0.95,109.01,1101.87
2023-04-13,S001,P005,Electronics,21,132,179.49,0,0,25.7,0.0,0.0,3,0.88,116.17,1329.72
2023-04-13,S002,P001,Clothing,21,117,193.31,0,0,28.6,5.9,0.0,11,0.78,106.32,1826.79
2023-04-13,S002,P002,Food,20,101,384.78,0,0,26.7,0.5,0.0,7,,182.14,4052.8
2023-04-13,S002,P003,Home,14,33,436.85,0,0,16.3,1.7,0.0,12,0.99,207.09,3216.64
2023-04-13,S002,P004,Toys,21,88,139.85,0,0,12.9,0.0,0.0,9,0.87,73.6,1391.25
2023-04-13,S002,P005,Electronics,19,132,138.34,0,0,24.5,3.2,0.0,13,0.74,88.96,938.22
2023-04-13,S003,P001,Clothing,20,133,65.53,0,0,11.8,0.0,0.0,12,0.74,44.03,430.0
2023-04-13,S003,P002,Food,21,112,343.78,0,0,9.9,8.5,0.0,13,0.9,188.76,3255.42
2023-04-13,S003,P003,Home,14,113,126.22,0,0,,8.6,0.0,6,0.84,75.74,706.72
2023-04-13,S003,P004,Toys,22,72,478.19,0,0,24.6,2.4,0.0,6,0.74,251.22,4993.34
2023-04-13,S003,P005,Electronics,27,136,208.21,0,0,10.3,0.0,0.0,12,0.9,161.06,1273.05
2023-04-14,S001,P001,Clothing,30,123,237.06,1,0,24.2,2.1,0.27,1,0.87,136.32,1102.01
2023-04-14,S001,P002,Food,24,108,140.09,0,0,29.4,6.4,0.0,4,0.93,109.67,730.08
2023-04-14,S001,P003,Home,15,86,329.61,0,0,23.9,4.1,0.0,9,0.88,198.69,1963.8
2023-04-14,S001,P004,Toys,10,85,318.91,0,0,29.5,0.0,0.0,12,0.92,218.93,999.8
2023-04-14,S001,P005,Electronics,28,116,102.57,0,0,5.6,5.3,0.0,12,0.93,47.49,1542.24
2023-04-14,S002,P001,Clothing,20,130,146.72,0,0,11.5,9.7,0.0,11,0.76,67.16,1591.2
2023-04-14,S002,P002,Food,18,99,306.24,0,0,39.1,6.4,0.0,4,0.89,171.97,2416.86
2023-04-14,S002,P003,Home,27,117,225.16,0,0,17.9,0.6,0.0,10,0.79,133.89,2464.29
2023-04-14,S002,P004,Toys,11,100,376.18,0,0,29.9,0.0,0.0,2,0.95,262.96,1245.42
2023-04-14,S002,P005,Electronics,17,113,250.2,0,0,9.2,8.3,0.0,3,0.95,124.74,2132.82
2023-04-14,S003,P001,Clothing,20,112,381.99,0,0,26.6,1.3,0.0,1,0.88,244.29,2754.0
2023-04-14,S003,P002,Food,25,110,498.87,0,0,19.8,3.2,0.0,6,0.83,394.15,2618.0
2023-04-14,S003,P003,Home,6,103,429.22,0,0,20.1,3.4,0.0,13,0.96,298.55,784.02
2023-04-14,S003,P004,Toys,22,102,385.91,0,1,27.9,0.0,0.0,3,0.82,206.89,3938.44
2023-04-14,S003,P005,Electronics,12,117,178.18,0,0,31.7,4.7,0.0,5,0.74,129.48,584.4
2023-04-15,S001,P001,Clothing,23,90,182.95,0,0,27.1,6.0,0.0,5,0.77,97.85,1957.3
2023-04-15,S001,P002,Food,28,115,256.74,0,0,15.9,2.0,0.0,6,0.97,189.73,1876.28
2023-04-15,S001,P003,Home,26,64,200.09,0,0,9.3,0.0,0.0,4,,120.33,2073.76
2023-04-15,S001,P004,Toys,25,116,430.14,0,0,24.7,2.9,0.0,2,0.8,261.99,4203.75
2023-04-15,S001,P005,Electronics,23,108,443.24,0,0,28.3,4.4,0.0,13,0.92,316.95,2904.67
2023-04-15,S002,P001,Clothing,14,97,111.33,0,0,35.6,0.0,0.0,10,0.83,79.24,449.26
2023-04-15,S002,P002,Food,14,98,410.99,0,0,29.1,0.7,0.0,2,0.91,291.58,1671.74
2023-04-15,S002,P003,Home,20,124,446.15,0,0,11.2,0.7,0.0,10,0.89,334.45,2234.0
2023-04-15,S002,P004,Toys,42,76,367.88,1,0,29.1,2.8,0.17,13,0.77,201.65,4355.0
2023-04-15,S002,P005,Electronics,24,113,62.01,0,0,17.3,,0.0,10,0.78,48.46,325.2
2023-04-15,S003,P001,Clothing,24,90,42.58,0,0,10.8,8.1,0.0,11,0.99,25.88,400.8
2023-04-15,S003,P002,Food,38,125,442.25,0,0,13.8,5.0,0.0,1,0.77,276.61,6294.32
2023-04-15,S003,P003,Home,25,81,301.89,0,1,14.9,2.2,0.0,2,0.77,216.61,2132.0
2023-04-15,S003,P004,Toys,28,105,398.56,1,0,30.6,0.0,0.14,7,0.82,174.3,4716.92
2023-04-15,S003,P005,Electronics,31,92,318.61,0,0,32.9,0.0,0.0,9,0.85,169.78,4613.73
2023-04-16,S001,P001,Clothing,24,110,298.17,0,0,1.1,5.4,0.0,2,0.98,163.55,3230.88
2023-04-16,S001,P002,Food,17,127,245.46,0,0,20.7,9.6,0.0,10,0.87,99.56,2480.3
2023-04-16,S001,P003,Home,25,117,61.83,0,0,30.2,2.8,0.0,13,0.81,35.51,658.0
2023-04-16,S001,P004,Toys,26,114,372.35,0,1,27.5,1.2,0.0,6,0.93,222.55,3894.8
2023-04-16,S001,P005,Electronics,17,100,424.92,0,0,12.5,6.1,0.0,11,0.87,324.43,1708.33
2023-04-16,S002,P001,Clothing,29,91,255.26,0,0,9.1,6.3,0.0,5,0.89,201.23,1566.87
2023-04-16,S002,P002,Food,22,70,79.11,0,0,32.0,2.9,0.0,7,0.72,52.2,592.02
2023-04-16,S002,P003,Home,24,56,333.49,0,0,20.0,6.3,0.0,2,0.81,169.52,3935.28
2023-04-16,S002,P004,Toys,19,96,334.06,0,0,23.3,0.0,0.0,5,0.86,220.76,2152.7
2023-04-16,S002,P005,Electronics,19,93,426.4,0,0,32.4,0.0,0.0,4,0.9,180.78,4666.78
2023-04-16,S003,P001,Clothing,20,96,76.33,0,0,35.5,0.0,0.0,5,0.97,34.89,828.8
2023-04-16,S003,P002,Food,31,91,62.7,1,0,2.8,,0.18,4,0.91,29.95,665.38
2023-04-16,S003,P003,Home,26,89,287.25,0,1,41.7,0.0,0.0,5,0.99,221.22,1716.78
2023-04-16,S003,P004,Toys,62,132,473.7,1,0,29.3,0.0,0.24,3,0.74,373.84,-857.34
2023-04-16,S003,P005,Electronics,16,98,458.89,0,0,24.6,0.0,0.0,2,0.78,299.21,2554.88
2023-04-17,S001,P001,Clothing,31,118,332.47,0,0,,0.5,0.0,3,0.76,181.42,4682.55
2023-04-17,S001,P002,Food,23,104,416.14,0,0,32.8,2.8,0.0,3,0.97,320.24,2205.7
2023-04-17,S001,P003,Home,18,92,108.18,0,0,23.4,2.6,0.0,9,0.8,56.59,928.62
2023-04-17,S001,P004,Toys,27,147,235.21,1,0,34.8,2.1,0.3,3,0.86,121.09,1176.04
2023-04-17,S001,P005,Electronics,22,110,165.52,0,0,25.6,4.5,0.0,4,0.83,115.43,1101.98
2023-04-17,S002,P001,Clothing,17,71,491.81,0,0,23.0,9.4,0.0,11,0.88,255.01,4025.6
2023-04-17,S002,P002,Food,20,143,141.48,0,0,6.2,7.9,0.0,5,0.86,78.29,1263.8
2023-04-17,S002,P003,Home,15,79,360.63,0,0,30.2,0.0,0.0,2,0.9,160.15,3007.2
2023-04-17,S002,P004,Toys,25,113,44.76,0,0,16.3,0.0,0.0,7,0.84,28.56,405.0
2023-04-17,S002,P005,Electronics,25,103,100.4,1,0,29.7,8.3,0.23,2,0.88,55.07,555.95
2023-04-17,S003,P001,Clothing,25,109,378.97,0,1,33.0,0.0,0.0,5,0.99,262.95,2900.5
2023-04-17,S003,P002,Food,19,91,96.83,0,0,30.4,9.5,0.0,6,0.92,51.36,863.93
2023-04-17,S003,P002,Food,19,91,96.83,0,0,30.4,9.5,0.0,6,0.92,51.36,863.93
2023-04-17,S003,P003,Home,22,83,324.95,0,0,16.6,6.5,0.0,3,0.76,162.41,3575.88
2023-04-17,S003,P004,Toys,25,119,477.57,0,0,14.9,0.5,0.0,12,0.91,305.29,4307.0
2023-04-17,S003,P005,Electronics,95,76,18.64,0,0,32.5,4.3,0.0,9,0.79,11.46,136.42
2023-04-18,S001,P001,Clothing,23,139,30.79,0,0,18.8,3.3,0.0,1,0.71,20.32,240.81
2023-04-18,S001,P002,Food,19,88,378.34,0,0,14.6,0.0,0.0,12,,250.53,2428.39
2023-04-18,S001,P002,Food,19,88,378.34,0,0,14.6,0.0,0.0,12,,250.53,2428.39
2023-04-18,S001,P003,Home,23,125,483.09,0,0,20.8,5.2,0.0,2,0.75,309.02,4003.61
2023-04-18,S001,P004,Toys,23,67,254.75,0,0,15.7,5.2,0.0,7,0.92,175.81,1815.62
2023-04-18,S001,P005,Electronics,21,107,280.19,0,0,13.7,8.0,0.0,11,0.94,147.15,2793.84
2023-04-18,S002,P001,Clothing,18,72,294.47,0,0,9.6,2.9,0.0,5,0.86,120.89,3124.44
2023-04-18,S002,P002,Food,20,103,47.04,0,0,28.7,6.3,0.0,1,0.83,24.2,456.8
2023-04-18,S002,P003,Home,15,81,304.31,0,0,18.9,4.8,0.0,5,0.71,122.62,2725.35
2023-04-18,S002,P004,Toys,27,113,54.71,0,0,13.0,4.4,0.0,7,0.72,23.57,840.78
2023-04-18,S002,P005,Electronics,25,98,153.63,0,0,4.1,0.0,0.0,1,0.92,97.2,1410.75
2023-04-18,S003,P001,Clothing,21,81,356.75,0,0,19.1,7.0,0.0,7,0.7,219.01,2892.54
2023-04-18,S003,P002,Food,26,105,377.1,0,0,8.4,0.0,0.0,12,0.93,158.61,5680.74
2023-04-18,S003,P003,Home,24,111,181.66,0,0,32.7,10.5,0.0,1,0.96,99.68,1967.52
2023-04-18,S003,P004,Toys,14,110,267.65,0,0,52.2,0.0,0.0,3,0.7,199.86,949.06
2023-04-18,S003,P005,Electronics,19,87,227.2,0,0,24.0,0.7,0.0,10,0.81,124.42,1952.82
2023-04-19,S001,P001,Clothing,110,88,437.87,0,0,20.1,6.0,0.0,4,0.86,205.03,5122.48
2023-04-19,S001,P002,Food,21,76,104.13,0,0,13.6,0.0,0.0,1,0.99,52.74,1079.19
2023-04-19,S001,P003,Home,20,112,434.4,0,0,29.9,,0.0,3,0.82,184.14,5005.2
2023-04-19,S001,P004,Toys,12,77,208.62,0,0,23.3,0.0,0.0,7,0.99,91.63,1403.88
2023-04-19,S001,P005,Electronics,21,121,393.51,0,0,15.8,0.1,0.0,2,0.99,204.41,3971.1
2023-04-19,S002,P001,Clothing,15,81,409.2,0,0,25.6,11.1,0.0,10,0.8,215.2,2910.0
2023-04-19,S002,P002,Food,14,68,466.49,0,0,9.9,7.7,0.0,2,0.9,349.22,1641.78
2023-04-19,S002,P003,Home,26,106,344.38,0,1,15.7,5.6,0.0,12,0.76,254.19,2344.94
2023-04-19,S002,P004,Toys,12,81,36.42,0,0,14.7,3.4,0.0,12,0.87,23.57,154.2
2023-04-19,S002,P005,Electronics,26,136,61.3,0,0,18.2,0.0,0.0,10,0.74,29.25,833.3
2023-04-19,S003,P001,Clothing,31,98,371.6,1,0,18.8,4.7,0.16,3,0.97,275.74,1128.52
2023-04-19,S003,P002,Food,25,99,190.45,0,0,32.8,4.1,0.0,4,0.9,131.36,1477.25
2023-04-19,S003,P003,Home,27,80,143.49,1,0,24.3,0.5,0.26,5,,70.85,953.98
2023-04-19,S003,P003,Home,27,80,143.49,1,0,24.3,0.5,0.26,5,,70.85,953.98
2023-04-19,S003,P004,Toys,19,99,86.32,0,0,31.6,2.5,0.0,11,0.76,40.2,876.28
2023-04-19,S003,P005,Electronics,18,88,38.67,0,0,27.8,0.6,0.0,13,0.87,23.91,265.68
2023-04-20,S001,P001,Clothing,16,115,473.93,0,0,21.3,1.2,0.0,1,0.86,246.29,3642.24
2023-04-20,S001,P002,Food,23,82,149.44,0,0,25.5,0.0,0.0,3,0.84,108.16,949.44
2023-04-20,S001,P003,Home,18,78,218.24,0,0,18.1,0.0,0.0,11,0.73,118.73,1791.18
2023-04-20,S001,P004,Toys,16,89,418.43,0,0,39.5,1.1,0.0,3,0.91,265.12,2452.96
2023-04-20,S001,P005,Electronics,26,130,192.36,0,0,38.9,1.7,0.0,1,0.74,140.13,1357.98
2023-04-20,S002,P001,Clothing,16,107,93.54,0,0,30.0,10.4,0.0,4,0.99,69.3,387.84
2023-04-20,S002,P002,Food,19,81,423.96,0,0,38.8,2.0,0.0,8,0.81,213.77,3993.61
2023-04-20,S002,P003,Home,26,112,41.2,0,1,11.1,5.3,0.0,8,0.84,17.57,614.38
2023-04-20,S002,P004,Toys,12,53,174.99,0,0,5.2,0.0,0.0,6,0.85,113.33,739.92
2023-04-20,S002,P005,Electronics,20,138,200.24,0,0,5.9,0.0,0.0,12,0.85,116.74,1670.0
2023-04-20,S003,P001,Clothing,20,142,223.95,0,0,16.5,1.9,0.0,6,0.87,113.68,2205.4
2023-04-20,S003,P002,Food,19,124,154.63,0,0,13.2,0.0,0.0,8,0.91,87.97,1266.54
2023-04-20,S003,P003,Home,16,87,450.34,0,0,21.0,2.5,0.0,3,0.8,307.88,2279.36
2023-04-20,S003,P004,Toys,16,94,218.81,0,0,11.6,0.0,0.0,10,0.71,117.44,1621.92
2023-04-20,S003,P005,Electronics,22,104,494.37,0,0,26.1,0.0,0.0,3,0.87,338.15,3436.84
2023-04-21,S001,P001,Clothing,20,102,293.44,0,0,10.9,3.3,0.0,3,0.92,167.44,2520.0
2023-04-21,S001,P002,Food,20,97,154.52,0,0,13.9,2.3,0.0,5,0.93,100.29,1084.6
2023-04-21,S001,P003,Home,20,122,317.18,0,0,16.9,4.9,0.0,1,0.82,129.17,3760.2
2023-04-21,S001,P004,Toys,28,76,469.83,0,0,14.7,0.0,0.0,6,0.96,283.85,5207.44
2023-04-21,S001,P005,Electronics,19,88,363.31,0,0,19.4,1.3,0.0,13,0.93,261.74,1929.83
2023-04-21,S002,P001,Clothing,19,68,430.93,0,1,31.4,0.0,0.0,7,0.76,293.2,2616.87
2023-04-21,S002,P002,Food,21,115,80.14,0,0,10.4,,0.0,1,0.86,42.61,788.13
2023-04-21,S002,P003,Home,22,91,330.42,1,0,30.0,0.0,0.14,3,0.85,214.16,1540.03
2023-04-21,S002,P004,Toys,16,77,475.48,0,0,28.1,2.0,0.0,2,0.96,325.99,2391.84
2023-04-21,S002,P005,Electronics,25,118,86.0,1,0,10.9,0.0,0.08,3,0.74,34.92,1105.0
2023-04-21,S003,P001,Clothing,15,92,372.24,0,0,9.3,0.0,0.0,1,0.73,268.58,1554.9
2023-04-21,S003,P002,Food,19,131,259.07,0,0,17.9,0.0,0.0,4,,149.05,2090.38
2023-04-21,S003,P003,Home,24,117,455.33,0,0,27.9,,0.0,6,0.75,355.19,2403.36
2023-04-21,S003,P004,Toys,17,51,55.06,0,0,26.0,8.9,0.0,7,0.93,34.7,346.12
2023-04-21,S003,P005,Electronics,105,111,76.35,0,0,32.9,4.1,0.0,6,0.97,43.99,679.56
2023-04-22,S001,P001,Clothing,18,118,90.22,0,0,10.7,9.4,0.0,7,0.88,39.2,918.36
2023-04-22,S001,P002,Food,16,83,92.63,0,0,18.5,0.6,0.0,2,0.8,52.67,639.36
2023-04-22,S001,P003,Home,26,112,448.83,0,0,30.2,2.5,0.0,7,0.72,255.98,5014.1
2023-04-22,S001,P004,Toys,17,131,13.13,0,0,26.9,4.5,0.0,6,0.73,6.08,119.85
2023-04-22,S001,P005,Electronics,26,74,357.69,1,0,20.9,0.0,0.08,7,0.99,176.03,3979.16
2023-04-22,S002,P001,Clothing,22,79,433.29,0,0,,0.0,0.0,9,,232.32,4421.34
2023-04-22,S002,P002,Food,28,120,294.02,1,0,21.8,6.2,0.1,2,0.79,145.34,3339.78
2023-04-22,S002,P003,Home,26,91,137.75,0,0,28.2,5.4,0.0,8,0.73,104.18,872.82
2023-04-22,S002,P004,Toys,24,81,475.47,0,0,22.1,2.7,0.0,6,,254.61,5300.64
2023-04-22,S002,P005,Electronics,25,114,401.65,0,0,15.8,8.9,0.0,8,0.76,239.92,4043.25
2023-04-22,S003,P001,Clothing,28,86,17.7,0,0,13.6,2.9,0.0,6,0.72,9.13,239.96
2023-04-22,S003,P002,Food,30,138,161.11,0,0,14.3,12.4,0.0,4,0.88,83.01,2343.0
2023-04-22,S003,P003,Home,23,101,172.18,0,0,19.9,3.0,0.0,13,0.86,100.7,1644.04
2023-04-22,S003,P004,Toys,22,108,311.83,0,0,14.3,0.0,0.0,5,0.93,242.24,1530.98
2023-04-22,S003,P005,Electronics,23,126,167.63,0,0,20.2,7.4,0.0,10,,121.01,1072.26
2023-04-23,S001,P001,Clothing,16,71,443.16,0,0,6.5,5.8,0.0,10,0.97,191.07,4033.44
2023-04-23,S001,P002,Food,20,124,443.68,0,0,26.3,15.2,0.0,13,0.95,227.47,4324.2
2023-04-23,S001,P003,Home,34,80,494.5,0,1,10.3,0.5,0.0,2,,212.05,9603.3
2023-04-23,S001,P004,Toys,25,61,213.59,0,0,14.3,3.6,0.0,12,0.89,161.32,1306.75
2023-04-23,S001,P005,Electronics,33,94,335.98,0,0,21.3,1.1,0.0,3,0.89,184.37,5003.13
2023-04-23,S002,P001,Clothing,14,114,272.98,0,0,-4.5,13.8,0.0,3,0.8,190.99,1147.86
2023-04-23,S002,P002,Food,24,81,418.24,0,0,25.5,0.0,0.0,12,0.76,228.59,4551.6
2023-04-23,S002,P003,Home,19,103,413.72,0,0,38.6,2.9,0.0,11,0.96,195.31,4149.79
2023-04-23,S002,P004,Toys,20,105,315.77,0,0,25.3,0.0,0.0,6,,243.45,1446.4
2023-04-23,S002,P005,Electronics,22,119,459.48,0,0,,3.9,0.0,2,0.96,239.82,4832.52
2023-04-23,S003,P001,Clothing,20,124,265.91,0,0,2.9,7.7,0.0,13,1.0,204.99,1218.4
2023-04-23,S003,P002,Food,24,96,395.57,0,0,16.4,3.4,0.0,13,0.92,201.53,4656.96
2023-04-23,S003,P003,Home,23,113,377.41,0,0,,6.6,0.0,6,0.91,172.69,4708.56
2023-04-23,S003,P004,Toys,25,73,274.28,0,0,8.7,6.9,0.0,10,0.83,203.47,1770.25
2023-04-23,S003,P005,Electronics,95,83,459.25,0,0,10.1,0.4,0.0,1,1.0,323.65,2576.4
2023-04-24,S001,P001,Clothing,14,80,307.95,0,0,29.4,0.0,0.0,1,0.88,184.87,1723.12
2023-04-24,S001,P002,Food,24,109,117.05,0,0,,7.6,0.0,2,0.97,77.31,953.76
2023-04-24,S001,P003,Home,37,94,462.35,1,0,20.5,0.4,0.2,1,0.88,211.95,5843.41
2023-04-24,S001,P004,Toys,14,100,465.68,0,0,4.5,0.0,0.0,4,0.74,345.85,1677.62
2023-04-24,S001,P005,Electronics,33,68,179.02,1,0,27.4,13.0,0.13,2,0.95,119.81,1185.93
2023-04-24,S002,P001,Clothing,28,113,287.31,0,0,6.8,5.0,0.0,12,0.83,149.46,3859.8
2023-04-24,S002,P002,Food,29,125,67.61,0,0,15.8,0.0,0.0,8,0.76,38.32,849.41
2023-04-24,S002,P003,Home,16,123,283.64,0,0,31.9,0.0,0.0,8,0.94,126.29,2517.6
2023-04-24,S002,P004,Toys,20,125,474.6,0,0,14.2,3.9,0.0,13,0.96,359.01,2311.8
2023-04-24,S002,P005,Electronics,21,69,238.65,0,0,9.3,0.0,0.0,3,0.72,178.01,1273.44
2023-04-24,S003,P001,Clothing,13,78,103.89,0,0,10.6,5.4,0.0,11,0.93,52.68,665.73
2023-04-24,S003,P002,Food,20,74,46.54,0,1,17.8,9.4,0.0,2,0.81,34.12,248.4
2023-04-24,S003,P003,Home,14,119,41.09,0,0,29.9,1.8,0.0,6,0.98,32.54,119.7
2023-04-24,S003,P004,Toys,24,95,126.59,0,0,15.1,5.9,0.0,4,0.77,93.46,795.12
2023-04-24,S003,P005,Electronics,14,113,59.26,0,0,34.5,5.2,0.0,1,0.88,26.32,461.16
2023-04-25,S001,P001,Clothing,33,86,151.95,1,0,,0.0,0.17,5,0.86,87.09,1287.94
2023-04-25,S001,P002,Food,21,103,240.84,0,0,12.2,1.2,0.0,9,0.93,125.9,2413.74
2023-04-25,S001,P003,Home,16,72,411.28,0,0,19.9,5.7,0.0,2,0.73,185.06,3619.52
2023-04-25,S001,P004,Toys,20,112,199.6,0,0,16.3,0.3,0.0,8,0.88,116.46,1662.8
2023-04-25,S001,P005,Electronics,24,59,390.42,0,1,21.2,6.0,0.0,7,0.76,279.21,2669.04
2023-04-25,S002,P001,Clothing,21,92,364.75,0,0,33.9,0.0,0.0,12,0.87,197.43,3513.72
2023-04-25,S002,P002,Food,29,113,343.51,0,0,12.0,4.5,0.0,9,0.84,184.07,4623.76
2023-04-25,S002,P003,Home,15,101,490.15,0,0,30.9,10.0,0.0,13,0.96,223.37,4001.7
2023-04-25,S002,P004,Toys,15,110,262.53,0,0,,3.3,0.0,4,0.96,161.24,1519.35
2023-04-25,S002,P005,Electronics,16,92,89.19,0,0,19.9,0.0,0.0,6,0.89,58.2,495.84
2023-04-25,S003,P001,Clothing,19,120,188.46,0,0,10.5,0.7,0.0,9,0.76,113.13,1431.27
2023-04-25,S003,P002,Food,23,113,401.19,0,0,20.0,0.8,0.0,3,0.95,310.26,2091.39
2023-04-25,S003,P003,Home,13,90,304.27,0,0,28.9,0.2,0.0,9,0.82,138.06,2160.73
2023-04-25,S003,P004,Toys,22,134,385.05,0,1,18.5,2.8,0.0,9,,166.57,4806.56
2023-04-25,S003,P005,Electronics,23,86,362.96,0,0,13.2,0.0,0.0,3,0.86,262.95,2300.23
2023-04-26,S001,P001,Clothing,22,109,487.85,0,0,9.7,0.0,0.0,1,0.81,310.16,3909.18
2023-04-26,S001,P002,Food,25,125,71.2,0,1,14.6,0.0,0.0,13,0.89,40.01,779.75
2023-04-26,S001,P003,Home,17,102,91.13,0,0,52.3,6.0,0.0,7,0.8,47.93,734.4
2023-04-26,S001,P004,Toys,20,67,209.41,0,0,17.2,9.5,0.0,6,0.86,159.68,994.6
2023-04-26,S001,P005,Electronics,17,100,477.17,0,0,23.4,1.5,0.0,5,0.71,250.38,3855.43
2023-04-26,S002,P001,Clothing,20,60,437.49,0,0,26.4,2.0,0.0,4,0.81,306.63,2617.2
2023-04-26,S002,P002,Food,31,126,266.05,1,0,13.9,6.8,0.23,7,0.82,137.44,2089.97
2023-04-26,S002,P003,Home,15,64,240.69,0,0,20.4,10.5,0.0,12,,182.48,873.15
2023-04-26,S002,P004,Toys,20,125,229.14,0,0,32.6,2.8,0.0,13,0.73,126.55,2051.8
2023-04-26,S002,P005,Electronics,27,110,311.99,0,0,12.6,0.0,0.0,9,0.94,139.22,4664.79
2023-04-26,S003,P001,Clothing,75,109,19.52,0,0,13.3,0.7,0.0,11,0.92,11.76,116.4
2023-04-26,S003,P002,Food,26,106,393.36,0,0,,14.1,0.0,13,0.85,304.29,2315.82
2023-04-26,S003,P003,Home,34,91,247.57,1,0,2.2,5.6,0.1,8,0.84,133.68,3030.52
2023-04-26,S003,P004,Toys,17,105,112.72,0,0,43.8,3.1,0.0,5,0.8,86.8,440.64
2023-04-26,S003,P005,Electronics,16,109,346.73,0,0,20.2,12.5,0.0,4,1.0,256.59,1442.24
2023-04-27,S001,P001,Clothing,17,95,477.55,0,0,4.8,2.9,0.0,8,0.98,370.68,1816.79
2023-04-27,S001,P002,Food,22,108,221.09,0,0,27.2,2.7,0.0,13,0.96,170.52,1112.54
2023-04-27,S001,P003,Home,21,109,449.38,0,0,12.6,2.5,0.0,5,0.79,336.45,2371.53
2023-04-27,S001,P004,Toys,18,97,347.89,0,0,18.0,3.9,0.0,12,0.98,198.19,2694.6
2023-04-27,S001,P005,Electronics,25,135,130.3,0,0,20.2,0.0,0.0,9,0.98,64.84,1636.5
2023-04-27,S002,P001,Clothing,23,98,394.47,0,0,24.0,14.1,0.0,11,0.99,260.8,3074.41
2023-04-27,S002,P002,Food,17,101,198.61,0,0,12.1,0.0,0.0,9,0.71,87.66,1886.15
2023-04-27,S002,P003,Home,37,114,61.49,1,0,41.1,4.9,0.21,7,0.82,33.44,560.07
2023-04-27,S002,P004,Toys,12,75,300.5,0,0,24.0,,0.0,2,0.91,182.2,1419.6
2023-04-27,S002,P005,Electronics,18,100,472.92,0,0,28.2,6.0,0.0,7,0.93,249.05,4029.66
2023-04-27,S003,P001,Clothing,21,134,85.31,1,0,11.7,10.9,0.29,5,0.98,37.36,487.41
2023-04-27,S003,P002,Food,20,111,404.71,0,0,25.2,11.8,0.0,1,0.86,184.72,4399.8
2023-04-27,S003,P003,Home,26,117,265.46,0,0,30.3,0.0,0.0,4,0.72,145.45,3120.26
2023-04-27,S003,P004,Toys,28,79,103.88,1,0,,4.1,0.06,1,0.84,64.47,928.96
2023-04-27,S003,P005,Electronics,25,117,245.94,0,0,17.1,0.0,0.0,4,0.77,128.34,2940.0
2023-04-28,S001,P001,Clothing,16,85,17.25,0,0,8.5,5.2,0.0,10,0.7,8.75,136.0
2023-04-28,S001,P002,Food,26,108,488.23,0,0,34.6,9.4,0.0,13,0.8,265.43,5792.8
2023-04-28,S001,P003,Home,22,136,224.67,0,0,19.4,9.4,0.0,8,0.91,132.14,2035.66
2023-04-28,S001,P004,Toys,22,124,317.44,0,0,31.5,5.4,0.0,7,0.79,128.51,4156.46
2023-04-28,S001,P005,Electronics,22,121,463.15,0,0,25.2,1.5,0.0,2,0.74,246.33,4770.04
2023-04-28,S002,P001,Clothing,23,119,25.38,0,0,6.9,4.3,0.0,2,0.88,11.33,323.15
2023-04-28,S002,P002,Food,27,75,42.36,0,0,20.3,2.6,0.0,4,0.7,19.23,624.51
2023-04-28,S002,P003,Home,23,99,499.48,0,0,10.1,3.6,0.0,11,0.8,315.99,4220.27
2023-04-28,S002,P004,Toys,22,94,398.79,0,0,13.0,1.8,0.0,13,0.95,193.36,4519.46
2023-04-28,S002,P005,Electronics,20,97,207.04,0,0,16.2,0.0,0.0,11,,149.58,1149.2
2023-04-28,S003,P001,Clothing,21,69,354.48,0,0,20.5,3.0,0.0,8,0.77,273.44,1701.84
2023-04-28,S003,P002,Food,14,116,217.3,0,0,1.9,8.5,0.0,1,0.98,137.92,1111.32
2023-04-28,S003,P003,Home,17,133,291.55,0,0,16.0,0.0,0.0,10,0.72,131.07,2728.16
2023-04-28,S003,P004,Toys,18,126,152.02,0,0,18.1,4.2,0.0,7,0.75,79.44,1306.44
2023-04-28,S003,P005,Electronics,19,93,78.12,0,0,22.7,0.0,0.0,3,0.73,48.86,555.94
2023-04-29,S001,P001,Clothing,41,106,352.8,1,0,36.7,5.4,0.15,3,0.99,242.98,2332.9
2023-04-29,S001,P002,Food,15,133,233.68,0,0,13.0,,0.0,9,0.89,146.79,1303.35
2023-04-29,S001,P003,Home,25,83,224.48,0,0,11.4,5.3,0.0,5,0.94,98.28,3155.0
2023-04-29,S001,P004,Toys,20,86,390.91,0,0,3.9,0.0,0.0,4,0.94,228.82,3241.8
2023-04-29,S001,P005,Electronics,18,112,12.95,0,0,17.5,0.0,0.0,10,0.89,5.84,127.98
2023-04-29,S002,P001,Clothing,25,86,257.43,0,0,18.2,3.8,0.0,3,0.88,117.6,3495.75
2023-04-29,S002,P002,Food,90,121,329.45,0,0,13.8,0.0,0.0,5,0.93,135.22,3496.14
2023-04-29,S002,P003,Home,29,90,391.99,1,0,23.3,0.0,0.13,3,0.78,213.4,3701.31
2023-04-29,S002,P004,Toys,15,120,171.83,0,0,33.6,2.1,0.0,10,0.85,97.21,1119.3
2023-04-29,S002,P005,Electronics,34,70,404.23,0,0,21.5,2.0,0.0,5,0.87,275.91,4362.88
2023-04-29,S003,P001,Clothing,16,75,236.19,0,0,21.2,4.3,0.0,2,0.72,156.62,1273.12
2023-04-29,S003,P002,Food,24,114,271.01,0,0,21.7,0.0,0.0,7,0.71,129.11,3405.6
2023-04-29,S003,P003,Home,23,88,287.53,0,0,26.0,9.3,0.0,7,0.96,217.03,1621.5
2023-04-29,S003,P004,Toys,23,89,283.26,0,0,11.8,0.0,0.0,9,0.73,150.82,3046.12
2023-04-29,S003,P005,Electronics,20,85,78.3,0,0,24.5,0.8,0.0,10,0.75,39.75,771.0
2023-04-30,S001,P001,Clothing,17,93,378.17,0,0,,7.4,0.0,10,0.73,163.92,3642.25
2023-04-30,S001,P002,Food,44,78,478.19,1,0,13.7,0.0,0.21,1,0.92,291.33,3803.36
2023-04-30,S001,P003,Home,39,79,370.84,1,0,12.1,,0.3,1,0.72,151.06,4232.59
2023-04-30,S001,P004,Toys,23,132,114.22,0,0,22.7,7.0,0.0,4,0.79,52.53,1418.87
2023-04-30,S001,P005,Electronics,18,171,103.15,0,0,26.6,0.0,0.0,13,0.85,60.88,760.86
2023-04-30,S002,P001,Clothing,25,100,124.01,0,0,14.4,0.2,0.0,9,0.92,69.15,1371.5
2023-04-30,S002,P002,Food,25,95,362.92,0,0,4.8,3.9,0.0,13,,240.91,3050.25
2023-04-30,S002,P003,Home,15,109,454.75,0,0,20.9,,0.0,4,0.77,360.46,1414.35
2023-04-30,S002,P004,Toys,25,122,290.59,0,0,21.8,0.0,0.0,8,0.78,227.08,1587.75
2023-04-30,S002,P005,Electronics,18,121,463.14,0,0,21.5,1.1,0.0,6,0.93,218.52,4403.16
2023-04-30,S003,P001,Clothing,37,105,104.11,0,0,32.4,0.0,0.0,8,0.73,54.76,1825.95
2023-04-30,S003,P002,Food,23,126,292.72,0,0,8.9,0.3,0.0,12,0.77,126.45,3824.21
2023-04-30,S003,P003,Home,22,115,298.12,0,0,18.5,0.4,0.0,7,0.87,216.97,1785.3
2023-04-30,S003,P004,Toys,18,127,184.16,0,0,13.6,0.1,0.0,4,0.98,115.57,1234.62
2023-04-30,S003,P005,Electronics,28,113,138.94,1,0,13.3,0.0,0.13,6,0.9,92.99,780.86
2023-05-01,S001,P001,Clothing,22,78,36.21,0,0,38.3,,0.0,6,,28.68,165.66
2023-05-01,S001,P002,Food,27,104,118.21,0,0,21.8,0.0,0.0,4,0.97,84.72,904.23
2023-05-01,S001,P003,Home,20,82,426.68,0,0,16.6,2.9,0.0,13,0.96,338.04,1772.8
2023-05-01,S001,P004,Toys,24,101,14.25,0,0,3.8,0.0,0.0,12,0.89,9.75,108.0
2023-05-01,S001,P005,Electronics,13,71,101.86,0,0,29.2,6.5,0.0,8,0.77,74.51,355.55
2023-05-01,S002,P001,Clothing,26,104,492.15,0,1,25.3,0.0,0.0,1,0.81,363.65,3341.0
2023-05-01,S002,P002,Food,23,65,443.22,0,0,17.6,2.9,0.0,2,0.95,295.66,3393.88
2023-05-01,S002,P003,Home,22,89,471.68,0,0,24.1,14.1,0.0,4,0.78,316.33,3417.7
2023-05-01,S002,P004,Toys,22,101,124.35,0,0,14.8,5.9,0.0,1,0.77,54.93,1527.24
2023-05-01,S002,P005,Electronics,18,119,481.7,0,0,1.5,0.0,0.0,10,0.93,318.23,2942.46
2023-05-01,S003,P001,Clothing,25,108,196.56,0,1,11.8,0.6,0.0,12,,138.0,1464.0
2023-05-01,S003,P002,Food,17,112,238.1,0,0,25.5,0.0,0.0,13,0.86,177.62,1028.16
2023-05-01,S003,P003,Home,23,109,276.94,0,0,21.5,0.0,0.0,11,0.78,147.5,2977.12
2023-05-01,S003,P004,Toys,19,98,362.01,0,0,19.7,0.3,0.0,6,0.82,227.36,2558.35
2023-05-01,S003,P005,Electronics,21,77,20.89,0,0,,1.9,0.0,9,0.95,13.67,151.62
2023-05-02,S001,P001,Clothing,18,52,392.18,0,0,24.5,4.9,0.0,8,0.84,166.79,4057.02
2023-05-02,S001,P002,Food,16,99,348.86,0,0,32.5,0.0,0.0,9,0.86,166.93,2910.88
2023-05-02,S001,P003,Home,21,133,99.39,0,0,18.7,4.1,0.0,3,0.79,40.63,1233.96
2023-05-02,S001,P004,Toys,21,83,405.47,0,0,7.4,1.4,0.0,13,0.84,180.62,4721.85
2023-05-02,S001,P005,Electronics,27,89,444.54,1,0,12.1,0.0,0.13,4,0.82,206.46,4867.82
2023-05-02,S002,P001,Clothing,36,68,261.26,1,0,29.4,4.2,0.05,7,0.9,180.41,2440.33
2023-05-02,S002,P002,Food,18,133,377.04,0,0,18.3,0.0,0.0,6,0.76,187.9,3404.52
2023-05-02,S002,P003,Home,85,79,398.74,0,0,17.0,0.0,0.0,11,0.88,271.76,2158.66
2023-05-02,S002,P004,Toys,13,135,158.63,0,0,,2.6,0.0,12,0.88,110.57,624.78
2023-05-02,S002,P005,Electronics,19,120,453.06,0,0,0.9,0.0,0.0,12,0.73,205.4,4705.54
2023-05-02,S003,P001,Clothing,28,123,239.63,0,0,28.0,14.4,0.0,11,0.71,103.66,3807.16
2023-05-02,S003,P002,Food,20,125,162.94,0,0,14.7,2.1,0.0,5,0.72,127.46,709.6
2023-05-02,S003,P003,Home,19,92,30.33,0,0,13.2,4.3,0.0,8,0.76,13.37,322.24
2023-05-02,S003,P004,Toys,19,100,97.73,0,0,,4.2,0.0,2,0.98,48.55,934.42
2023-05-02,S003,P005,Electronics,23,98,377.52,0,0,13.8,0.0,0.0,10,0.73,217.75,3674.71
2023-05-03,S001,P001,Clothing,20,77,97.96,0,0,27.0,0.8,0.0,8,0.92,77.39,411.4
2023-05-03,S001,P002,Food,21,78,425.25,0,0,13.1,8.6,0.0,9,0.81,188.5,4971.75
2023-05-03,S001,P003,Home,22,103,39.71,0,0,29.6,0.0,0.0,2,0.83,22.52,378.18
2023-05-03,S001,P004,Toys,28,95,127.16,0,0,7.8,9.3,0.0,1,0.91,82.93,1238.44
2023-05-03,S001,P005,Electronics,28,99,67.36,1,0,4.0,0.0,0.21,12,0.78,30.37,639.64
2023-05-03,S002,P001,Clothing,26,102,261.66,0,0,27.9,5.1,0.0,7,0.8,182.97,2045.94
2023-05-03,S002,P002,Food,24,128,125.34,0,0,14.3,8.4,0.0,2,0.98,73.11,1253.52
2023-05-03,S002,P003,Home,22,100,231.77,0,0,18.9,0.0,0.0,2,0.94,139.07,2039.4
2023-05-03,S002,P003,Home,22,100,231.77,0,0,18.9,0.0,0.0,2,0.94,139.07,2039.4
2023-05-03,S002,P004,Toys,24,100,224.67,0,0,15.4,0.0,0.0,6,0.81,176.15,1164.48
2023-05-03,S002,P005,Electronics,17,76,119.23,0,0,10.8,15.1,0.0,13,0.88,87.72,535.67
2023-05-03,S003,P001,Clothing,15,87,365.35,0,0,13.1,4.2,0.0,12,0.97,239.0,1895.25
2023-05-03,S003,P002,Food,19,68,297.11,0,0,27.0,,0.0,7,0.74,143.82,2912.51
2023-05-03,S003,P003,Home,28,113,92.3,0,0,22.2,0.0,0.0,11,0.96,70.9,599.2
2023-05-03,S003,P004,Toys,22,93,169.96,0,0,21.2,5.7,0.0,12,0.77,96.16,1623.6
2023-05-03,S003,P005,Electronics,24,113,315.79,0,0,-6.4,3.9,0.0,10,0.88,182.77,3192.48
2023-05-04,S001,P001,Clothing,18,86,309.3,1,0,15.8,4.0,0.25,11,0.97,212.65,347.85
2023-05-04,S001,P002,Food,27,104,308.98,0,0,28.2,1.5,0.0,1,0.95,185.17,3342.87
2023-05-04,S001,P003,Home,19,97,17.43,0,0,17.1,1.6,0.0,6,0.98,13.62,72.39
2023-05-04,S001,P004,Toys,23,93,74.5,0,0,10.1,0.8,0.0,9,0.8,40.25,787.75
2023-05-04,S001,P005,Electronics,31,117,152.57,0,0,10.8,9.1,0.0,5,0.78,97.74,1699.73
2023-05-04,S002,P001,Clothing,21,77,150.41,1,0,8.8,4.1,0.29,10,0.82,62.93,921.08
2023-05-04,S002,P002,Food,18,124,85.92,0,0,10.4,5.1,0.0,1,0.8,52.78,596.52
2023-05-04,S002,P003,Home,19,96,396.23,0,0,25.4,3.4,0.0,10,0.77,299.77,1832.74
2023-05-04,S002,P004,Toys,12,96,332.67,0,0,12.8,,0.0,6,0.93,148.5,2210.04
2023-05-04,S002,P005,Electronics,17,85,37.64,0,0,36.5,1.2,0.0,4,0.98,21.42,275.74
2023-05-04,S003,P001,Clothing,18,82,38.72,0,0,1.7,6.2,0.0,12,0.81,26.95,211.86
2023-05-04,S003,P002,Food,24,88,267.54,0,0,23.8,0.0,0.0,1,0.87,119.58,3551.04
2023-05-04,S003,P003,Home,90,130,174.53,0,0,28.2,8.5,0.0,5,0.88,133.39,740.52
2023-05-04,S003,P004,Toys,25,140,349.76,0,1,11.4,0.7,0.0,1,0.83,154.92,4871.0
2023-05-04,S003,P005,Electronics,19,112,71.01,0,0,26.8,0.0,0.0,3,0.84,55.1,302.29
2023-05-05,S001,P001,Clothing,26,105,162.86,0,0,36.4,1.6,0.0,3,0.8,120.9,1090.96
2023-05-05,S001,P002,Food,18,76,353.62,0,0,25.6,0.0,0.0,11,0.77,232.86,2173.68
2023-05-05,S001,P003,Home,19,78,403.62,0,0,12.3,5.7,0.0,1,0.76,225.08,3392.26
2023-05-05,S001,P004,Toys,15,100,321.86,0,0,7.7,0.1,0.0,1,,202.85,1785.15
2023-05-05,S001,P005,Electronics,22,65,142.15,0,0,18.9,0.0,0.0,6,0.72,79.04,1388.42
2023-05-05,S002,P001,Clothing,22,109,459.8,0,0,31.2,0.7,0.0,6,0.74,215.48,5375.04
2023-05-05,S002,P002,Food,22,83,493.97,0,0,21.3,3.1,0.0,7,0.79,263.39,5072.76
2023-05-05,S002,P003,Home,22,80,465.92,0,0,22.1,0.1,0.0,3,0.96,239.03,4991.58
2023-05-05,S002,P003,Home,22,80,465.92,0,0,22.1,0.1,0.0,3,0.96,239.03,4991.58
2023-05-05,S002,P004,Toys,20,99,450.51,0,0,25.5,0.0,0.0,3,0.77,262.75,3755.2
2023-05-05,S002,P005,Electronics,27,88,40.76,0,0,7.4,6.3,0.0,5,0.9,18.69,595.89
2023-05-05,S003,P001,Clothing,22,91,281.23,0,0,25.9,2.5,0.0,2,0.83,121.26,3519.34
2023-05-05,S003,P002,Food,17,142,495.61,0,0,20.1,0.4,0.0,12,0.72,312.06,3120.35
2023-05-05,S003,P003,Home,19,108,451.08,0,0,22.6,6.8,0.0,8,0.87,311.29,2656.01
2023-05-05,S003,P004,Toys,130,94,143.93,0,0,,3.8,0.0,7,0.88,93.02,1323.66
2023-05-05,S003,P005,Electronics,25,124,144.73,0,0,32.5,3.6,0.0,13,0.77,112.19,813.5
2023-05-06,S001,P001,Clothing,27,95,480.49,0,0,6.6,12.3,0.0,13,0.9,324.23,4219.02
2023-05-06,S001,P002,Food,30,105,203.11,0,1,25.0,2.9,0.0,6,0.9,145.88,1716.9
2023-05-06,S001,P003,Home,15,131,134.47,0,0,26.5,0.0,0.0,7,0.73,91.36,646.65
2023-05-06,S001,P004,Toys,16,58,131.3,0,0,31.2,5.3,0.0,13,0.76,98.86,519.04
2023-05-06,S001,P005,Electronics,16,71,314.7,0,0,12.0,4.3,0.0,2,0.78,170.8,2302.4
2023-05-06,S002,P001,Clothing,130,112,207.11,0,0,29.2,8.5,0.0,10,1.0,144.92,1616.94
2023-05-06,S002,P002,Food,22,78,270.6,0,0,21.3,11.4,0.0,6,,170.32,2206.16
2023-05-06,S002,P003,Home,19,100,413.72,0,0,8.7,10.0,0.0,6,0.99,313.09,1911.97
2023-05-06,S002,P004,Toys,25,98,437.72,0,0,37.0,5.3,0.0,1,0.87,267.02,4267.5
2023-05-06,S002,P005,Electronics,33,125,379.72,1,1,40.2,4.6,0.16,7,0.98,157.71,5321.41
2023-05-06,S003,P001,Clothing,20,91,336.01,0,0,9.6,0.0,0.0,11,0.77,165.94,3401.4
2023-05-06,S003,P002,Food,23,108,489.86,0,0,20.4,0.0,0.0,4,0.81,293.33,4520.19
2023-05-06,S003,P003,Home,25,106,251.79,0,0,34.1,9.6,0.0,12,0.77,102.37,3735.5
2023-05-06,S003,P004,Toys,17,100,438.71,0,0,25.2,,0.0,13,0.76,202.32,4018.63
2023-05-06,S003,P005,Electronics,31,143,122.17,0,1,12.3,1.9,0.0,10,0.92,62.23,1858.14
2023-05-07,S001,P001,Clothing,17,86,75.7,0,0,,3.3,0.0,10,,39.79,610.47
2023-05-07,S001,P002,Food,17,79,135.03,0,0,19.0,0.1,0.0,4,0.85,72.91,1056.04
2023-05-07,S001,P003,Home,16,110,373.52,0,0,24.9,3.6,0.0,6,0.87,251.44,1953.28
2023-05-07,S001,P004,Toys,18,124,385.22,0,0,2.9,0.0,0.0,8,0.83,195.83,3409.02
2023-05-07,S001,P005,Electronics,28,96,451.71,0,0,35.9,1.2,0.0,9,0.74,262.81,5289.2
2023-05-07,S002,P001,Clothing,22,134,195.61,0,0,26.8,10.0,0.0,4,0.77,130.89,1423.84
2023-05-07,S002,P002,Food,14,132,118.79,0,0,11.8,0.0,0.0,4,0.74,73.59,632.8
2023-05-07,S002,P003,Home,25,101,154.94,0,0,38.0,0.0,0.0,11,0.84,62.96,2299.5
2023-05-07,S002,P004,Toys,17,88,118.29,0,1,23.8,6.1,0.0,5,0.82,82.27,612.34
2023-05-07,S002,P005,Electronics,19,102,86.46,0,0,43.6,13.1,0.0,11,0.98,43.38,818.52
2023-05-07,S003,P001,Clothing,20,95,443.08,0,0,-2.4,9.7,0.0,6,0.93,326.45,2332.6
2023-05-07,S003,P002,Food,22,97,163.81,0,0,26.7,3.2,0.0,6,0.83,111.47,1151.48
2023-05-07,S003,P003,Home,17,121,340.09,0,0,14.1,0.0,0.0,12,0.73,195.04,2465.85
2023-05-07,S003,P004,Toys,30,124,54.97,0,0,35.2,11.5,0.0,3,,39.08,476.7
2023-05-07,S003,P005,Electronics,33,118,400.31,1,0,41.0,,0.17,12,0.71,232.02,3307.83
2023-05-08,S001,P001,Clothing,12,150,396.85,0,0,20.2,9.0,0.0,13,0.75,205.64,2294.52
2023-05-08,S001,P002,Food,20,75,413.57,0,0,15.6,0.0,0.0,6,0.76,182.65,4618.4
2023-05-08,S001,P003,Home,36,124,212.54,1,0,,0.0,0.12,13,0.87,132.48,1963.99
2023-05-08,S001,P004,Toys,22,115,54.22,0,0,18.9,1.8,0.0,13,0.89,27.86,579.92
2023-05-08,S001,P005,Electronics,29,93,320.7,0,0,38.5,14.5,0.0,4,0.96,156.72,4755.42
2023-05-08,S002,P001,Clothing,21,120,498.45,1,0,29.7,5.7,0.23,8,0.99,354.71,611.03
2023-05-08,S002,P002,Food,15,101,11.61,0,0,12.1,2.1,0.0,1,,5.2,96.15
2023-05-08,S002,P003,Home,28,106,183.24,1,0,31.3,0.0,0.15,5,0.83,139.3,460.71
2023-05-08,S002,P004,Toys,22,63,364.55,1,0,20.7,0.0,0.13,10,0.76,266.77,1108.55
2023-05-08,S002,P005,Electronics,17,114,186.72,0,0,,0.0,0.0,10,0.8,116.18,1199.18
2023-05-08,S003,P001,Clothing,16,119,296.94,0,0,14.5,,0.0,2,0.76,154.59,2277.6
2023-05-08,S003,P002,Food,26,85,481.05,0,0,17.5,4.0,0.0,11,0.94,239.51,6280.04
2023-05-08,S003,P003,Home,20,74,32.23,0,0,29.9,0.1,0.0,6,0.78,14.27,359.2
2023-05-08,S003,P004,Toys,21,78,463.66,0,0,4.7,0.2,0.0,10,0.73,239.2,4713.66
2023-05-08,S003,P005,Electronics,22,103,400.24,0,0,18.1,1.0,0.0,10,0.95,200.5,4394.28
2023-05-09,S001,P001,Clothing,22,112,145.76,0,0,17.7,0.5,0.0,6,0.73,70.82,1648.68
2023-05-09,S001,P002,Food,17,105,155.38,0,0,20.1,,0.0,11,0.99,119.74,605.88
2023-05-09,S001,P003,Home,22,84,428.81,1,0,24.2,0.0,0.08,1,0.9,206.83,4128.85
2023-05-09,S001,P004,Toys,12,78,13.08,0,0,8.1,0.6,0.0,8,0.81,5.98,85.2
2023-05-09,S001,P005,Electronics,18,122,178.71,1,0,11.0,3.5,0.12,10,0.98,127.75,531.27
2023-05-09,S002,P001,Clothing,27,81,374.5,0,0,18.5,0.1,0.0,12,0.89,185.95,5090.85
2023-05-09,S002,P002,Food,21,114,123.04,1,0,16.9,6.1,0.18,1,0.85,69.05,668.7
2023-05-09,S002,P003,Home,13,62,300.52,0,0,23.9,7.9,0.0,10,0.98,211.65,1155.31
2023-05-09,S002,P004,Toys,19,56,12.42,1,0,12.6,0.0,0.25,11,0.95,8.87,8.46
2023-05-09,S002,P005,Electronics,28,95,439.43,1,0,19.7,10.7,0.27,7,,270.79,1399.83
2023-05-09,S003,P001,Clothing,17,133,343.95,0,0,43.0,11.1,0.0,4,0.8,166.64,3014.27
2023-05-09,S003,P002,Food,19,93,317.82,0,0,19.0,0.6,0.0,2,0.91,240.84,1462.62
2023-05-09,S003,P003,Home,17,120,42.77,0,0,14.5,2.6,0.0,9,0.91,25.33,296.48
2023-05-09,S003,P004,Toys,23,87,427.22,0,0,13.6,7.0,0.0,4,0.86,257.59,3901.49
2023-05-09,S003,P005,Electronics,28,60,77.86,1,0,6.5,0.0,0.09,13,0.75,60.59,287.35
2023-05-10,S001,P001,Clothing,15,93,97.23,0,0,15.3,10.4,0.0,5,0.77,41.91,829.8
2023-05-10,S001,P002,Food,13,125,463.58,0,0,15.4,1.3,0.0,3,0.72,228.51,3055.91
2023-05-10,S001,P003,Home,16,93,367.46,0,0,23.0,0.0,0.0,1,0.89,148.18,3508.48
2023-05-10,S001,P004,Toys,14,74,216.84,0,0,14.5,1.6,0.0,1,0.93,116.37,1406.58
2023-05-10,S001,P005,Electronics,30,133,155.73,0,0,23.6,0.0,0.0,12,0.9,120.42,1059.3
2023-05-10,S002,P001,Clothing,26,98,453.45,0,0,,1.5,0.0,10,0.84,213.8,6230.9
2023-05-10,S002,P002,Food,21,102,443.21,0,0,10.1,4.7,0.0,6,0.94,229.8,4481.61
2023-05-10,S002,P003,Home,16,103,74.76,0,0,30.3,13.6,0.0,2,0.88,32.08,682.88
2023-05-10,S002,P004,Toys,18,108,334.5,0,0,28.8,11.2,0.0,8,0.73,233.01,1826.82
2023-05-10,S002,P005,Electronics,15,90,147.05,0,0,22.2,1.8,0.0,4,0.91,77.71,1040.1
2023-05-10,S003,P001,Clothing,31,119,113.18,1,0,21.6,1.9,0.19,12,0.74,78.72,401.63
2023-05-10,S003,P002,Food,23,110,103.43,0,0,1.9,0.0,0.0,11,0.83,75.2,649.29
2023-05-10,S003,P003,Home,23,65,63.76,0,0,20.1,11.8,0.0,11,0.75,38.67,577.07
2023-05-10,S003,P004,Toys,19,105,185.64,0,0,29.0,0.0,0.0,1,0.78,91.57,1787.33
2023-05-10,S003,P005,Electronics,18,78,201.29,0,0,,1.8,0.0,5,0.72,117.56,1507.14
2023-05-11,S001,P001,Clothing,27,99,385.72,0,0,28.1,2.4,0.0,10,0.98,244.53,3812.13
2023-05-11,S001,P002,Food,20,110,484.6,0,0,23.1,0.0,0.0,10,0.75,375.1,2190.0
2023-05-11,S001,P003,Home,22,121,231.71,0,0,4.3,2.5,0.0,10,0.99,140.03,2016.96
2023-05-11,S001,P004,Toys,20,79,374.51,0,0,6.3,8.2,0.0,12,0.83,159.9,4292.2
2023-05-11,S001,P005,Electronics,40,135,397.41,1,0,18.6,1.1,0.18,13,0.95,286.91,1558.65
2023-05-11,S002,P001,Clothing,21,127,242.92,0,1,11.6,0.0,0.0,13,0.86,168.85,1555.47
2023-05-11,S002,P002,Food,24,87,209.06,1,0,11.0,8.0,0.29,3,0.71,152.04,-86.58
2023-05-11,S002,P003,Home,19,121,141.1,0,0,27.5,1.4,0.0,5,,63.92,1466.42
2023-05-11,S002,P004,Toys,140,90,434.84,0,0,37.3,9.9,0.0,4,0.75,227.9,5794.32
2023-05-11,S002,P005,Electronics,25,89,359.06,1,0,2.9,1.3,0.21,9,0.94,248.74,872.93
2023-05-11,S003,P001,Clothing,30,100,465.78,1,0,-0.1,6.6,0.1,8,0.8,322.75,2893.56
2023-05-11,S003,P002,Food,22,151,487.82,0,0,7.0,6.5,0.0,10,0.88,334.18,3380.08
2023-05-11,S003,P003,Home,19,107,218.68,1,0,21.6,1.5,0.29,9,0.98,116.03,745.42
2023-05-11,S003,P004,Toys,12,75,197.73,0,0,,0.1,0.0,10,0.81,126.69,852.48
2023-05-11,S003,P005,Electronics,25,95,90.76,0,0,14.9,0.0,0.0,6,0.87,43.9,1171.5
2023-05-12,S001,P001,Clothing,19,105,169.68,0,0,26.5,1.3,0.0,11,0.97,95.76,1404.48
2023-05-12,S001,P002,Food,22,115,134.34,0,0,16.1,9.8,0.0,1,0.85,75.33,1298.22
2023-05-12,S001,P003,Home,21,87,280.22,0,0,,5.7,0.0,8,0.76,158.53,2555.49
2023-05-12,S001,P004,Toys,22,93,180.55,0,0,26.3,2.0,0.0,3,0.71,111.29,1523.72
2023-05-12,S001,P005,Electronics,26,86,167.44,0,0,,0.0,0.0,10,0.93,98.76,1785.68
2023-05-12,S002,P001,Clothing,20,144,189.07,0,0,41.3,0.0,0.0,6,0.81,81.08,2159.8
2023-05-12,S002,P002,Food,24,77,490.25,0,0,0.9,,0.0,2,0.92,302.45,4507.2
2023-05-12,S002,P003,Home,19,115,167.19,0,0,13.1,10.1,0.0,12,0.89,121.52,867.73
2023-05-12,S002,P004,Toys,30,99,429.71,1,0,18.8,9.6,0.21,5,0.89,260.73,2362.23
2023-05-12,S002,P005,Electronics,23,68,86.13,0,0,,4.2,0.0,13,0.81,56.15,689.54
2023-05-12,S003,P001,Clothing,16,99,107.69,0,0,4.5,9.7,0.0,3,0.84,66.55,658.24
2023-05-12,S003,P002,Food,15,101,80.13,0,0,3.4,0.0,0.0,13,0.75,54.86,379.05
2023-05-12,S003,P003,Home,18,96,136.13,0,0,-0.1,0.0,0.0,7,0.96,102.81,599.76
2023-05-12,S003,P004,Toys,22,142,294.46,0,0,23.5,0.0,0.0,6,0.74,171.8,2698.52
2023-05-12,S003,P005,Electronics,20,105,100.4,0,0,17.1,7.8,0.0,5,0.85,42.7,1154.0
2023-05-13,S001,P001,Clothing,18,85,290.42,0,0,15.5,,0.0,10,0.8,171.04,2148.84
2023-05-13,S001,P002,Food,100,126,308.58,0,0,12.9,0.0,0.0,5,0.77,168.75,2796.6
2023-05-13,S001,P003,Home,16,94,419.61,0,0,14.3,11.9,0.0,3,0.76,289.0,2089.76
2023-05-13,S001,P004,Toys,22,84,187.11,0,0,8.0,1.3,0.0,10,0.87,111.47,1664.08
2023-05-13,S001,P005,Electronics,26,96,81.4,0,0,34.3,18.9,0.0,13,0.72,42.66,1007.24
2023-05-13,S002,P001,Clothing,23,86,28.43,0,0,24.4,4.8,0.0,11,0.9,20.11,191.36
2023-05-13,S002,P002,Food,34,118,382.41,1,0,19.5,1.4,0.17,9,0.82,302.78,497.09
2023-05-13,S002,P003,Home,34,112,357.47,1,0,25.4,0.0,0.1,2,0.88,281.94,1352.62
2023-05-13,S002,P004,Toys,16,85,78.08,0,0,28.6,8.7,0.0,4,0.95,45.87,515.36
2023-05-13,S002,P005,Electronics,24,74,192.45,1,0,15.9,0.0,0.15,1,0.89,112.04,1237.02
2023-05-13,S003,P001,Clothing,15,123,344.66,0,0,16.7,6.0,0.0,1,0.95,190.88,2306.7
2023-05-13,S003,P002,Food,30,108,111.38,0,0,15.4,3.4,0.0,3,0.74,88.62,682.8
2023-05-13,S003,P003,Home,28,75,40.07,0,0,46.5,5.3,0.0,9,0.71,21.01,533.68
2023-05-13,S003,P004,Toys,20,125,171.61,0,0,11.9,1.3,0.0,2,0.77,70.3,2026.2
2023-05-13,S003,P005,Electronics,23,80,58.89,0,0,19.7,1.6,0.0,1,0.79,42.81,369.84
2023-05-14,S001,P001,Clothing,16,142,31.75,0,0,10.5,0.1,0.0,1,0.93,21.92,157.28
2023-05-14,S001,P002,Food,25,83,480.61,0,0,39.3,0.0,0.0,10,0.83,275.12,5137.25
2023-05-14,S001,P003,Home,22,95,113.0,0,0,39.6,2.5,0.0,10,0.98,84.76,621.28
2023-05-14,S001,P004,Toys,28,89,413.85,0,0,20.6,1.8,0.0,4,0.88,176.36,6649.72
2023-05-14,S001,P005,Electronics,17,77,178.84,0,0,19.3,0.0,0.0,2,0.9,93.64,1448.4
2023-05-14,S002,P001,Clothing,22,113,123.82,0,0,15.9,6.4,0.0,4,0.7,97.76,573.32
2023-05-14,S002,P002,Food,17,95,347.02,0,0,36.4,1.3,0.0,8,0.96,183.1,2786.64
2023-05-14,S002,P003,Home,16,88,313.04,0,0,17.9,0.6,0.0,3,0.75,176.05,2191.84
2023-05-14,S002,P004,Toys,26,107,478.67,0,0,19.0,0.5,0.0,6,0.79,326.51,3956.16
2023-05-14,S002,P005,Electronics,25,117,259.25,0,0,12.8,2.4,0.0,7,0.96,109.75,3737.5
2023-05-14,S003,P001,Clothing,13,100,210.94,0,0,,0.8,0.0,10,0.84,107.1,1349.92
2023-05-14,S003,P002,Food,16,105,40.58,0,0,28.7,0.0,0.0,12,0.73,26.46,225.92
2023-05-14,S003,P003,Home,23,123,232.8,1,0,19.4,5.3,0.27,9,0.89,133.04,848.79
2023-05-14,S003,P004,Toys,24,65,305.67,0,0,7.8,0.0,0.0,12,0.7,233.91,1722.24
2023-05-14,S003,P005,Electronics,23,86,321.82,0,0,24.6,0.0,0.0,6,0.93,225.13,2223.87
2023-05-15,S001,P001,Clothing,30,79,275.52,1,0,18.4,3.6,0.17,11,0.87,165.72,1888.85
2023-05-15,S001,P002,Food,16,117,300.46,0,0,18.0,1.5,0.0,5,,213.35,1393.76
2023-05-15,S001,P003,Home,21,116,30.85,0,0,13.4,0.0,0.0,2,0.94,13.93,355.32
2023-05-15,S001,P004,Toys,15,96,183.46,0,0,1.9,2.6,0.0,12,0.86,114.83,1029.45
2023-05-15,S001,P005,Electronics,26,125,199.36,0,0,30.6,3.4,0.0,7,0.94,117.12,2138.24
2023-05-15,S002,P001,Clothing,24,81,97.37,0,0,6.1,6.9,0.0,11,0.9,41.98,1329.36
2023-05-15,S002,P002,Food,21,84,270.34,0,0,18.0,10.5,0.0,8,0.87,114.05,3282.09
2023-05-15,S002,P003,Home,15,126,438.48,0,0,21.1,11.6,0.0,6,0.88,302.56,2038.8
2023-05-15,S002,P004,Toys,26,101,106.26,0,0,21.7,7.3,0.0,2,0.82,76.7,768.56
2023-05-15,S002,P005,Electronics,30,122,92.11,0,0,-1.6,0.0,0.0,9,0.86,43.99,1443.6
2023-05-15,S003,P001,Clothing,18,95,365.6,0,0,10.5,0.0,0.0,2,0.95,184.47,3260.34
2023-05-15,S003,P002,Food,18,81,322.46,0,0,29.5,2.8,0.0,1,0.81,213.41,1962.9
2023-05-15,S003,P003,Home,15,102,24.23,0,0,30.8,0.5,0.0,11,0.75,16.8,111.45
2023-05-15,S003,P004,Toys,19,103,133.44,0,0,26.5,0.0,0.0,2,,72.99,1148.55
2023-05-15,S003,P005,Electronics,26,71,383.65,0,0,,0.0,0.0,5,0.8,199.57,4786.08
2023-05-16,S001,P001,Clothing,26,111,56.46,0,0,30.6,0.0,0.0,9,0.85,35.22,552.24
2023-05-16,S001,P002,Food,13,55,224.17,0,0,11.7,3.6,0.0,11,0.88,115.69,1410.24
2023-05-16,S001,P003,Home,15,66,59.74,0,1,34.8,5.9,0.0,4,0.9,23.95,536.85
2023-05-16,S001,P004,Toys,15,110,233.3,0,0,7.7,3.4,0.0,13,0.95,181.84,771.9
2023-05-16,S001,P005,Electronics,18,105,367.37,0,0,5.1,7.8,0.0,9,0.95,269.17,1767.6
2023-05-16,S002,P001,Clothing,19,66,207.04,0,0,13.0,0.5,0.0,11,0.93,151.44,1056.4
2023-05-16,S002,P002,Food,22,117,324.9,0,0,16.5,4.8,0.0,3,0.7,251.92,1605.56
2023-05-16,S002,P003,Home,19,84,77.33,0,0,27.2,0.0,0.0,3,0.76,44.52,623.39
2023-05-16,S002,P004,Toys,21,85,386.74,1,0,30.3,8.1,0.08,12,0.96,166.96,3965.66
2023-05-16,S002,P005,Electronics,17,148,365.32,0,0,21.1,0.0,0.0,4,0.95,177.28,3196.68
2023-05-16,S003,P001,Clothing,23,88,142.9,0,0,11.2,8.0,0.0,3,0.94,84.17,1350.79
2023-05-16,S003,P002,Food,19,123,188.59,0,0,20.8,0.5,0.0,10,0.91,87.5,1920.71
2023-05-16,S003,P003,Home,17,113,470.9,0,0,29.8,0.0,0.0,9,0.96,235.55,4000.95
2023-05-16,S003,P004,Toys,20,97,423.08,0,0,28.3,5.0,0.0,3,1.0,198.88,4484.0
2023-05-16,S003,P005,Electronics,105,101,473.31,0,0,21.7,15.4,0.0,9,0.72,191.78,5912.13
2023-05-17,S001,P001,Clothing,34,79,321.22,1,0,7.9,0.0,0.22,12,0.81,232.38,617.83
2023-05-17,S001,P002,Food,29,69,329.79,0,0,22.9,1.6,0.0,3,0.89,172.24,4568.95
2023-05-17,S001,P003,Home,15,93,476.29,0,0,30.3,7.3,0.0,10,0.9,235.31,3614.7
2023-05-17,S001,P004,Toys,18,87,21.83,0,0,30.1,4.6,0.0,12,0.92,10.91,196.56
2023-05-17,S001,P005,Electronics,22,108,397.96,0,0,19.2,4.2,0.0,8,0.85,229.38,3708.76
2023-05-17,S002,P001,Clothing,26,87,30.55,0,0,14.3,14.8,0.0,2,0.97,14.57,415.48
2023-05-17,S002,P002,Food,22,123,378.37,0,0,8.8,2.5,0.0,12,0.95,152.04,4979.26
2023-05-17,S002,P003,Home,34,107,55.8,1,0,25.7,0.7,0.15,5,0.93,23.25,822.12
2023-05-17,S002,P004,Toys,20,89,27.59,0,0,2.3,0.0,0.0,9,0.85,18.9,173.8
2023-05-17,S002,P005,Electronics,22,41,263.78,0,0,21.9,7.0,0.0,2,0.77,198.25,1441.66
2023-05-17,S003,P001,Clothing,16,116,130.51,0,0,28.9,2.2,0.0,9,0.75,95.7,556.96
2023-05-17,S003,P002,Food,28,97,37.9,0,0,20.1,1.9,0.0,3,0.73,22.47,432.04
2023-05-17,S003,P003,Home,21,98,36.26,1,0,28.3,0.6,0.19,1,0.92,22.93,135.25
2023-05-17,S003,P004,Toys,22,91,59.22,0,0,21.8,0.0,0.0,10,0.92,38.48,456.28
2023-05-17,S003,P005,Electronics,18,109,142.62,0,0,28.5,3.7,0.0,12,0.91,103.0,713.16
2023-05-18,S001,P001,Clothing,20,105,190.13,0,1,11.7,14.3,0.0,5,0.99,141.75,967.6
2023-05-18,S001,P002,Food,24,145,342.9,0,0,23.6,1.8,0.0,3,0.72,271.97,1702.32
2023-05-18,S001,P003,Home,25,63,467.46,0,0,28.8,10.9,0.0,10,0.94,298.61,4221.25
2023-05-18,S001,P004,Toys,23,95,499.65,0,0,36.1,0.0,0.0,7,0.86,369.95,2983.1
2023-05-18,S001,P005,Electronics,18,91,106.94,0,0,34.1,1.8,0.0,4,0.77,53.24,966.6
2023-05-18,S002,P001,Clothing,28,79,226.44,1,0,20.5,0.0,0.18,12,0.74,157.35,793.26
2023-05-18,S002,P002,Food,31,102,380.69,1,0,24.3,3.7,0.24,3,0.91,257.46,987.8
2023-05-18,S002,P003,Home,17,123,483.23,0,0,18.1,3.1,0.0,11,0.91,207.6,4685.71
2023-05-18,S002,P004,Toys,15,95,436.59,0,0,24.7,2.0,0.0,8,0.95,206.52,3451.05
2023-05-18,S002,P005,Electronics,22,98,110.55,0,0,23.8,9.4,0.0,1,0.84,81.03,649.44
2023-05-18,S003,P001,Clothing,17,53,119.46,0,0,17.4,0.0,0.0,7,1.0,87.66,540.6
2023-05-18,S003,P002,Food,21,115,338.22,0,0,32.9,4.8,0.0,11,0.88,252.15,1807.47
2023-05-18,S003,P003,Home,20,113,192.52,0,0,17.1,0.0,0.0,8,0.84,106.79,1714.6
2023-05-18,S003,P004,Toys,22,121,414.31,0,1,19.4,0.0,0.0,1,,318.22,2113.98
2023-05-18,S003,P005,Electronics,11,84,119.15,0,0,15.1,0.0,0.0,9,0.96,80.25,427.9
2023-05-19,S001,P001,Clothing,27,61,316.45,0,0,24.5,0.8,0.0,8,0.7,126.76,5121.63
2023-05-19,S001,P002,Food,33,85,53.27,0,0,26.2,0.0,0.0,10,0.99,35.68,580.47
2023-05-19,S001,P003,Home,11,97,116.57,0,0,17.4,0.0,0.0,11,0.81,92.6,263.67
2023-05-19,S001,P004,Toys,22,89,82.71,0,1,20.2,5.0,0.0,12,0.92,38.27,977.68
2023-05-19,S001,P005,Electronics,21,92,329.18,0,0,33.7,0.0,0.0,12,0.83,150.68,3748.5
2023-05-19,S002,P001,Clothing,21,102,263.17,0,0,22.1,4.9,0.0,7,0.85,180.51,1735.86
2023-05-19,S002,P002,Food,17,69,312.69,0,0,19.7,3.7,0.0,2,0.7,235.06,1319.71
2023-05-19,S002,P003,Home,19,122,344.44,0,0,23.5,5.4,0.0,2,0.74,254.13,1715.89
2023-05-19,S002,P004,Toys,18,101,88.9,0,0,19.1,0.0,0.0,11,0.92,54.52,618.84
2023-05-19,S002,P005,Electronics,15,99,421.57,0,0,23.2,0.0,0.0,9,0.78,325.2,1445.55
2023-05-19,S003,P001,Clothing,20,119,34.34,0,0,21.1,16.4,0.0,2,0.8,25.23,182.2
2023-05-19,S003,P002,Food,15,116,414.99,0,0,7.5,2.4,0.0,12,,286.79,1923.0
2023-05-19,S003,P003,Home,30,85,462.4,1,0,24.2,2.5,0.07,2,0.78,302.83,3816.06
2023-05-19,S003,P004,Toys,27,103,48.25,0,0,12.2,0.0,0.0,3,0.96,25.95,602.1
2023-05-19,S003,P005,Electronics,19,106,407.39,0,0,2.3,0.0,0.0,11,0.94,175.32,4409.33
2023-05-20,S001,P001,Clothing,26,112,66.93,1,0,2.3,1.7,0.08,12,0.8,49.44,315.53
2023-05-20,S001,P002,Food,22,115,365.38,0,0,27.5,0.0,0.0,12,0.92,183.02,4011.92
2023-05-20,S001,P003,Home,17,101,141.99,0,0,15.1,0.0,0.0,12,0.77,88.74,905.25
2023-05-20,S001,P004,Toys,28,88,166.85,0,0,13.5,0.0,0.0,2,0.97,68.19,2762.48
2023-05-20,S001,P005,Electronics,23,99,184.25,0,0,21.2,6.6,0.0,3,0.92,89.04,2189.83
2023-05-20,S002,P001,Clothing,30,95,448.77,0,0,44.5,0.0,0.0,11,0.85,347.6,3035.1
2023-05-20,S002,P002,Food,20,121,194.74,0,0,16.8,2.3,0.0,4,0.9,101.85,1857.8
2023-05-20,S002,P003,Home,38,94,81.73,0,1,7.4,5.6,0.0,4,0.9,54.75,1025.24
2023-05-20,S002,P004,Toys,22,76,92.44,0,0,28.6,8.7,0.0,11,0.98,48.77,960.74
2023-05-20,S002,P005,Electronics,20,81,273.89,0,0,,4.7,0.0,8,0.98,211.44,1249.0
2023-05-20,S003,P001,Clothing,46,126,489.47,1,0,17.6,5.5,0.27,11,0.75,231.95,5766.7
2023-05-20,S003,P002,Food,19,78,74.77,0,0,26.1,0.0,0.0,1,0.77,39.11,677.54
2023-05-20,S003,P003,Home,33,111,104.49,1,0,20.2,4.8,0.14,5,0.78,70.08,652.79
2023-05-20,S003,P004,Toys,11,141,21.03,0,0,25.7,10.1,0.0,2,0.89,9.77,123.86
2023-05-20,S003,P005,Electronics,27,106,380.33,0,0,,1.3,0.0,13,0.76,201.05,4840.56
2023-05-21,S001,P001,Clothing,24,112,348.61,0,0,35.2,0.7,0.0,12,0.75,185.37,3917.76
2023-05-21,S001,P002,Food,17,104,211.12,0,0,26.5,,0.0,5,0.96,92.48,2016.88
2023-05-21,S001,P003,Home,19,80,148.64,0,0,,3.5,0.0,11,0.71,96.52,990.28
2023-05-21,S001,P004,Toys,19,63,288.03,0,0,15.9,0.0,0.0,5,0.97,134.85,2910.42
2023-05-21,S001,P005,Electronics,18,105,323.92,0,0,26.1,0.0,0.0,12,0.78,170.21,2766.78
2023-05-21,S002,P001,Clothing,17,109,209.94,0,0,14.0,0.0,0.0,4,0.9,87.11,2088.11
2023-05-21,S002,P002,Food,16,83,380.86,0,0,11.8,0.0,0.0,6,0.74,178.39,3239.52
2023-05-21,S002,P003,Home,14,88,355.86,0,0,15.1,0.1,0.0,11,0.74,273.28,1156.12
2023-05-21,S002,P004,Toys,44,97,80.25,1,0,20.8,0.0,0.09,12,0.98,41.9,1369.61
2023-05-21,S002,P005,Electronics,24,79,216.91,0,0,26.6,0.0,0.0,3,0.8,156.92,1439.76
2023-05-21,S003,P001,Clothing,16,84,336.57,0,0,17.9,0.0,0.0,7,0.84,260.86,1211.36
2023-05-21,S003,P002,Food,27,72,336.58,0,0,,6.8,0.0,8,0.82,186.46,4053.24
2023-05-21,S003,P003,Home,16,94,299.34,0,0,24.0,5.8,0.0,12,0.75,126.4,2767.04
2023-05-21,S003,P004,Toys,23,116,213.06,0,0,30.1,7.1,0.0,13,,119.76,2145.9
2023-05-21,S003,P005,Electronics,12,81,330.2,0,0,42.1,3.0,0.0,9,0.86,187.45,1713.0
2023-05-22,S001,P001,Clothing,16,88,26.54,0,0,33.8,7.4,0.0,1,0.82,13.93,201.76
2023-05-22,S001,P002,Food,22,99,464.54,0,0,18.4,0.0,0.0,5,0.91,291.07,3816.34
2023-05-22,S001,P003,Home,16,93,428.51,0,0,15.5,0.0,0.0,7,0.7,333.58,1518.88
2023-05-22,S001,P004,Toys,27,113,496.66,0,0,3.9,3.8,0.0,6,0.85,348.94,3988.44
2023-05-22,S001,P005,Electronics,21,89,248.41,0,0,28.2,12.7,0.0,13,0.86,161.8,1818.81
2023-05-22,S002,P001,Clothing,13,42,430.2,0,0,17.5,1.2,0.0,3,,226.89,2643.03
2023-05-22,S002,P002,Food,14,99,224.43,0,0,31.9,1.0,0.0,11,0.94,129.71,1326.08
2023-05-22,S002,P003,Home,17,94,338.19,0,0,25.6,0.0,0.0,7,0.93,223.25,1953.98
2023-05-22,S002,P004,Toys,16,42,78.67,0,0,33.2,,0.0,5,,38.35,645.12
2023-05-22,S002,P005,Electronics,31,103,111.3,1,0,7.6,4.8,0.1,10,0.89,62.19,1177.38
2023-05-22,S003,P001,Clothing,20,84,175.72,0,0,11.1,0.0,0.0,13,0.98,73.35,2047.4
2023-05-22,S003,P002,Food,19,113,382.1,0,0,21.7,0.9,0.0,3,0.94,237.34,2750.44
2023-05-22,S003,P003,Home,18,117,401.5,0,0,34.4,3.7,0.0,5,0.71,319.43,1477.26
2023-05-22,S003,P004,Toys,22,88,63.1,0,0,19.2,,0.0,7,0.82,31.93,685.74
2023-05-22,S003,P005,Electronics,10,80,311.44,0,0,17.3,4.1,0.0,12,0.88,213.64,978.0
2023-05-23,S001,P001,Clothing,24,82,307.47,0,0,21.5,5.8,0.0,2,0.71,154.99,3659.52
2023-05-23,S001,P002,Food,25,94,155.72,0,0,9.0,10.6,0.0,6,0.84,91.81,1597.75
2023-05-23,S001,P003,Home,22,64,408.48,0,1,,6.3,0.0,10,0.86,226.28,4008.4
2023-05-23,S001,P004,Toys,28,92,491.22,1,0,,0.9,0.09,3,0.9,356.21,2542.41
2023-05-23,S001,P005,Electronics,20,93,22.64,0,0,28.1,7.7,0.0,8,0.73,13.13,190.2
2023-05-23,S002,P001,Clothing,20,110,91.6,0,0,19.2,0.0,0.0,4,0.94,48.5,862.0
2023-05-23,S002,P002,Food,17,103,418.34,0,0,12.2,6.1,0.0,13,0.75,214.77,3460.69
2023-05-23,S002,P003,Home,20,92,150.85,0,0,19.8,7.0,0.0,12,0.85,80.13,1414.4
2023-05-23,S002,P004,Toys,31,88,499.46,1,0,34.7,7.1,0.23,10,0.75,303.43,2515.78
2023-05-23,S002,P005,Electronics,10,86,192.88,0,0,38.9,7.1,0.0,3,0.77,146.16,467.2
2023-05-23,S003,P001,Clothing,30,95,32.81,1,0,27.0,0.0,0.1,3,0.79,14.58,448.47
2023-05-23,S003,P002,Food,21,87,329.6,0,0,35.4,0.9,0.0,5,0.92,151.66,3736.74
2023-05-23,S003,P003,Home,42,111,132.26,1,0,7.7,0.0,0.11,3,0.79,52.99,2718.3
2023-05-23,S003,P004,Toys,34,122,169.98,1,0,19.6,0.6,0.15,10,0.76,108.33,1229.2
2023-05-23,S003,P005,Electronics,18,92,449.74,0,0,37.5,0.0,0.0,10,0.99,219.02,4152.96
2023-05-24,S001,P001,Clothing,25,115,45.26,0,0,23.9,0.0,0.0,7,0.77,24.21,526.25
2023-05-24,S001,P002,Food,18,113,356.27,0,0,12.3,0.0,0.0,5,0.97,189.21,3007.08
2023-05-24,S001,P003,Home,23,121,346.74,0,0,13.4,0.4,0.0,12,0.98,260.88,1974.78
2023-05-24,S001,P004,Toys,40,109,433.13,1,0,30.6,0.0,0.25,8,0.74,177.26,5903.5
2023-05-24,S001,P005,Electronics,25,123,204.27,0,0,,0.0,0.0,4,0.99,87.18,2927.25
2023-05-24,S002,P001,Clothing,16,96,401.54,0,0,14.8,5.5,0.0,10,0.82,313.7,1405.44
2023-05-24,S002,P002,Food,14,123,225.58,0,0,12.1,1.3,0.0,7,0.83,138.5,1219.12
2023-05-24,S002,P003,Home,8,106,138.32,0,0,18.5,,0.0,8,0.72,110.53,222.32
2023-05-24,S002,P004,Toys,20,79,234.1,0,0,25.3,0.9,0.0,12,0.71,155.82,1565.6
2023-05-24,S002,P005,Electronics,17,90,446.4,0,0,20.5,3.2,0.0,8,0.75,277.08,2878.44
2023-05-24,S003,P001,Clothing,17,95,402.92,0,0,28.1,2.1,0.0,3,0.97,221.95,3076.49
2023-05-24,S003,P002,Food,27,129,124.75,1,0,33.8,0.0,0.14,8,0.98,54.77,1417.9
2023-05-24,S003,P003,Home,23,92,157.61,0,0,27.1,8.2,0.0,3,0.84,115.46,969.45
2023-05-24,S003,P004,Toys,18,88,75.88,0,0,4.3,4.4,0.0,13,0.8,43.26,587.16
2023-05-24,S003,P005,Electronics,19,97,38.24,0,0,,4.6,0.0,11,0.81,29.53,165.49
2023-05-25,S001,P001,Clothing,24,113,58.46,1,0,14.6,2.5,0.27,11,0.72,27.45,365.42
2023-05-25,S001,P002,Food,30,85,423.35,0,0,24.4,0.7,0.0,13,0.83,229.53,5814.6
2023-05-25,S001,P003,Home,21,129,474.05,0,0,35.4,0.0,0.0,6,0.87,280.59,4062.66
2023-05-25,S001,P004,Toys,22,100,342.47,0,0,10.6,0.0,0.0,12,0.89,168.43,3828.88
2023-05-25,S001,P004,Toys,22,100,342.47,0,0,10.6,0.0,0.0,12,0.89,168.43,3828.88
2023-05-25,S001,P005,Electronics,18,111,161.38,0,0,,4.2,0.0,6,,82.61,1417.86
2023-05-25,S002,P001,Clothing,22,131,200.56,0,0,32.8,0.0,0.0,12,0.74,104.79,2106.94
2023-05-25,S002,P002,Food,24,62,481.95,0,0,30.5,0.0,0.0,7,0.74,368.67,2718.72
2023-05-25,S002,P003,Home,34,92,31.44,1,0,14.8,0.0,0.18,1,0.89,12.69,445.09
2023-05-25,S002,P004,Toys,29,106,488.94,0,0,34.1,0.0,0.0,11,0.73,215.2,7938.46
2023-05-25,S002,P005,Electronics,19,104,478.78,0,0,25.6,0.0,0.0,13,0.9,333.47,2760.89
2023-05-25,S003,P001,Clothing,20,78,259.79,0,0,28.8,0.0,0.0,6,0.91,201.91,1157.6
2023-05-25,S003,P002,Food,18,103,380.9,0,0,21.3,6.8,0.0,11,,173.13,3739.86
2023-05-25,S003,P003,Home,19,103,229.8,0,0,28.2,0.0,0.0,4,,111.34,2250.74
2023-05-25,S003,P004,Toys,21,100,199.68,0,0,14.3,13.1,0.0,9,0.92,145.06,1147.02
2023-05-25,S003,P005,Electronics,21,74,299.28,0,0,15.4,0.7,0.0,1,0.75,202.52,2031.96
2023-05-26,S001,P001,Clothing,27,127,94.79,1,0,19.9,15.5,0.3,13,,45.22,570.59
2023-05-26,S001,P001,Clothing,27,127,94.79,1,0,19.9,15.5,0.3,13,,45.22,570.59
2023-05-26,S001,P002,Food,21,100,29.94,0,0,22.6,1.8,0.0,10,0.76,13.79,339.15
2023-05-26,S001,P003,Home,21,118,285.83,0,0,20.8,0.0,0.0,13,0.92,199.27,1817.76
2023-05-26,S001,P004,Toys,14,105,354.66,0,0,3.0,0.0,0.0,6,0.77,243.38,1557.92
2023-05-26,S001,P005,Electronics,25,81,261.46,0,0,27.4,13.0,0.0,5,0.98,183.11,1958.75
2023-05-26,S002,P001,Clothing,15,108,354.32,0,0,21.6,0.6,0.0,10,0.82,180.72,2604.0
2023-05-26,S002,P002,Food,31,126,334.92,1,0,30.1,7.6,0.27,2,0.96,230.52,433.12
2023-05-26,S002,P003,Home,28,78,272.94,0,0,27.0,0.0,0.0,7,0.82,113.27,4470.76
2023-05-26,S002,P004,Toys,19,94,410.55,0,1,19.8,2.5,0.0,7,0.89,278.41,2510.66
2023-05-26,S002,P005,Electronics,20,110,350.99,0,0,32.1,0.0,0.0,5,0.75,195.33,3113.2
2023-05-26,S003,P001,Clothing,19,79,407.3,0,0,28.6,1.7,0.0,12,0.85,174.16,4429.66
2023-05-26,S003,P002,Food,23,80,87.7,0,0,31.8,5.8,0.0,1,0.79,64.0,545.1
2023-05-26,S003,P003,Home,22,102,343.96,0,0,15.3,0.0,0.0,5,0.71,234.43,2409.66
2023-05-26,S003,P004,Toys,20,87,121.07,0,0,,7.1,0.0,7,1.0,82.8,765.4
2023-05-26,S003,P005,Electronics,25,75,153.0,0,0,12.6,7.5,0.0,9,0.91,113.1,997.5
2023-05-27,S001,P001,Clothing,19,73,136.59,0,0,26.9,0.0,0.0,1,0.94,97.29,746.7
2023-05-27,S001,P002,Food,29,97,427.17,0,0,3.5,5.4,0.0,5,0.85,211.1,6266.03
2023-05-27,S001,P003,Home,20,85,56.08,0,0,26.4,6.2,0.0,1,0.74,36.27,396.2
2023-05-27,S001,P004,Toys,19,100,26.36,0,0,23.6,10.1,0.0,6,0.95,14.38,227.62
2023-05-27,S001,P005,Electronics,24,112,124.06,1,0,,0.9,0.13,10,,65.24,1024.61
2023-05-27,S002,P001,Clothing,34,82,64.66,1,0,24.8,5.9,0.24,9,,44.9,144.21
2023-05-27,S002,P002,Food,19,113,492.93,0,0,9.1,5.3,0.0,3,0.83,363.17,2465.44
2023-05-27,S002,P003,Home,23,116,254.15,0,0,41.3,9.0,0.0,3,0.99,145.82,2491.59
2023-05-27,S002,P004,Toys,23,84,288.51,0,0,-4.6,4.2,0.0,7,0.78,204.42,1934.07
2023-05-27,S002,P005,Electronics,14,92,311.91,0,0,8.7,0.0,0.0,13,0.96,226.45,1196.44
2023-05-27,S003,P001,Clothing,14,95,307.85,0,0,25.5,3.4,0.0,5,0.86,223.5,1180.9
2023-05-27,S003,P002,Food,22,80,302.01,0,0,,7.8,0.0,4,,164.59,3023.24
2023-05-27,S003,P003,Home,28,115,488.1,0,0,,0.0,0.0,9,0.71,263.49,6289.08
2023-05-27,S003,P004,Toys,18,89,172.82,0,0,17.4,0.0,0.0,6,0.99,88.5,1517.76
2023-05-27,S003,P005,Electronics,23,80,208.62,0,0,13.1,1.0,0.0,6,0.92,121.6,2001.46
2023-05-28,S001,P001,Clothing,24,78,267.93,0,0,35.3,0.0,0.0,4,0.99,178.81,2138.88
2023-05-28,S001,P002,Food,25,71,353.59,0,0,16.2,7.4,0.0,6,0.88,232.08,3037.75
2023-05-28,S001,P002,Food,25,71,353.59,0,0,16.2,7.4,0.0,6,0.88,232.08,3037.75
2023-05-28,S001,P003,Home,22,97,23.44,0,0,31.2,0.0,0.0,10,0.85,10.53,284.02
2023-05-28,S001,P004,Toys,25,121,256.24,0,0,31.5,5.2,0.0,4,0.84,197.14,1477.5
2023-05-28,S001,P005,Electronics,24,127,464.6,0,0,22.2,0.4,0.0,2,0.96,328.81,3258.96
2023-05-28,S002,P001,Clothing,27,93,382.53,0,0,15.3,,0.0,5,0.85,292.09,2441.88
2023-05-28,S002,P002,Food,20,84,353.24,0,0,29.1,7.6,0.0,5,0.93,145.7,4150.8
2023-05-28,S002,P003,Home,24,138,267.72,0,0,31.3,9.7,0.0,9,0.92,141.75,3023.28
2023-05-28,S002,P004,Toys,31,113,14.17,0,0,13.8,0.9,0.0,6,0.93,6.92,224.75
2023-05-28,S002,P005,Electronics,13,87,172.39,0,0,22.3,0.0,0.0,11,0.9,113.13,770.38
2023-05-28,S003,P001,Clothing,14,108,199.73,0,0,11.3,3.9,0.0,5,0.82,158.08,583.1
2023-05-28,S003,P002,Food,36,104,107.75,1,0,12.5,0.0,0.05,5,0.93,80.86,774.09
2023-05-28,S003,P003,Home,23,108,255.92,0,0,-2.4,0.0,0.0,10,0.71,168.81,2003.53
2023-05-28,S003,P004,Toys,23,74,373.73,0,0,27.2,0.1,0.0,6,0.83,281.01,2132.56
2023-05-28,S003,P005,Electronics,19,97,242.77,0,0,30.3,2.2,0.0,10,0.9,183.62,1123.85
2023-05-29,S001,P001,Clothing,19,82,183.83,0,0,16.8,9.1,0.0,12,0.72,141.63,801.8
2023-05-29,S001,P002,Food,16,83,22.59,0,0,20.3,3.8,0.0,5,0.92,9.53,208.96
2023-05-29,S001,P003,Home,115,69,440.99,0,0,23.5,4.0,0.0,10,0.85,336.22,2409.71
2023-05-29,S001,P004,Toys,25,85,216.45,0,0,33.1,0.0,0.0,4,0.84,143.58,1821.75
2023-05-29,S001,P005,Electronics,27,135,341.98,1,0,23.7,0.0,0.12,9,0.93,214.14,2343.66
2023-05-29,S002,P001,Clothing,24,111,230.93,1,0,14.9,0.0,0.16,8,0.89,183.2,258.75
2023-05-29,S002,P002,Food,26,119,391.75,0,0,30.7,1.3,0.0,11,0.82,275.95,3010.8
2023-05-29,S002,P003,Home,12,125,479.17,0,0,0.1,1.9,0.0,1,0.95,244.94,2810.76
2023-05-29,S002,P004,Toys,18,140,144.27,0,0,17.3,3.2,0.0,9,0.78,106.63,677.52
2023-05-29,S002,P005,Electronics,15,109,235.01,0,0,28.3,4.9,0.0,5,0.89,104.28,1960.95
2023-05-29,S003,P001,Clothing,18,80,294.89,1,0,20.3,1.5,0.25,9,0.88,142.03,1424.47
2023-05-29,S003,P002,Food,105,121,152.55,0,0,,,0.0,12,0.89,75.03,1627.92
2023-05-29,S003,P003,Home,16,91,391.75,0,0,27.1,5.5,0.0,9,0.81,218.23,2776.32
2023-05-29,S003,P004,Toys,17,140,345.14,0,0,17.9,0.0,0.0,6,0.93,187.02,2688.04
2023-05-29,S003,P005,Electronics,14,91,300.32,0,1,25.5,6.5,0.0,13,0.88,148.9,2119.88
2023-05-30,S001,P001,Clothing,22,122,414.89,0,0,31.8,10.3,0.0,13,0.83,174.07,5298.04
2023-05-30,S001,P002,Food,20,97,27.4,0,0,18.5,7.5,0.0,11,0.72,20.7,134.0
2023-05-30,S001,P003,Home,16,110,49.84,0,0,25.7,0.0,0.0,1,0.88,35.45,230.24
2023-05-30,S001,P004,Toys,31,129,281.58,1,0,29.8,1.6,0.09,1,0.73,148.49,3340.18
2023-05-30,S001,P005,Electronics,20,79,406.69,0,0,20.9,0.0,0.0,11,0.8,286.4,2405.8
2023-05-30,S002,P001,Clothing,15,71,263.18,0,0,34.5,0.0,0.0,9,0.75,189.74,1101.6
2023-05-30,S002,P002,Food,12,78,132.36,0,0,24.8,3.9,0.0,5,0.7,60.07,867.48
2023-05-30,S002,P003,Home,23,78,351.53,0,0,20.1,8.9,0.0,10,,219.67,3032.78
2023-05-30,S002,P004,Toys,26,109,96.69,0,0,21.9,14.8,0.0,3,0.91,62.93,877.76
2023-05-30,S002,P005,Electronics,22,114,330.45,0,0,28.3,0.3,0.0,10,0.87,225.55,2307.8
2023-05-30,S003,P001,Clothing,31,133,456.77,0,0,24.2,8.7,0.0,10,0.96,292.54,5091.13
2023-05-30,S003,P002,Food,22,97,22.88,0,0,22.2,2.6,0.0,12,0.89,17.49,118.58
2023-05-30,S003,P003,Home,28,103,384.08,0,0,0.5,5.5,0.0,11,0.99,215.16,4729.76
2023-05-30,S003,P004,Toys,14,78,399.6,0,0,30.0,,0.0,1,,225.03,2443.98
2023-05-30,S003,P005,Electronics,20,86,226.91,0,0,14.6,0.0,0.0,9,0.93,110.37,2330.8
2023-05-31,S001,P001,Clothing,19,93,28.05,0,0,14.3,2.6,0.0,1,0.79,15.64,235.79
2023-05-31,S001,P002,Food,23,99,44.44,0,0,7.3,5.3,0.0,2,0.87,26.75,406.87
2023-05-31,S001,P003,Home,22,140,403.75,0,0,14.6,0.0,0.0,8,0.71,233.11,3754.08
2023-05-31,S001,P004,Toys,21,103,166.16,0,0,7.1,0.0,0.0,10,0.95,71.66,1984.5
2023-05-31,S001,P005,Electronics,17,85,393.1,0,0,-8.1,6.2,0.0,9,0.98,293.18,1698.64
2023-05-31,S002,P001,Clothing,25,79,491.02,0,0,19.4,2.0,0.0,8,0.99,307.84,4579.5
2023-05-31,S002,P002,Food,18,97,497.72,0,0,,0.4,0.0,3,0.91,332.36,2976.48
2023-05-31,S002,P003,Home,13,126,149.04,0,0,4.3,2.1,0.0,6,0.91,67.66,1057.94
2023-05-31,S002,P004,Toys,19,108,339.05,0,0,18.8,0.0,0.0,13,0.85,198.99,2661.14
2023-05-31,S002,P005,Electronics,21,96,45.1,0,1,21.2,2.8,0.0,13,0.99,24.61,430.29
2023-05-31,S003,P001,Clothing,20,59,82.34,0,0,28.0,0.0,0.0,12,0.83,45.94,728.0
2023-05-31,S003,P002,Food,115,95,106.38,0,0,41.7,0.0,0.0,5,0.89,48.28,1336.3
2023-05-31,S003,P002,Food,115,95,106.38,0,0,41.7,0.0,0.0,5,0.89,48.28,1336.3
2023-05-31,S003,P003,Home,21,109,221.05,0,0,21.5,0.0,0.0,3,0.75,99.58,2550.87
2023-05-31,S003,P004,Toys,25,84,395.82,1,0,6.5,0.0,0.23,9,0.88,190.03,2868.79
2023-05-31,S003,P005,Electronics,30,103,367.05,0,1,14.9,4.2,0.0,4,1.0,157.21,6295.2
2023-06-01,S001,P001,Clothing,20,116,232.2,0,0,-0.8,0.0,0.0,7,0.72,105.96,2524.8
2023-06-01,S001,P002,Food,19,95,222.04,0,0,26.1,1.3,0.0,7,0.92,91.1,2487.86
2023-06-01,S001,P003,Home,20,122,390.65,0,0,,0.1,0.0,9,0.8,261.21,2588.8
2023-06-01,S001,P004,Toys,21,113,208.8,0,0,9.2,0.0,0.0,13,0.87,93.46,2422.14
2023-06-01,S001,P005,Electronics,26,105,236.69,0,0,9.5,2.9,0.0,8,0.71,144.71,2391.48
2023-06-01,S002,P001,Clothing,13,83,388.85,0,1,16.5,0.0,0.0,5,0.96,167.95,2871.7
2023-06-01,S002,P002,Food,25,99,52.82,0,0,10.7,4.8,0.0,2,,23.42,735.0
2023-06-01,S002,P003,Home,20,96,332.92,0,0,8.0,5.3,0.0,3,,184.3,2972.4
2023-06-01,S002,P004,Toys,23,91,44.41,0,0,11.0,0.0,0.0,13,0.94,27.25,394.68
2023-06-01,S002,P005,Electronics,18,104,284.52,0,0,34.7,5.9,0.0,8,0.86,135.21,2687.58
2023-06-01,S003,P001,Clothing,18,89,356.82,0,0,3.3,2.9,0.0,3,0.79,247.55,1966.86
2023-06-01,S003,P002,Food,20,106,74.69,0,0,11.4,7.9,0.0,4,0.71,54.36,406.6
2023-06-01,S003,P003,Home,22,91,116.15,0,0,25.2,7.5,0.0,3,0.98,49.94,1456.62
2023-06-01,S003,P004,Toys,29,95,36.56,0,0,15.9,0.0,0.0,13,0.97,24.7,343.94
2023-06-01,S003,P005,Electronics,18,107,377.22,0,0,19.5,0.0,0.0,8,0.8,281.55,1722.06
2023-06-02,S001,P001,Clothing,15,106,290.57,0,0,21.1,9.6,0.0,2,0.84,121.18,2540.85
2023-06-02,S001,P002,Food,18,110,341.81,0,0,0.1,7.7,0.0,10,0.95,180.52,2903.22
2023-06-02,S001,P003,Home,23,117,389.4,0,0,24.0,2.1,0.0,2,0.99,256.19,3063.83
2023-06-02,S001,P004,Toys,24,105,494.15,0,0,18.1,0.0,0.0,5,0.85,380.77,2721.12
2023-06-02,S001,P005,Electronics,22,125,187.43,1,0,29.4,8.4,0.13,11,0.82,139.79,512.03
2023-06-02,S002,P001,Clothing,17,89,427.74,0,0,,,0.0,3,0.71,337.37,1536.29
2023-06-02,S002,P002,Food,20,120,173.7,0,0,33.3,3.8,0.0,7,0.84,112.97,1214.6
2023-06-02,S002,P003,Home,14,89,70.57,0,0,20.4,0.0,0.0,2,0.97,46.51,336.84
2023-06-02,S002,P004,Toys,25,73,171.07,0,0,20.9,,0.0,13,0.78,69.29,2544.5
2023-06-02,S002,P005,Electronics,22,120,128.2,0,0,7.7,0.0,0.0,5,0.89,80.27,1054.46
2023-06-02,S003,P001,Clothing,16,97,75.86,0,0,0.9,0.0,0.0,3,0.72,59.29,265.12
2023-06-02,S003,P002,Food,20,111,348.38,0,0,24.3,0.0,0.0,3,0.8,229.16,2384.4
2023-06-02,S003,P003,Home,13,48,283.78,0,0,27.5,0.0,0.0,6,0.89,176.89,1389.57
2023-06-02,S003,P004,Toys,43,69,338.8,1,0,31.2,0.0,0.09,12,0.77,188.05,5171.09
2023-06-02,S003,P005,Electronics,24,96,230.82,0,0,23.5,0.0,0.0,13,0.99,156.75,1777.68
2023-06-03,S001,P001,Clothing,22,105,348.1,0,0,24.5,5.5,0.0,12,0.86,226.91,2666.18
2023-06-03,S001,P002,Food,29,136,46.22,0,0,27.8,0.0,0.0,2,0.96,34.05,352.93
2023-06-03,S001,P003,Home,18,110,397.77,0,0,25.0,4.9,0.0,13,0.71,269.54,2308.14
2023-06-03,S001,P004,Toys,31,97,148.67,1,0,1.8,5.5,0.12,10,0.8,98.25,1009.97
2023-06-03,S001,P005,Electronics,17,113,225.19,0,0,24.3,0.0,0.0,4,0.74,114.85,1875.78
2023-06-03,S002,P001,Clothing,13,94,136.19,0,0,21.0,10.5,0.0,10,0.95,75.58,787.93
2023-06-03,S002,P002,Food,20,75,171.0,0,0,21.3,0.0,0.0,5,0.89,89.37,1632.6
2023-06-03,S002,P003,Home,25,93,35.42,0,0,29.4,4.6,0.0,3,0.81,18.03,434.75
2023-06-03,S002,P004,Toys,29,77,174.86,0,0,8.1,6.0,0.0,10,0.77,90.18,2455.72
2023-06-03,S002,P005,Electronics,24,87,168.89,0,0,8.2,,0.0,10,0.95,116.45,1258.56
2023-06-03,S003,P001,Clothing,24,136,93.94,0,0,39.7,,0.0,11,0.95,64.63,703.44
2023-06-03,S003,P002,Food,20,127,348.95,0,0,32.6,3.8,0.0,7,0.71,256.6,1847.0
2023-06-03,S003,P003,Home,26,107,16.81,0,0,2.6,,0.0,9,0.91,9.1,200.46
2023-06-03,S003,P004,Toys,24,107,24.7,0,0,14.5,1.6,0.0,6,0.96,17.65,169.2
2023-06-03,S003,P005,Electronics,20,97,268.71,0,0,25.8,13.2,0.0,13,0.88,118.68,3000.6
2023-06-04,S001,P001,Clothing,17,121,408.62,0,0,20.6,0.0,0.0,3,0.87,244.54,2789.36
2023-06-04,S001,P002,Food,26,76,344.18,0,0,22.7,0.0,0.0,10,0.97,233.87,2868.06
2023-06-04,S001,P003,Home,135,103,107.07,0,0,24.0,6.9,0.0,10,0.77,47.04,1620.81
2023-06-04,S001,P004,Toys,20,96,203.38,0,0,17.5,9.8,0.0,5,0.88,106.94,1928.8
2023-06-04,S001,P005,Electronics,28,110,426.61,0,0,,0.0,0.0,3,0.73,227.08,5586.84
2023-06-04,S002,P001,Clothing,15,77,129.27,0,0,22.8,8.4,0.0,11,0.82,75.47,807.0
2023-06-04,S002,P002,Food,29,123,158.19,0,0,14.2,3.4,0.0,9,0.93,68.84,2591.15
2023-06-04,S002,P003,Home,16,103,483.58,0,0,26.4,0.0,0.0,4,0.98,365.32,1892.16
2023-06-04,S002,P004,Toys,16,104,496.8,0,0,18.5,1.2,0.0,7,0.96,311.67,2962.08
2023-06-04,S002,P005,Electronics,26,106,225.01,0,0,16.8,0.0,0.0,2,0.75,179.98,1170.78
2023-06-04,S003,P001,Clothing,18,88,106.03,0,0,31.0,4.6,0.0,10,0.79,59.75,833.04
2023-06-04,S003,P002,Food,14,91,320.9,0,0,33.0,0.2,0.0,8,0.72,241.74,1108.24
2023-06-04,S003,P003,Home,20,92,456.06,0,0,14.4,9.2,0.0,4,0.76,196.94,5182.4
2023-06-04,S003,P004,Toys,19,72,347.41,0,0,20.0,0.0,0.0,11,0.84,257.14,1715.13
2023-06-04,S003,P005,Electronics,17,131,101.74,0,0,20.6,1.5,0.0,6,0.88,61.91,677.11
2023-06-05,S001,P001,Clothing,22,97,481.34,0,0,27.8,0.0,0.0,8,,319.81,3553.66
2023-06-05,S001,P002,Food,20,46,362.77,0,0,22.9,8.6,0.0,4,0.77,274.33,1768.8
2023-06-05,S001,P003,Home,19,113,312.03,0,0,14.7,8.1,0.0,1,0.79,213.8,1866.37
2023-06-05,S001,P004,Toys,17,89,96.44,0,0,33.4,1.1,0.0,4,0.97,59.56,626.96
2023-06-05,S001,P005,Electronics,14,89,302.91,0,0,7.3,0.0,0.0,1,0.82,223.7,1108.94
2023-06-05,S002,P001,Clothing,17,106,474.2,0,0,32.3,7.3,0.0,4,1.0,250.37,3805.11
2023-06-05,S002,P002,Food,20,116,266.91,0,0,21.8,7.7,0.0,8,0.93,197.05,1397.2
2023-06-05,S002,P003,Home,19,82,247.32,0,0,33.0,10.1,0.0,7,0.92,99.93,2800.41
2023-06-05,S002,P004,Toys,21,124,127.38,0,0,14.0,0.0,0.0,11,0.84,75.14,1097.04
2023-06-05,S002,P005,Electronics,31,109,88.26,1,0,,,0.16,3,0.95,44.37,922.82
2023-06-05,S003,P001,Clothing,16,89,477.04,0,0,15.0,1.0,0.0,11,0.87,286.04,3056.0
2023-06-05,S003,P002,Food,14,137,426.34,0,0,11.8,,0.0,10,0.78,326.75,1394.26
2023-06-05,S003,P003,Home,23,114,118.82,0,0,14.7,0.0,0.0,8,0.87,74.9,1010.16
2023-06-05,S003,P004,Toys,27,135,318.45,0,0,12.8,4.2,0.0,1,0.9,165.21,4137.48
2023-06-05,S003,P005,Electronics,14,138,218.82,0,0,25.1,0.0,0.0,3,0.92,161.49,802.62
2023-06-06,S001,P001,Clothing,18,128,442.99,0,0,20.7,4.0,0.0,7,0.76,191.16,4532.94
2023-06-06,S001,P002,Food,17,62,394.17,0,0,4.6,0.0,0.0,3,0.93,178.05,3674.04
2023-06-06,S001,P003,Home,130,93,431.22,0,0,9.3,9.3,0.0,10,0.8,299.15,3433.82
2023-06-06,S001,P004,Toys,16,109,79.76,0,0,26.1,6.7,0.0,7,0.72,62.19,281.12
2023-06-06,S001,P005,Electronics,13,120,496.07,0,0,33.5,7.7,0.0,7,0.73,333.5,2113.41
2023-06-06,S002,P001,Clothing,90,104,264.43,0,0,14.5,7.6,0.0,11,0.96,137.04,2293.02
2023-06-06,S002,P002,Food,23,104,443.68,0,0,36.2,0.6,0.0,13,0.85,271.16,3967.96
2023-06-06,S002,P003,Home,19,102,114.73,0,0,22.6,,0.0,1,0.84,69.72,855.19
2023-06-06,S002,P004,Toys,25,97,15.09,1,0,24.4,0.0,0.23,10,0.73,7.01,115.23
2023-06-06,S002,P005,Electronics,22,144,388.8,1,0,33.2,5.0,0.14,10,0.82,212.79,2674.72
2023-06-06,S003,P001,Clothing,14,60,79.22,0,0,25.7,0.0,0.0,10,0.98,50.44,402.92
2023-06-06,S003,P002,Food,15,83,255.07,0,0,22.5,2.9,0.0,5,0.73,186.81,1023.9
2023-06-06,S003,P003,Home,18,85,313.87,0,0,5.4,0.6,0.0,12,0.95,190.01,2229.48
2023-06-06,S003,P004,Toys,22,112,493.53,0,0,23.0,2.3,0.0,9,0.89,372.93,2653.2
2023-06-06,S003,P005,Electronics,26,125,338.65,0,0,15.7,3.3,0.0,11,0.71,233.79,2726.36
2023-06-07,S001,P001,Clothing,20,85,301.57,0,0,15.9,11.1,0.0,2,0.96,191.6,2199.4
2023-06-07,S001,P002,Food,15,95,461.83,0,0,25.9,12.7,0.0,12,0.96,327.9,2008.95
2023-06-07,S001,P003,Home,17,101,255.64,0,0,29.5,11.7,0.0,13,0.94,121.34,2283.1
2023-06-07,S001,P004,Toys,21,90,139.87,0,0,14.0,0.0,0.0,4,0.95,58.92,1699.95
2023-06-07,S001,P005,Electronics,16,110,110.06,0,0,5.6,2.6,0.0,2,0.93,54.95,881.76
2023-06-07,S002,P001,Clothing,19,90,194.36,0,0,7.3,1.8,0.0,3,0.99,111.39,1576.43
2023-06-07,S002,P002,Food,23,109,495.69,0,0,23.4,0.0,0.0,4,0.8,268.85,5217.32
2023-06-07,S002,P003,Home,13,104,46.24,0,0,13.8,1.1,0.0,10,0.97,36.76,123.24
2023-06-07,S002,P004,Toys,19,118,30.56,0,0,,0.0,0.0,9,0.86,15.09,293.93
2023-06-07,S002,P005,Electronics,15,66,154.08,0,0,,0.0,0.0,5,0.78,115.93,572.25
2023-06-07,S003,P001,Clothing,19,81,218.77,0,0,19.2,1.5,0.0,7,1.0,165.34,1015.17
2023-06-07,S003,P002,Food,21,133,119.68,0,0,9.4,0.0,0.0,13,0.88,81.3,805.98
2023-06-07,S003,P003,Home,28,120,106.27,1,0,38.2,0.0,0.06,2,0.7,61.96,1062.15
2023-06-07,S003,P004,Toys,23,74,450.23,0,0,37.6,2.3,0.0,6,0.89,219.32,5310.93
2023-06-07,S003,P005,Electronics,24,84,308.21,0,0,18.3,0.0,0.0,11,0.79,131.98,4229.52
2023-06-08,S001,P001,Clothing,18,95,402.81,0,0,12.9,2.4,0.0,8,0.93,229.04,3127.86
2023-06-08,S001,P002,Food,25,99,142.14,0,0,34.5,2.3,0.0,7,0.78,60.27,2046.75
2023-06-08,S001,P003,Home,19,105,290.01,0,0,9.3,0.0,0.0,1,,177.85,2131.04
2023-06-08,S001,P004,Toys,23,108,170.13,0,0,25.9,16.2,0.0,11,0.82,119.51,1164.26
2023-06-08,S001,P005,Electronics,18,101,256.39,0,0,22.5,0.0,0.0,2,0.87,121.7,2424.42
2023-06-08,S002,P001,Clothing,21,158,96.79,0,0,26.2,1.6,0.0,5,0.81,44.45,1099.14
2023-06-08,S002,P002,Food,25,88,441.59,0,0,18.2,0.0,0.0,8,0.94,318.04,3088.75
2023-06-08,S002,P003,Home,22,149,143.85,0,0,,0.0,0.0,8,0.96,104.75,860.2
2023-06-08,S002,P004,Toys,22,110,418.79,0,0,7.8,5.8,0.0,4,0.76,255.03,3602.72
2023-06-08,S002,P005,Electronics,24,52,55.73,0,0,8.2,0.0,0.0,8,0.71,30.13,614.4
2023-06-08,S003,P001,Clothing,19,103,67.1,0,0,19.6,7.0,0.0,10,0.81,46.46,392.16
2023-06-08,S003,P002,Food,12,91,62.29,0,0,,7.6,0.0,13,0.79,28.26,408.36
2023-06-08,S003,P003,Home,90,89,102.85,0,0,14.5,2.8,0.0,3,0.91,44.31,1053.72
2023-06-08,S003,P004,Toys,26,81,459.87,0,0,18.5,3.5,0.0,1,0.94,328.47,3416.4
2023-06-08,S003,P005,Electronics,12,84,256.85,0,0,23.6,0.0,0.0,13,0.8,134.48,1468.44
2023-06-09,S001,P001,Clothing,30,79,337.19,1,0,30.3,8.0,0.19,9,0.81,224.63,1454.82
2023-06-09,S001,P002,Food,24,110,245.98,1,0,9.3,1.0,0.19,7,,154.26,1079.61
2023-06-09,S001,P003,Home,16,111,276.78,0,0,38.6,5.5,0.0,11,0.72,130.46,2341.12
2023-06-09,S001,P004,Toys,24,96,283.41,0,0,27.4,7.4,0.0,11,0.93,134.17,3581.76
2023-06-09,S001,P005,Electronics,22,81,392.22,0,0,31.6,0.0,0.0,6,0.81,159.15,5127.54
2023-06-09,S002,P001,Clothing,95,96,325.21,0,0,21.7,1.8,0.0,8,0.87,200.53,2368.92
2023-06-09,S002,P002,Food,20,113,157.23,0,0,14.4,0.0,0.0,5,0.87,125.62,632.2
2023-06-09,S002,P003,Home,21,142,228.83,0,0,16.6,5.5,0.0,8,0.92,175.01,1130.22
2023-06-09,S002,P004,Toys,95,97,364.96,0,0,10.7,4.4,0.0,12,0.77,261.77,1960.61
2023-06-09,S002,P005,Electronics,22,75,283.13,0,0,33.7,0.0,0.0,12,0.74,213.99,1521.08
2023-06-09,S003,P001,Clothing,17,107,62.95,0,0,26.3,0.0,0.0,13,0.87,32.3,521.05
2023-06-09,S003,P002,Food,23,72,447.23,0,0,23.5,3.7,0.0,10,0.92,356.68,2082.65
2023-06-09,S003,P003,Home,14,108,114.65,0,0,30.6,0.0,0.0,13,0.77,76.07,540.12
2023-06-09,S003,P004,Toys,17,89,385.51,0,0,16.2,2.6,0.0,9,0.8,211.07,2965.48
2023-06-09,S003,P005,Electronics,30,116,361.81,1,0,20.2,0.0,0.2,1,0.82,153.7,4072.44
2023-06-10,S001,P001,Clothing,18,82,152.66,0,0,3.4,0.0,0.0,1,0.93,104.43,868.14
2023-06-10,S001,P002,Food,23,118,203.89,0,0,8.4,3.4,0.0,10,0.88,158.61,1041.44
2023-06-10,S001,P003,Home,26,95,258.4,0,0,35.5,0.0,0.0,11,0.74,175.02,2167.88
2023-06-10,S001,P004,Toys,28,104,149.71,0,0,24.4,0.0,0.0,1,0.99,112.65,1037.68
2023-06-10,S001,P005,Electronics,27,65,418.2,0,0,19.1,0.5,0.0,11,0.72,287.24,3535.92
2023-06-10,S002,P001,Clothing,26,115,310.76,0,0,17.1,5.2,0.0,12,0.99,180.0,3399.76
2023-06-10,S002,P002,Food,22,107,212.57,0,0,26.7,,0.0,4,0.8,146.87,1445.4
2023-06-10,S002,P003,Home,27,117,100.84,0,0,13.0,3.6,0.0,3,0.91,47.53,1439.37
2023-06-10,S002,P004,Toys,21,120,237.36,1,0,12.2,0.0,0.27,7,0.87,166.77,136.56
2023-06-10,S002,P005,Electronics,18,107,310.85,0,0,30.7,4.7,0.0,3,0.95,240.0,1275.3
2023-06-10,S003,P001,Clothing,20,112,24.06,0,0,28.2,3.0,0.0,11,0.81,10.38,273.6
2023-06-10,S003,P002,Food,34,123,228.6,1,0,25.5,,0.18,8,,100.63,2951.95
2023-06-10,S003,P003,Home,24,86,487.68,0,0,27.6,0.0,0.0,3,0.76,218.57,6458.64
2023-06-10,S003,P004,Toys,17,122,293.21,0,0,32.9,0.0,0.0,12,0.85,179.87,1926.78
2023-06-10,S003,P005,Electronics,19,90,171.15,0,0,24.9,2.5,0.0,5,0.86,95.41,1439.06
2023-06-11,S001,P001,Clothing,38,137,107.62,0,0,31.6,0.0,0.0,2,0.8,60.71,1782.58
2023-06-11,S001,P002,Food,19,96,122.0,0,1,30.2,0.0,0.0,12,0.88,79.32,810.92
2023-06-11,S001,P003,Home,22,117,240.34,0,0,33.7,8.1,0.0,11,0.9,127.35,2485.78
2023-06-11,S001,P004,Toys,19,91,253.48,0,0,18.5,0.0,0.0,12,0.76,101.61,2885.53
2023-06-11,S001,P005,Electronics,20,112,476.74,0,0,29.1,0.0,0.0,1,0.96,268.85,4157.8
2023-06-11,S002,P001,Clothing,25,59,132.46,0,0,24.3,4.2,0.0,9,0.96,69.6,1571.5
2023-06-11,S002,P002,Food,23,80,34.26,0,1,26.3,4.6,0.0,12,0.92,19.17,347.07
2023-06-11,S002,P003,Home,31,86,136.77,0,0,18.6,4.8,0.0,13,0.97,61.5,2333.37
2023-06-11,S002,P004,Toys,17,109,490.12,0,0,13.4,7.1,0.0,8,0.79,383.18,1817.98
2023-06-11,S002,P005,Electronics,20,118,390.22,0,0,19.4,2.8,0.0,4,0.82,257.94,2645.6
2023-06-11,S003,P001,Clothing,17,96,215.16,0,1,9.1,4.0,0.0,12,0.75,131.44,1423.24
2023-06-11,S003,P002,Food,18,68,81.37,0,0,,10.6,0.0,13,0.71,47.91,602.28
2023-06-11,S003,P003,Home,15,79,422.91,0,0,16.6,1.5,0.0,13,0.86,213.97,3134.1
2023-06-11,S003,P004,Toys,90,107,399.9,0,0,26.1,0.0,0.0,8,0.76,268.14,2371.68
2023-06-11,S003,P005,Electronics,55,86,182.62,0,0,-0.5,1.5,0.0,4,,82.24,1104.18
2023-06-12,S001,P001,Clothing,18,90,156.99,0,0,18.2,0.0,0.0,6,0.78,66.32,1632.06
2023-06-12,S001,P002,Food,15,89,190.33,0,0,23.1,0.0,0.0,3,0.75,123.75,998.7
2023-06-12,S001,P003,Home,18,114,374.58,0,0,4.6,6.9,0.0,7,0.76,238.82,2443.68
2023-06-12,S001,P004,Toys,21,116,11.85,0,0,10.1,8.8,0.0,4,0.85,9.39,51.66
2023-06-12,S001,P005,Electronics,22,71,220.31,0,0,12.2,6.2,0.0,3,0.72,89.14,2885.74
2023-06-12,S002,P001,Clothing,16,89,277.31,0,0,27.2,8.6,0.0,11,0.76,120.62,2507.04
2023-06-12,S002,P002,Food,18,106,27.88,0,0,23.8,0.0,0.0,5,0.77,20.71,129.06
2023-06-12,S002,P003,Home,18,101,258.86,0,0,17.5,0.8,0.0,5,0.8,170.71,1586.7
2023-06-12,S002,P004,Toys,15,92,275.62,0,0,21.6,4.2,0.0,4,0.82,138.67,2054.25
2023-06-12,S002,P005,Electronics,23,92,150.23,0,0,36.0,7.0,0.0,2,1.0,102.5,1097.79
2023-06-12,S003,P001,Clothing,12,111,140.2,0,0,25.5,0.0,0.0,5,0.89,103.35,442.2
2023-06-12,S003,P002,Food,31,119,294.22,1,0,27.2,0.0,0.21,12,0.81,228.75,114.2
2023-06-12,S003,P003,Home,20,143,91.67,0,0,29.6,3.2,0.0,9,0.91,67.54,482.6
2023-06-12,S003,P004,Toys,13,88,273.72,0,0,34.7,7.0,0.0,9,0.72,211.63,807.17
2023-06-12,S003,P005,Electronics,18,99,382.03,0,0,6.8,1.4,0.0,9,0.79,277.18,1887.3
2023-06-13,S001,P001,Clothing,19,117,281.12,0,0,20.3,0.0,0.0,11,0.7,176.78,1982.46
2023-06-13,S001,P002,Food,26,74,173.46,0,0,40.1,12.9,0.0,8,0.91,115.14,1516.32
2023-06-13,S001,P003,Home,24,106,393.36,1,0,17.0,13.7,0.18,7,0.81,183.83,3329.4
2023-06-13,S001,P004,Toys,29,99,225.68,0,0,25.5,0.9,0.0,12,0.89,128.43,2820.25
2023-06-13,S001,P005,Electronics,27,115,403.68,1,0,17.3,0.0,0.25,10,,207.12,2582.28
2023-06-13,S002,P001,Clothing,20,121,264.07,0,0,14.7,5.5,0.0,3,0.85,182.06,1640.2
2023-06-13,S002,P002,Food,16,116,411.13,0,0,6.5,0.0,0.0,13,0.72,302.35,1740.48
2023-06-13,S002,P003,Home,23,79,39.41,0,0,31.6,0.8,0.0,8,0.73,28.13,259.44
2023-06-13,S002,P004,Toys,19,81,247.4,0,0,13.9,9.1,0.0,1,0.74,183.1,1221.7
2023-06-13,S002,P005,Electronics,26,101,66.1,0,0,23.6,11.3,0.0,13,0.79,27.05,1015.3
2023-06-13,S003,P001,Clothing,16,113,427.6,0,0,19.7,4.2,0.0,11,0.96,273.12,2471.68
2023-06-13,S003,P001,Clothing,16,113,427.6,0,0,19.7,4.2,0.0,11,0.96,273.12,2471.68
2023-06-13,S003,P002,Food,20,114,29.26,0,0,14.4,9.6,0.0,3,0.8,19.3,199.2
2023-06-13,S003,P003,Home,21,87,212.35,0,0,31.6,0.0,0.0,7,0.77,160.99,1078.56
2023-06-13,S003,P004,Toys,13,117,303.05,0,0,25.4,5.2,0.0,10,0.98,136.38,2166.71
2023-06-13,S003,P005,Electronics,29,45,260.52,0,0,13.0,7.3,0.0,5,0.8,117.65,4143.23
2023-06-14,S001,P001,Clothing,21,124,188.84,0,0,14.0,8.3,0.0,4,0.95,149.5,826.14
2023-06-14,S001,P002,Food,17,108,495.96,0,0,35.8,0.0,0.0,3,0.72,267.55,3882.97
2023-06-14,S001,P003,Home,20,128,429.8,0,0,33.0,5.7,0.0,12,0.92,319.8,2200.0
2023-06-14,S001,P004,Toys,28,94,167.01,0,0,29.3,3.7,0.0,4,0.87,93.36,2062.2
2023-06-14,S001,P005,Electronics,21,90,198.02,0,0,32.0,5.3,0.0,4,0.92,112.56,1794.66
2023-06-14,S002,P001,Clothing,24,105,169.33,0,0,12.2,,0.0,13,0.83,71.55,2346.72
2023-06-14,S002,P002,Food,22,117,32.93,0,0,13.4,8.9,0.0,6,0.98,19.8,288.86
2023-06-14,S002,P003,Home,21,104,290.5,0,0,25.5,5.4,0.0,6,0.95,127.67,3419.43
2023-06-14,S002,P004,Toys,14,139,141.27,0,0,21.0,8.1,0.0,6,,75.91,915.04
2023-06-14,S002,P005,Electronics,14,121,408.0,0,0,35.1,7.6,0.0,1,0.78,214.18,2713.48
2023-06-14,S003,P001,Clothing,22,98,295.51,0,0,8.0,11.4,0.0,11,0.85,217.75,1710.72
2023-06-14,S003,P002,Food,26,97,333.58,0,0,32.5,2.7,0.0,12,0.76,266.56,1742.52
2023-06-14,S003,P003,Home,80,116,96.86,0,0,16.6,2.2,0.0,2,0.86,52.78,705.28
2023-06-14,S003,P004,Toys,13,127,497.27,0,0,10.9,7.7,0.0,11,0.9,267.0,2993.51
2023-06-14,S003,P005,Electronics,17,65,278.75,0,0,14.0,1.6,0.0,12,0.98,201.13,1319.54
2023-06-15,S001,P001,Clothing,19,82,298.7,0,0,11.9,0.0,0.0,6,0.87,212.05,1646.35
2023-06-15,S001,P002,Food,24,111,479.14,0,0,27.4,0.0,0.0,4,0.99,274.37,4914.48
2023-06-15,S001,P003,Home,14,101,172.09,0,0,12.1,3.9,0.0,2,0.71,121.21,712.32
2023-06-15,S001,P004,Toys,21,98,418.87,0,0,25.0,0.0,0.0,6,0.97,230.78,3949.89
2023-06-15,S001,P005,Electronics,17,100,114.98,0,0,21.6,0.5,0.0,11,0.98,76.72,650.42
2023-06-15,S002,P001,Clothing,20,116,440.78,0,1,,1.0,0.0,1,0.9,305.15,2712.6
2023-06-15,S002,P002,Food,27,104,147.17,0,1,25.4,0.0,0.0,1,,73.12,1999.35
2023-06-15,S002,P003,Home,31,95,217.68,1,0,14.3,0.0,0.29,6,0.72,145.06,294.28
2023-06-15,S002,P004,Toys,17,91,53.23,0,0,11.0,0.6,0.0,2,0.97,26.89,447.78
2023-06-15,S002,P005,Electronics,19,97,209.84,0,0,17.6,1.8,0.0,9,0.78,121.37,1680.93
2023-06-15,S003,P001,Clothing,24,141,61.14,0,0,21.0,6.3,0.0,4,0.96,41.71,466.32
2023-06-15,S003,P002,Food,26,124,205.4,0,0,7.6,2.0,0.0,1,0.93,161.27,1147.38
2023-06-15,S003,P003,Home,24,119,129.05,0,0,2.7,11.2,0.0,3,0.73,66.12,1510.32
2023-06-15,S003,P004,Toys,26,39,305.14,0,0,38.1,0.0,0.0,1,,133.12,4472.52
2023-06-15,S003,P005,Electronics,15,109,144.97,0,0,12.3,3.5,0.0,6,0.93,88.58,845.85
2023-06-16,S001,P001,Clothing,21,113,93.38,0,1,14.3,12.3,0.0,6,0.87,44.11,1034.67
2023-06-16,S001,P002,Food,11,114,425.18,0,0,31.2,,0.0,11,0.78,310.65,1259.83
2023-06-16,S001,P003,Home,20,74,101.69,0,0,10.7,4.9,0.0,5,0.79,59.54,843.0
2023-06-16,S001,P004,Toys,18,113,427.21,0,0,30.6,0.0,0.0,9,0.95,188.2,4302.18
2023-06-16,S001,P005,Electronics,18,122,343.41,0,0,24.8,7.4,0.0,5,0.93,254.58,1598.94
2023-06-16,S002,P001,Clothing,22,87,87.55,0,0,24.0,0.0,0.0,6,0.9,39.34,1060.62
2023-06-16,S002,P002,Food,34,88,94.31,1,0,26.1,8.9,0.07,6,0.73,58.31,999.54
2023-06-16,S002,P003,Home,24,85,334.07,0,0,5.3,11.1,0.0,1,,172.55,3876.48
2023-06-16,S002,P004,Toys,15,106,144.97,0,0,16.1,6.3,0.0,1,0.72,92.95,780.3
2023-06-16,S002,P005,Electronics,21,87,260.96,0,0,28.0,4.4,0.0,8,0.89,138.57,2570.19
2023-06-16,S003,P001,Clothing,22,112,258.33,0,0,20.9,0.3,0.0,4,0.74,151.02,2360.82
2023-06-16,S003,P002,Food,25,80,144.8,0,0,14.1,0.2,0.0,10,0.72,94.6,1255.0
2023-06-16,S003,P003,Home,21,101,158.94,0,0,19.4,12.9,0.0,5,0.71,105.06,1131.48
2023-06-16,S003,P004,Toys,20,115,437.41,0,0,24.8,0.0,0.0,3,0.88,290.05,2947.2
2023-06-16,S003,P005,Electronics,19,120,327.68,0,0,6.1,0.0,0.0,13,0.92,232.29,1812.41
2023-06-17,S001,P001,Clothing,16,89,46.64,0,0,23.8,6.6,0.0,5,0.98,34.71,190.88
2023-06-17,S001,P002,Food,19,95,406.64,0,1,21.1,1.0,0.0,5,0.83,307.3,1887.46
2023-06-17,S001,P003,Home,28,86,362.43,1,0,6.9,0.1,0.18,2,0.8,188.52,3042.83
2023-06-17,S001,P004,Toys,34,86,34.54,0,0,26.6,,0.0,6,0.83,24.18,352.24
2023-06-17,S001,P005,Electronics,23,110,233.57,0,0,14.2,,0.0,4,0.8,108.1,2885.81
2023-06-17,S002,P001,Clothing,12,111,114.09,0,0,6.4,10.3,0.0,6,0.93,73.86,482.76
2023-06-17,S002,P002,Food,25,73,182.83,0,0,33.4,13.2,0.0,8,0.97,130.52,1307.75
2023-06-17,S002,P003,Home,27,120,221.26,0,0,21.1,0.5,0.0,2,0.82,168.53,1423.71
2023-06-17,S002,P004,Toys,45,83,289.06,1,1,25.0,0.0,0.08,11,0.8,175.65,4062.83
2023-06-17,S002,P005,Electronics,17,79,20.7,0,0,19.8,0.0,0.0,12,0.99,12.81,134.13
2023-06-17,S003,P001,Clothing,24,90,179.58,0,0,51.6,0.0,0.0,9,0.77,134.19,1089.36
2023-06-17,S003,P002,Food,27,95,40.7,0,0,21.9,1.4,0.0,10,0.79,22.57,489.51
2023-06-17,S003,P003,Home,19,72,124.49,0,0,19.0,0.0,0.0,4,0.77,66.92,1093.83
2023-06-17,S003,P004,Toys,27,108,171.59,0,1,11.2,4.3,0.0,1,0.81,117.07,1472.04
2023-06-17,S003,P005,Electronics,27,104,205.2,0,0,14.4,1.8,0.0,1,0.78,95.8,2953.8
2023-06-18,S001,P001,Clothing,22,98,426.34,0,0,21.7,0.0,0.0,3,0.89,172.42,5586.24
2023-06-18,S001,P002,Food,24,98,27.51,0,0,,5.9,0.0,1,0.93,16.8,257.04
2023-06-18,S001,P003,Home,26,84,238.5,0,0,37.9,0.0,0.0,10,0.81,182.79,1448.46
2023-06-18,S001,P004,Toys,24,113,265.84,0,0,31.0,7.8,0.0,10,0.82,162.69,2475.6
2023-06-18,S001,P005,Electronics,14,115,62.23,0,0,16.1,0.0,0.0,4,0.86,45.34,236.46
2023-06-18,S002,P001,Clothing,19,124,374.91,0,0,27.4,3.1,0.0,2,0.74,231.65,2721.94
2023-06-18,S002,P002,Food,17,114,68.46,0,0,6.4,0.0,0.0,5,0.91,31.9,621.52
2023-06-18,S002,P003,Home,30,104,313.53,0,0,,5.3,0.0,2,0.71,229.65,2516.4
2023-06-18,S002,P004,Toys,19,111,190.97,0,0,34.0,0.5,0.0,1,0.91,93.87,1844.9
2023-06-18,S002,P005,Electronics,27,104,410.05,0,0,20.9,2.5,0.0,3,0.72,295.13,3102.84
2023-06-18,S003,P001,Clothing,39,116,62.79,1,0,17.7,3.6,0.28,12,0.85,44.83,14.77
2023-06-18,S003,P002,Food,26,126,464.54,0,0,5.5,0.0,0.0,2,0.87,200.43,6866.86
2023-06-18,S003,P003,Home,19,114,87.15,0,0,34.1,2.7,0.0,2,0.77,37.11,950.76
2023-06-18,S003,P004,Toys,15,76,59.05,0,0,29.7,0.0,0.0,10,0.92,32.7,395.25
2023-06-18,S003,P005,Electronics,120,130,15.61,0,0,11.2,13.9,0.0,8,0.74,7.93,184.32
2023-06-19,S001,P001,Clothing,23,123,89.67,0,0,17.2,0.0,0.0,8,0.95,62.97,614.1
2023-06-19,S001,P002,Food,16,97,461.17,0,0,6.5,0.0,0.0,1,0.86,328.49,2122.88
2023-06-19,S001,P003,Home,21,93,180.03,0,0,17.2,11.2,0.0,2,0.71,111.11,1447.32
2023-06-19,S001,P004,Toys,10,158,255.2,0,0,19.6,6.4,0.0,6,0.89,193.18,620.2
2023-06-19,S001,P005,Electronics,18,89,113.99,0,0,10.7,6.9,0.0,5,0.8,88.06,466.74
2023-06-19,S002,P001,Clothing,23,89,149.77,0,0,-4.2,0.0,0.0,1,0.83,117.62,739.45
2023-06-19,S002,P002,Food,31,64,215.35,0,0,19.6,0.0,0.0,6,0.92,95.07,3728.68
2023-06-19,S002,P003,Home,27,88,84.28,0,0,19.2,6.4,0.0,4,0.82,52.95,845.91
2023-06-19,S002,P004,Toys,22,97,470.79,0,0,8.4,10.2,0.0,12,0.92,332.68,3038.42
2023-06-19,S002,P005,Electronics,15,96,438.66,0,0,31.3,1.9,0.0,4,0.97,181.12,3863.1
2023-06-19,S003,P001,Clothing,19,119,397.33,0,0,30.5,4.4,0.0,8,0.93,217.2,3422.47
2023-06-19,S003,P002,Food,24,106,257.6,0,0,24.8,2.1,0.0,9,0.86,150.23,2576.88
2023-06-19,S003,P003,Home,22,89,260.89,0,0,21.7,11.0,0.0,8,0.87,167.38,2057.22
2023-06-19,S003,P004,Toys,33,92,450.32,1,0,,10.0,0.12,6,0.72,338.8,1896.89
2023-06-19,S003,P005,Electronics,18,73,202.72,0,0,5.3,4.1,0.0,9,0.91,88.73,2051.82
2023-06-20,S001,P001,Clothing,27,89,70.73,0,0,25.0,6.6,0.0,3,0.97,55.12,421.47
2023-06-20,S001,P002,Food,24,96,341.52,0,0,12.8,4.0,0.0,5,0.83,182.07,3826.8
2023-06-20,S001,P003,Home,15,82,163.71,0,0,9.2,0.0,0.0,10,0.76,129.27,516.6
2023-06-20,S001,P004,Toys,15,112,42.47,0,0,29.3,0.0,0.0,13,0.93,27.93,218.1
2023-06-20,S001,P005,Electronics,21,147,245.95,0,0,13.7,5.0,0.0,4,0.83,183.01,1321.74
2023-06-20,S002,P001,Clothing,20,105,389.29,0,0,27.9,0.0,0.0,8,0.81,283.49,2116.0
2023-06-20,S002,P002,Food,24,76,460.13,0,0,24.0,0.0,0.0,13,0.73,349.38,2658.0
2023-06-20,S002,P003,Home,20,100,29.29,0,0,30.2,6.4,0.0,2,0.76,15.79,270.0
2023-06-20,S002,P004,Toys,23,118,346.79,0,0,27.5,4.2,0.0,7,0.99,152.23,4474.88
2023-06-20,S002,P005,Electronics,15,121,12.11,0,0,25.3,0.0,0.0,3,0.77,8.81,49.5
2023-06-20,S003,P001,Clothing,20,110,94.19,0,0,24.4,0.0,0.0,11,0.72,74.66,390.6
2023-06-20,S003,P002,Food,18,98,394.81,0,0,23.1,0.0,0.0,11,0.89,308.06,1561.5
2023-06-20,S003,P003,Home,23,85,15.92,0,0,24.9,0.0,0.0,10,0.76,10.9,115.46
2023-06-20,S003,P004,Toys,18,113,334.17,0,0,13.3,2.1,0.0,4,0.91,199.5,2424.06
2023-06-20,S003,P005,Electronics,23,137,136.21,0,0,9.4,0.6,0.0,11,0.82,80.94,1271.21
2023-06-21,S001,P001,Clothing,24,50,248.65,1,0,33.2,12.1,0.24,13,0.78,99.47,2148.1
2023-06-21,S001,P002,Food,21,84,182.22,0,0,17.4,2.5,0.0,10,0.78,98.74,1753.08
2023-06-21,S001,P003,Home,21,99,259.22,0,0,30.7,4.7,0.0,11,0.76,129.81,2717.61
2023-06-21,S001,P004,Toys,20,86,37.81,0,0,14.5,7.6,0.0,10,0.95,26.31,230.0
2023-06-21,S001,P005,Electronics,23,112,200.52,0,0,36.0,0.0,0.0,13,1.0,127.07,1689.35
2023-06-21,S002,P001,Clothing,20,111,279.62,0,0,16.5,0.0,0.0,5,0.91,181.15,1969.4
2023-06-21,S002,P002,Food,23,101,267.9,0,0,12.4,2.0,0.0,9,0.84,189.67,1799.29
2023-06-21,S002,P003,Home,25,120,484.89,0,0,,0.0,0.0,10,1.0,200.22,7116.75
2023-06-21,S002,P004,Toys,25,103,198.76,0,0,25.1,1.9,0.0,6,0.76,98.8,2499.0
2023-06-21,S002,P005,Electronics,11,88,328.19,0,0,30.4,7.7,0.0,2,0.74,219.68,1193.61
2023-06-21,S003,P001,Clothing,23,82,105.62,0,0,26.7,4.3,0.0,12,0.97,75.01,704.03
2023-06-21,S003,P002,Food,20,62,379.01,0,0,21.5,0.5,0.0,13,0.99,207.02,3439.8
2023-06-21,S003,P003,Home,20,128,406.98,0,0,13.7,0.5,0.0,6,0.72,306.29,2013.8
2023-06-21,S003,P004,Toys,24,67,423.03,0,1,6.5,0.0,0.0,8,0.71,277.59,3490.56
2023-06-21,S003,P005,Electronics,21,85,326.15,0,0,9.9,2.7,0.0,13,,209.52,2449.23
2023-06-22,S001,P001,Clothing,22,101,363.68,0,0,1.8,6.1,0.0,12,0.83,161.9,4439.16
2023-06-22,S001,P002,Food,22,120,219.55,0,0,16.9,9.2,0.0,3,0.81,135.83,1841.84
2023-06-22,S001,P003,Home,12,96,134.5,0,0,17.4,0.0,0.0,11,0.76,95.27,470.76
2023-06-22,S001,P004,Toys,22,112,308.93,0,0,3.3,0.0,0.0,13,0.88,213.13,2107.6
2023-06-22,S001,P005,Electronics,23,102,193.77,0,0,6.5,3.0,0.0,10,0.87,108.6,1958.91
2023-06-22,S002,P001,Clothing,14,115,493.86,0,0,28.1,8.7,0.0,11,0.89,271.32,3115.56
2023-06-22,S002,P002,Food,12,97,41.39,0,0,34.3,0.0,0.0,12,0.79,30.44,131.4
2023-06-22,S002,P003,Home,22,92,423.22,0,0,34.1,3.6,0.0,7,0.92,228.54,4282.96
2023-06-22,S002,P004,Toys,30,123,49.13,0,0,2.2,2.4,0.0,2,0.71,34.71,432.6
2023-06-22,S002,P005,Electronics,19,114,152.94,0,0,35.9,7.1,0.0,1,0.78,116.81,686.47
2023-06-22,S003,P001,Clothing,15,104,157.86,0,0,23.5,3.7,0.0,7,0.84,112.04,687.3
2023-06-22,S003,P002,Food,28,141,143.17,1,1,22.4,7.2,0.05,10,0.73,84.38,1445.68
2023-06-22,S003,P003,Home,30,114,168.72,1,1,30.9,6.9,0.22,9,0.92,108.22,701.45
2023-06-22,S003,P004,Toys,25,128,108.62,0,1,36.1,0.0,0.0,2,0.77,69.3,983.0
2023-06-22,S003,P005,Electronics,20,68,191.84,0,0,30.9,6.4,0.0,6,,84.76,2141.6
2023-06-23,S001,P001,Clothing,20,93,475.59,0,0,33.6,0.0,0.0,11,0.9,299.52,3521.4
2023-06-23,S001,P002,Food,22,124,365.31,0,0,35.7,3.6,0.0,4,0.77,269.73,2102.76
2023-06-23,S001,P003,Home,23,113,345.38,0,0,12.9,1.4,0.0,13,0.98,157.74,4315.72
2023-06-23,S001,P004,Toys,18,109,179.48,0,0,22.3,0.0,0.0,2,0.98,75.01,1880.46
2023-06-23,S001,P005,Electronics,19,114,406.38,0,1,9.9,8.1,0.0,2,0.72,275.28,2490.9
2023-06-23,S002,P001,Clothing,20,92,77.03,0,0,26.1,2.3,0.0,7,0.79,51.33,514.0
2023-06-23,S002,P002,Food,22,78,219.43,0,0,17.5,4.1,0.0,4,0.8,118.16,2227.94
2023-06-23,S002,P003,Home,25,104,380.46,0,0,11.9,5.3,0.0,10,0.82,187.01,4836.25
2023-06-23,S002,P004,Toys,34,143,23.08,1,1,5.3,5.6,0.09,12,0.81,17.58,116.38
2023-06-23,S002,P005,Electronics,27,115,211.02,0,0,32.5,1.9,0.0,3,,111.22,2694.6
2023-06-23,S003,P001,Clothing,20,81,109.33,0,0,33.3,0.0,0.0,10,0.88,45.85,1269.6
2023-06-23,S003,P002,Food,17,116,67.1,0,0,24.0,0.0,0.0,12,0.89,46.79,345.27
2023-06-23,S003,P003,Home,15,110,463.83,0,0,19.4,7.1,0.0,9,0.91,222.41,3621.3
2023-06-23,S003,P004,Toys,27,120,350.16,0,0,11.5,5.8,0.0,10,,263.74,2333.34
2023-06-23,S003,P005,Electronics,17,121,83.03,0,0,12.7,4.3,0.0,12,0.72,45.76,633.59
2023-06-24,S001,P001,Clothing,31,94,258.41,0,1,29.1,4.7,0.0,6,0.79,194.81,1971.6
2023-06-24,S001,P002,Food,17,79,61.94,0,0,10.1,7.3,0.0,1,0.94,45.42,280.84
2023-06-24,S001,P003,Home,34,103,217.15,0,0,16.9,2.0,0.0,6,0.83,95.24,4144.94
2023-06-24,S001,P004,Toys,28,56,372.43,0,0,32.3,6.3,0.0,9,0.83,297.08,2109.8
2023-06-24,S001,P005,Electronics,33,87,410.83,1,0,30.6,2.4,0.22,6,0.78,172.37,4886.55
2023-06-24,S002,P001,Clothing,31,62,92.18,1,0,29.2,1.0,0.17,12,0.91,55.06,664.93
2023-06-24,S002,P002,Food,16,77,341.01,0,0,19.2,6.9,0.0,7,0.75,190.11,2414.4
2023-06-24,S002,P003,Home,41,118,272.17,1,0,9.6,2.3,0.11,12,0.83,186.55,2282.93
2023-06-24,S002,P004,Toys,25,93,43.62,0,0,10.4,0.0,0.0,7,0.83,32.75,271.75
2023-06-24,S002,P005,Electronics,15,131,482.23,0,0,15.2,5.2,0.0,4,0.81,313.62,2529.15
2023-06-24,S003,P001,Clothing,18,115,137.88,0,0,20.1,8.3,0.0,4,0.99,58.62,1426.68
2023-06-24,S003,P002,Food,28,69,187.39,0,0,,0.0,0.0,13,0.81,78.44,3050.6
2023-06-24,S003,P003,Home,13,129,427.27,0,0,10.6,0.0,0.0,4,0.92,269.31,2053.48
2023-06-24,S003,P004,Toys,16,114,74.36,0,0,30.1,0.0,0.0,2,0.86,49.18,402.88
2023-06-24,S003,P005,Electronics,19,98,304.92,0,0,20.9,9.6,0.0,8,0.96,186.4,2251.88
2023-06-25,S001,P001,Clothing,19,85,433.66,0,0,8.5,3.3,0.0,11,,204.47,4354.61
2023-06-25,S001,P002,Food,19,101,15.08,0,0,21.1,3.1,0.0,12,0.99,6.24,167.96
2023-06-25,S001,P003,Home,20,98,156.8,0,0,23.4,5.0,0.0,5,0.81,116.36,808.8
2023-06-25,S001,P004,Toys,18,100,283.07,0,0,1.1,2.9,0.0,5,0.93,218.27,1166.4
2023-06-25,S001,P005,Electronics,23,94,361.34,0,0,29.9,1.2,0.0,6,0.79,283.98,1779.28
2023-06-25,S002,P001,Clothing,19,70,387.8,0,0,7.3,0.0,0.0,9,0.88,291.22,1835.02
2023-06-25,S002,P002,Food,14,112,107.86,0,0,16.7,2.7,0.0,1,0.81,43.44,901.88
2023-06-25,S002,P003,Home,25,93,91.61,0,0,16.5,3.5,0.0,1,0.87,47.01,1115.0
2023-06-25,S002,P004,Toys,34,135,240.01,0,0,26.6,3.4,0.0,6,0.89,120.93,4048.72
2023-06-25,S002,P005,Electronics,20,108,229.67,0,0,11.9,0.3,0.0,13,0.77,93.44,2724.6
2023-06-25,S003,P001,Clothing,18,65,399.5,0,0,23.3,0.0,0.0,2,0.99,191.58,3742.56
2023-06-25,S003,P002,Food,17,108,79.09,0,0,14.3,8.4,0.0,1,0.77,53.15,440.98
2023-06-25,S003,P003,Home,24,129,434.61,0,0,16.1,0.0,0.0,5,0.75,228.85,4938.24
2023-06-25,S003,P004,Toys,19,85,53.4,0,0,-2.6,0.0,0.0,3,0.88,25.68,526.68
2023-06-25,S003,P005,Electronics,26,107,363.75,0,0,28.2,0.0,0.0,2,0.75,244.62,3097.38
2023-06-26,S001,P001,Clothing,13,76,493.06,0,0,24.9,1.3,0.0,9,0.84,232.06,3393.0
2023-06-26,S001,P002,Food,16,98,458.74,0,0,15.4,1.8,0.0,5,0.86,324.6,2146.24
2023-06-26,S001,P003,Home,20,65,408.73,0,0,11.9,1.3,0.0,9,0.92,241.72,3340.2
2023-06-26,S001,P004,Toys,90,113,85.57,0,1,20.8,6.2,0.0,10,0.82,55.12,548.1
2023-06-26,S001,P005,Electronics,11,115,278.19,0,0,9.7,5.9,0.0,13,0.92,193.48,931.81
2023-06-26,S001,P005,Electronics,11,115,278.19,0,0,9.7,5.9,0.0,13,0.92,193.48,931.81
2023-06-26,S002,P001,Clothing,26,98,270.94,0,0,32.1,0.0,0.0,4,0.82,140.28,3397.16
2023-06-26,S002,P002,Food,21,91,188.86,0,0,16.9,5.3,0.0,10,,115.28,1545.18
2023-06-26,S002,P003,Home,21,85,456.29,0,0,22.6,0.0,0.0,7,0.92,183.51,5728.38
2023-06-26,S002,P004,Toys,15,126,390.9,0,0,39.7,2.9,0.0,12,0.94,234.72,2342.7
2023-06-26,S002,P004,Toys,15,126,390.9,0,0,39.7,2.9,0.0,12,0.94,234.72,2342.7
2023-06-26,S002,P005,Electronics,27,79,246.21,0,0,32.8,10.2,0.0,9,0.96,185.28,1645.11
2023-06-26,S003,P001,Clothing,17,98,84.46,0,0,22.7,1.1,0.0,3,0.83,34.63,847.11
2023-06-26,S003,P002,Food,24,99,169.87,0,0,20.0,0.0,0.0,2,0.95,87.12,1986.0
2023-06-26,S003,P003,Home,20,89,165.4,0,0,23.2,0.0,0.0,9,0.78,66.45,1979.0
2023-06-26,S003,P004,Toys,26,89,119.91,0,1,21.8,0.0,0.0,9,0.95,48.25,1863.16
2023-06-26,S003,P005,Electronics,22,131,366.1,0,0,12.1,6.4,0.0,8,0.89,164.98,4424.64
2023-06-27,S001,P001,Clothing,19,148,306.95,0,0,9.0,0.0,0.0,1,0.82,148.64,3007.89
2023-06-27,S001,P002,Food,13,94,89.72,0,0,14.0,3.5,0.0,5,0.8,60.61,378.43
2023-06-27,S001,P003,Home,11,89,330.23,0,0,5.5,1.5,0.0,7,0.78,258.47,789.36
2023-06-27,S001,P004,Toys,14,88,64.91,0,0,36.3,13.3,0.0,6,0.78,40.7,338.94
2023-06-27,S001,P005,Electronics,15,76,43.03,0,0,29.8,0.0,0.0,8,0.84,28.41,219.3
2023-06-27,S002,P001,Clothing,20,121,431.08,0,0,10.3,4.1,0.0,1,0.83,189.93,4823.0
2023-06-27,S002,P002,Food,25,125,347.44,0,0,23.0,5.2,0.0,10,0.9,206.4,3526.0
2023-06-27,S002,P003,Home,24,123,299.21,0,0,32.0,3.0,0.0,3,0.72,195.01,2500.8
2023-06-27,S002,P004,Toys,18,111,353.68,0,1,-0.3,0.0,0.0,5,0.73,241.64,2016.72
2023-06-27,S002,P005,Electronics,33,87,157.88,1,0,24.2,1.6,0.24,12,0.9,64.76,1822.55
2023-06-27,S003,P001,Clothing,27,134,201.34,0,0,29.3,0.0,0.0,7,0.82,91.48,2966.22
2023-06-27,S003,P002,Food,25,130,366.92,0,0,22.7,0.1,0.0,12,0.76,258.65,2706.75
2023-06-27,S003,P003,Home,21,75,235.49,1,0,25.0,8.6,0.18,6,0.99,156.92,759.82
2023-06-27,S003,P004,Toys,23,64,150.8,0,0,21.2,0.0,0.0,9,0.95,89.73,1404.61
2023-06-27,S003,P005,Electronics,15,111,311.79,0,0,9.5,7.8,0.0,12,0.75,193.88,1768.65
2023-06-28,S001,P001,Clothing,8,95,70.58,0,0,,12.9,0.0,12,0.82,41.94,229.12
2023-06-28,S001,P002,Food,16,98,207.4,0,0,19.1,0.0,0.0,12,0.73,124.09,1332.96
2023-06-28,S001,P003,Home,22,97,213.5,0,0,17.3,1.1,0.0,6,0.97,121.95,2014.1
2023-06-28,S001,P004,Toys,14,132,451.15,0,0,12.4,6.6,0.0,2,0.78,199.91,3517.36
2023-06-28,S001,P005,Electronics,31,98,376.88,0,0,13.6,4.9,0.0,13,0.97,276.24,3119.84
2023-06-28,S002,P001,Clothing,24,98,250.38,0,0,24.0,1.7,0.0,9,0.8,145.53,2516.4
2023-06-28,S002,P002,Food,39,120,409.94,1,0,8.6,9.8,0.07,11,0.94,173.3,8109.82
2023-06-28,S002,P003,Home,18,98,325.36,0,0,10.3,6.1,0.0,5,0.83,151.88,3122.64
2023-06-28,S002,P004,Toys,27,105,433.3,1,0,13.9,0.0,0.23,3,,173.35,4327.86
2023-06-28,S002,P005,Electronics,20,84,118.5,0,0,12.9,6.3,0.0,13,0.82,87.51,619.8
2023-06-28,S003,P001,Clothing,24,58,353.97,0,0,20.8,2.4,0.0,11,0.8,153.97,4800.0
2023-06-28,S003,P002,Food,17,89,325.95,0,0,22.0,2.7,0.0,7,0.88,160.45,2813.5
2023-06-28,S003,P003,Home,40,86,368.76,1,0,24.9,0.0,0.29,3,0.95,244.9,676.78
2023-06-28,S003,P004,Toys,22,126,450.56,0,0,9.5,0.0,0.0,3,0.85,211.56,5258.0
2023-06-28,S003,P005,Electronics,21,153,66.4,0,0,23.8,0.1,0.0,1,0.89,28.88,787.92
2023-06-29,S001,P001,Clothing,16,95,176.35,0,0,12.0,0.0,0.0,2,0.72,122.24,865.76
2023-06-29,S001,P002,Food,23,85,276.54,0,0,31.0,0.0,0.0,7,0.77,116.61,3678.39
2023-06-29,S001,P003,Home,22,81,269.83,0,0,44.5,0.0,0.0,3,0.9,167.94,2241.58
2023-06-29,S001,P004,Toys,15,74,283.04,0,0,22.9,0.0,0.0,12,0.86,187.07,1439.55
2023-06-29,S001,P005,Electronics,16,101,181.17,0,0,14.6,1.7,0.0,1,0.71,126.81,869.76
2023-06-29,S002,P001,Clothing,18,90,154.49,0,0,14.5,3.6,0.0,2,0.84,117.71,662.04
2023-06-29,S002,P002,Food,24,100,49.93,0,0,15.6,9.9,0.0,4,0.98,22.8,651.12
2023-06-29,S002,P003,Home,22,94,335.24,0,0,31.6,0.0,0.0,6,0.82,180.92,3395.04
2023-06-29,S002,P004,Toys,20,97,441.87,0,0,30.1,0.5,0.0,11,0.77,291.78,3001.8
2023-06-29,S002,P005,Electronics,19,112,263.09,0,0,39.0,0.0,0.0,7,0.87,158.76,1982.27
2023-06-29,S003,P001,Clothing,25,121,412.05,0,0,,4.5,0.0,1,1.0,269.13,3573.0
2023-06-29,S003,P002,Food,19,127,304.43,0,0,20.4,4.1,0.0,6,0.76,205.92,1871.69
2023-06-29,S003,P003,Home,23,107,193.92,0,0,23.7,0.0,0.0,5,0.95,148.2,1051.56
2023-06-29,S003,P004,Toys,17,85,150.71,0,0,14.7,0.0,0.0,8,0.77,98.69,884.34
2023-06-29,S003,P005,Electronics,19,66,187.33,0,0,9.7,7.5,0.0,12,0.94,92.34,1804.81
2023-06-30,S001,P001,Clothing,18,78,295.69,1,0,24.4,4.9,0.25,11,0.76,148.76,1314.13
2023-06-30,S001,P002,Food,26,95,286.67,0,0,-6.6,0.0,0.0,3,0.82,118.39,4375.28
2023-06-30,S001,P003,Home,14,106,357.65,0,1,25.3,18.1,0.0,4,0.76,216.99,1969.24
2023-06-30,S001,P004,Toys,14,114,433.16,0,0,22.4,0.0,0.0,2,0.91,207.12,3164.56
2023-06-30,S001,P005,Electronics,28,76,41.2,1,0,0.7,3.2,0.24,3,0.7,30.75,15.74
2023-06-30,S002,P001,Clothing,16,84,99.81,0,0,34.3,10.8,0.0,4,0.84,48.66,818.4
2023-06-30,S002,P002,Food,42,97,18.57,1,0,37.0,14.0,0.16,11,0.94,10.27,223.81
2023-06-30,S002,P003,Home,19,104,453.57,0,0,18.6,5.8,0.0,2,0.78,274.24,3407.27
2023-06-30,S002,P004,Toys,16,108,494.26,0,0,16.9,0.0,0.0,7,0.85,385.63,1738.08
2023-06-30,S002,P005,Electronics,18,103,246.1,0,0,25.4,0.0,0.0,1,0.7,149.31,1742.22
2023-06-30,S003,P001,Clothing,21,81,244.93,0,0,19.8,4.7,0.0,6,0.87,110.65,2819.88
2023-06-30,S003,P002,Food,18,129,74.97,0,0,25.7,0.0,0.0,8,0.74,35.14,716.94
2023-06-30,S003,P003,Home,17,105,393.98,0,0,22.8,,0.0,12,0.8,290.62,1757.12
2023-06-30,S003,P004,Toys,11,123,436.56,0,0,18.7,9.3,0.0,9,0.71,338.21,1081.85
2023-06-30,S003,P005,Electronics,22,77,289.9,0,0,19.0,6.7,0.0,6,0.81,175.96,2506.68
2023-07-01,S001,P001,Clothing,19,86,456.05,0,0,31.9,0.0,0.0,12,0.72,267.38,3584.73
2023-07-01,S001,P002,Food,28,69,29.5,0,0,17.0,2.8,0.0,12,0.86,17.9,324.8
2023-07-01,S001,P003,Home,30,77,296.14,0,0,8.8,0.9,0.0,8,0.79,144.07,4562.1
2023-07-01,S001,P004,Toys,16,83,102.86,0,0,21.5,6.9,0.0,13,1.0,66.5,581.76
2023-07-01,S001,P005,Electronics,185,74,392.56,1,0,-1.5,0.0,0.19,5,0.73,261.66,2083.6
2023-07-01,S002,P001,Clothing,18,95,156.64,0,0,26.8,12.0,0.0,5,0.87,115.19,746.1
2023-07-01,S002,P002,Food,31,159,211.26,1,0,43.9,0.0,0.2,4,0.88,91.25,2410.5
2023-07-01,S002,P003,Home,19,89,17.37,0,0,,4.2,0.0,2,0.76,7.82,181.45
2023-07-01,S002,P004,Toys,18,108,258.21,0,0,26.4,2.0,0.0,9,0.97,120.2,2484.18
2023-07-01,S002,P005,Electronics,24,84,396.08,0,0,29.5,3.6,0.0,9,0.83,292.86,2477.28
2023-07-01,S003,P001,Clothing,20,88,453.57,0,0,22.1,0.8,0.0,6,0.97,318.54,2700.6
2023-07-01,S003,P002,Food,20,129,441.75,0,0,24.9,1.7,0.0,10,0.74,308.85,2658.0
2023-07-01,S003,P003,Home,26,83,199.57,0,0,6.5,0.0,0.0,9,0.9,150.32,1280.5
2023-07-01,S003,P004,Toys,20,86,476.38,0,0,16.2,0.0,0.0,3,0.87,301.61,3495.4
2023-07-01,S003,P005,Electronics,20,135,281.59,0,0,17.9,0.0,0.0,6,0.79,189.85,1834.8
2023-07-02,S001,P001,Clothing,26,84,77.11,0,0,5.4,1.6,0.0,12,0.98,35.66,1077.7
2023-07-02,S001,P002,Food,25,117,421.13,0,0,42.8,0.0,0.0,11,0.73,276.22,3622.75
2023-07-02,S001,P003,Home,25,85,41.74,0,0,47.2,10.9,0.0,6,0.94,28.79,323.75
2023-07-02,S001,P004,Toys,20,103,468.62,0,0,8.3,7.0,0.0,3,0.83,374.64,1879.6
2023-07-02,S001,P005,Electronics,24,92,199.63,1,0,38.2,4.2,0.29,4,0.95,107.94,811.14
2023-07-02,S002,P001,Clothing,28,102,178.42,0,0,12.7,0.0,0.0,10,0.8,133.39,1260.84
2023-07-02,S002,P002,Food,85,124,489.19,0,0,14.9,14.4,0.0,6,0.76,387.05,1736.38
2023-07-02,S002,P003,Home,23,119,47.49,0,0,6.9,6.2,0.0,10,0.91,33.1,330.97
2023-07-02,S002,P004,Toys,16,97,190.02,0,0,4.0,0.5,0.0,11,0.92,83.12,1710.4
2023-07-02,S002,P005,Electronics,20,103,170.79,0,0,,2.8,0.0,10,0.99,77.61,1863.6
2023-07-02,S003,P001,Clothing,25,98,255.61,0,0,28.6,5.5,0.0,2,0.9,164.1,2287.75
2023-07-02,S003,P002,Food,17,69,225.8,0,0,14.4,0.0,0.0,11,0.98,175.95,847.45
2023-07-02,S003,P003,Home,22,103,455.02,0,0,8.3,0.0,0.0,11,0.86,330.27,2744.5
2023-07-02,S003,P004,Toys,23,132,223.46,0,0,18.8,8.1,0.0,7,0.76,94.57,2964.47
2023-07-02,S003,P005,Electronics,22,73,23.33,0,0,24.4,3.5,0.0,2,0.85,18.39,108.68
2023-07-03,S001,P001,Clothing,22,104,160.03,0,0,13.1,1.6,0.0,2,,123.65,800.36
2023-07-03,S001,P002,Food,17,121,458.86,0,0,38.0,0.0,0.0,3,0.89,266.61,3268.25
2023-07-03,S001,P003,Home,27,90,114.57,0,0,18.3,0.0,0.0,1,0.85,57.4,1543.59
2023-07-03,S001,P004,Toys,16,97,481.93,0,0,9.5,2.9,0.0,9,0.92,289.99,3071.04
2023-07-03,S001,P005,Electronics,27,124,423.42,0,0,15.8,0.0,0.0,2,0.95,263.09,4328.91
2023-07-03,S002,P001,Clothing,14,116,295.93,0,0,40.8,1.7,0.0,9,0.98,124.05,2406.32
2023-07-03,S002,P002,Food,15,76,137.87,0,0,19.1,0.0,0.0,7,0.73,89.75,721.8
2023-07-03,S002,P003,Home,16,107,466.27,0,0,15.8,7.9,0.0,10,0.86,292.54,2779.68
2023-07-03,S002,P004,Toys,17,96,315.15,0,0,26.1,1.6,0.0,9,0.84,176.93,2349.74
2023-07-03,S002,P005,Electronics,20,97,385.41,0,0,23.0,5.4,0.0,12,0.86,166.38,4380.6
2023-07-03,S003,P001,Clothing,21,93,92.55,0,0,6.8,0.0,0.0,11,0.98,53.74,815.01
2023-07-03,S003,P002,Food,25,134,466.62,1,0,21.6,8.7,0.19,2,0.86,206.79,4279.31
2023-07-03,S003,P003,Home,12,91,109.44,0,0,9.4,7.2,0.0,13,0.77,69.66,477.36
2023-07-03,S003,P004,Toys,21,99,385.84,0,0,33.8,3.3,0.0,8,0.85,248.71,2879.73
2023-07-03,S003,P005,Electronics,20,124,271.36,0,0,13.6,3.7,0.0,8,0.76,193.43,1558.6
2023-07-04,S001,P001,Clothing,30,100,366.71,1,0,12.8,0.0,0.11,5,0.89,149.01,5320.86
2023-07-04,S001,P002,Food,22,119,469.17,0,0,20.5,9.4,0.0,4,0.7,360.68,2386.78
2023-07-04,S001,P003,Home,31,119,301.46,1,0,24.1,0.0,0.19,13,0.81,235.49,269.47
2023-07-04,S001,P004,Toys,23,112,31.05,0,0,26.6,0.0,0.0,3,0.92,16.92,324.99
2023-07-04,S001,P005,Electronics,20,108,338.83,0,0,1.4,0.0,0.0,12,0.87,243.86,1899.4
2023-07-04,S002,P001,Clothing,33,98,402.0,1,0,,4.5,0.12,11,0.77,193.15,5300.13
2023-07-04,S002,P002,Food,17,116,206.98,0,0,36.0,12.0,0.0,9,0.98,110.6,1638.46
2023-07-04,S002,P003,Home,15,88,379.9,0,0,18.4,3.7,0.0,13,,194.18,2785.8
2023-07-04,S002,P004,Toys,15,106,104.62,0,0,23.9,5.7,0.0,11,0.74,62.77,627.75
2023-07-04,S002,P005,Electronics,28,104,192.18,1,0,18.0,6.5,0.25,7,,131.12,364.42
2023-07-04,S003,P001,Clothing,36,117,271.66,0,0,15.2,6.6,0.0,5,0.71,177.39,3393.72
2023-07-04,S003,P002,Food,12,107,45.09,0,0,,,0.0,5,0.96,23.56,258.36
2023-07-04,S003,P003,Home,12,99,176.7,0,0,30.2,5.3,0.0,7,0.77,109.06,811.68
2023-07-04,S003,P004,Toys,21,133,293.55,0,0,28.4,0.0,0.0,5,0.8,127.74,3482.01
2023-07-04,S003,P005,Electronics,26,105,155.23,0,0,37.1,3.1,0.0,4,0.74,64.74,2352.74
2023-07-05,S001,P001,Clothing,25,114,310.89,0,0,29.6,,0.0,3,0.82,225.12,2144.25
2023-07-05,S001,P002,Food,19,87,338.15,0,0,4.2,0.0,0.0,8,0.95,151.59,3544.64
2023-07-05,S001,P003,Home,21,78,450.21,0,1,28.1,0.0,0.0,8,0.86,230.36,4616.85
2023-07-05,S001,P004,Toys,17,77,181.84,0,0,26.5,0.0,0.0,6,0.91,132.94,831.3
2023-07-05,S001,P005,Electronics,20,112,98.56,0,0,21.4,2.9,0.0,8,0.9,76.2,447.2
2023-07-05,S002,P001,Clothing,36,90,375.21,1,0,13.0,0.0,0.28,4,0.87,227.26,1544.08
2023-07-05,S002,P002,Food,25,111,399.96,0,0,22.3,0.0,0.0,3,0.89,184.77,5379.75
2023-07-05,S002,P002,Food,25,111,399.96,0,0,22.3,0.0,0.0,3,0.89,184.77,5379.75
2023-07-05,S002,P003,Home,31,84,88.4,1,0,38.6,0.3,0.21,2,0.71,66.94,89.78
2023-07-05,S002,P004,Toys,9,112,396.99,0,0,22.6,3.2,0.0,11,,189.07,1871.28
2023-07-05,S002,P005,Electronics,24,117,18.47,0,0,22.2,0.0,0.0,9,0.73,8.67,235.2
2023-07-05,S003,P001,Clothing,27,137,226.04,0,0,18.5,0.7,0.0,7,0.91,92.44,3607.2
2023-07-05,S003,P002,Food,27,106,265.07,1,0,10.8,3.3,0.16,4,0.92,126.1,2607.09
2023-07-05,S003,P003,Home,34,92,487.93,1,0,26.6,,0.18,3,0.94,302.03,3334.47
2023-07-05,S003,P004,Toys,33,96,130.59,1,0,-5.0,0.0,0.1,10,0.78,66.96,1668.84
2023-07-05,S003,P005,Electronics,15,100,355.63,0,0,13.7,0.0,0.0,4,0.85,161.68,2909.25
2023-07-06,S001,P001,Clothing,21,127,179.86,0,0,22.9,6.1,0.0,9,0.77,143.47,764.19
2023-07-06,S001,P002,Food,17,110,121.29,0,0,19.8,1.1,0.0,2,0.87,84.68,622.37
2023-07-06,S001,P003,Home,20,102,371.62,0,0,21.4,1.7,0.0,8,0.99,160.73,4217.8
2023-07-06,S001,P004,Toys,17,96,497.78,0,0,,0.3,0.0,12,0.75,228.86,4571.64
2023-07-06,S001,P005,Electronics,19,150,228.02,0,0,41.8,0.5,0.0,12,0.85,147.72,1525.7
2023-07-06,S002,P001,Clothing,24,72,115.78,1,0,0.9,0.0,0.24,12,0.78,73.74,342.07
2023-07-06,S002,P002,Food,14,104,154.68,0,0,26.9,7.4,0.0,6,0.9,85.07,974.54
2023-07-06,S002,P003,Home,15,69,278.47,0,0,16.0,0.0,0.0,9,0.89,189.15,1339.8
2023-07-06,S002,P004,Toys,25,86,382.28,1,0,20.1,17.7,0.18,4,0.83,174.67,3469.99
2023-07-06,S002,P005,Electronics,13,102,168.61,0,0,25.5,6.6,0.0,4,0.87,111.55,741.78
2023-07-06,S003,P001,Clothing,20,105,24.0,0,0,36.4,2.8,0.0,8,0.95,14.03,199.4
2023-07-06,S003,P002,Food,21,104,363.33,0,0,20.2,0.0,0.0,1,0.93,262.46,2118.27
2023-07-06,S003,P003,Home,15,133,305.1,0,0,22.4,1.4,0.0,7,0.92,160.35,2171.25
2023-07-06,S003,P004,Toys,14,114,100.6,0,0,43.7,0.0,0.0,10,0.91,52.41,674.66
2023-07-06,S003,P005,Electronics,12,118,292.06,0,0,17.2,2.5,0.0,4,0.76,203.4,1063.92
2023-07-07,S001,P001,Clothing,32,91,298.54,0,0,21.9,11.8,0.0,13,0.98,180.24,3785.6
2023-07-07,S001,P002,Food,16,103,187.52,0,0,,0.0,0.0,4,0.79,130.1,918.72
2023-07-07,S001,P003,Home,21,115,261.78,0,0,,1.1,0.0,9,0.77,113.92,3105.06
2023-07-07,S001,P004,Toys,15,130,330.6,0,0,12.9,0.0,0.0,4,1.0,170.59,2400.15
2023-07-07,S001,P005,Electronics,24,92,353.52,0,0,30.6,3.4,0.0,7,0.72,214.09,3346.32
2023-07-07,S002,P001,Clothing,18,83,265.83,0,0,6.1,1.1,0.0,13,0.79,108.39,2833.92
2023-07-07,S002,P002,Food,21,47,267.28,1,0,,3.9,0.25,11,0.72,178.89,452.97
2023-07-07,S002,P003,Home,110,109,287.34,0,0,33.7,,0.0,13,0.89,155.77,2894.54
2023-07-07,S002,P004,Toys,18,93,320.66,0,0,8.3,10.0,0.0,9,0.73,137.43,3298.14
2023-07-07,S002,P005,Electronics,19,99,292.63,1,0,9.1,0.2,0.23,6,,218.15,136.33
2023-07-07,S003,P001,Clothing,17,98,344.84,0,0,22.9,0.1,0.0,4,0.98,174.0,2904.28
2023-07-07,S003,P002,Food,18,104,367.3,0,0,17.2,9.8,0.0,4,0.71,201.16,2990.52
2023-07-07,S003,P003,Home,18,81,113.18,0,0,22.2,0.0,0.0,7,0.7,48.07,1171.98
2023-07-07,S003,P004,Toys,31,131,301.38,0,0,4.8,0.0,0.0,5,0.95,199.92,3145.26
2023-07-07,S003,P005,Electronics,18,102,277.04,0,0,8.0,3.9,0.0,13,0.71,144.57,2384.46
2023-07-08,S001,P001,Clothing,23,133,48.51,0,0,18.2,3.7,0.0,10,0.91,23.39,577.76
2023-07-08,S001,P002,Food,19,104,462.36,0,0,25.4,0.0,0.0,5,0.98,320.67,2692.11
2023-07-08,S001,P003,Home,20,82,190.34,0,0,0.5,3.1,0.0,12,0.91,145.95,887.8
2023-07-08,S001,P004,Toys,16,101,203.62,0,0,9.9,0.0,0.0,2,0.92,102.8,1613.12
2023-07-08,S001,P005,Electronics,29,97,116.53,0,0,24.5,2.6,0.0,4,,55.1,1781.47
2023-07-08,S002,P001,Clothing,14,113,396.37,0,0,15.0,2.6,0.0,3,0.99,183.69,2977.52
2023-07-08,S002,P002,Food,33,88,138.28,0,0,20.5,12.0,0.0,10,0.97,72.1,2183.94
2023-07-08,S002,P003,Home,16,92,242.4,0,0,30.8,0.6,0.0,13,0.95,110.78,2105.92
2023-07-08,S002,P004,Toys,14,100,175.23,0,0,11.4,5.0,0.0,6,0.75,126.28,685.3
2023-07-08,S002,P005,Electronics,30,83,430.94,0,0,33.1,0.0,0.0,6,0.7,222.51,6252.9
2023-07-08,S003,P001,Clothing,18,79,405.65,0,0,36.0,0.0,0.0,3,0.81,189.59,3889.08
2023-07-08,S003,P002,Food,29,99,32.77,0,0,25.5,4.5,0.0,3,0.78,22.34,302.47
2023-07-08,S003,P002,Food,29,99,32.77,0,0,25.5,4.5,0.0,3,0.78,22.34,302.47
2023-07-08,S003,P003,Home,26,107,19.27,0,0,13.7,4.3,0.0,5,0.94,12.88,166.14
2023-07-08,S003,P004,Toys,22,100,113.61,0,0,22.0,5.8,0.0,12,0.92,80.2,735.02
2023-07-08,S003,P005,Electronics,28,136,26.39,0,0,33.3,13.4,0.0,10,0.98,18.5,220.92
2023-07-09,S001,P001,Clothing,19,115,212.13,0,0,10.4,7.7,0.0,12,0.87,132.96,1504.23
2023-07-09,S001,P002,Food,17,116,104.33,0,0,19.8,0.0,0.0,11,0.72,71.28,561.85
2023-07-09,S001,P003,Home,14,126,452.99,0,0,20.4,3.0,0.0,10,0.74,351.07,1426.88
2023-07-09,S001,P004,Toys,17,62,343.15,0,0,14.2,4.3,0.0,9,0.97,169.27,2955.96
2023-07-09,S001,P005,Electronics,17,114,380.24,0,0,,0.0,0.0,6,0.89,220.65,2713.03
2023-07-09,S002,P001,Clothing,24,92,318.16,0,0,19.0,3.7,0.0,5,0.74,127.28,4581.12
2023-07-09,S002,P002,Food,31,87,102.32,0,1,23.7,2.6,0.0,10,0.79,74.39,865.83
2023-07-09,S002,P003,Home,13,84,352.81,0,0,42.1,0.0,0.0,3,0.72,177.09,2284.36
2023-07-09,S002,P004,Toys,30,58,286.02,0,0,30.9,1.3,0.0,5,0.98,120.61,4962.3
2023-07-09,S002,P005,Electronics,34,97,472.04,0,0,5.4,0.0,0.0,7,0.88,319.76,5177.52
2023-07-09,S003,P001,Clothing,18,117,424.16,0,0,29.8,7.4,0.0,5,0.77,235.05,3403.98
2023-07-09,S003,P002,Food,27,99,110.83,0,0,20.3,0.0,0.0,6,0.78,54.17,1529.82
2023-07-09,S003,P003,Home,44,103,407.82,1,0,8.5,3.1,0.28,8,0.85,322.2,-1257.06
2023-07-09,S003,P004,Toys,20,88,94.95,0,0,9.3,4.3,0.0,7,,52.93,840.4
2023-07-09,S003,P005,Electronics,18,75,431.94,0,0,,,0.0,11,0.72,322.19,1975.5
2023-07-10,S001,P001,Clothing,22,99,75.56,0,0,23.0,1.8,0.0,6,0.91,45.64,658.24
2023-07-10,S001,P002,Food,37,104,329.17,1,0,,6.3,0.14,1,0.79,188.72,3491.55
2023-07-10,S001,P003,Home,26,98,331.7,0,0,8.7,8.6,0.0,1,0.86,242.22,2326.48
2023-07-10,S001,P004,Toys,24,100,305.19,0,1,42.0,0.0,0.0,6,0.83,124.28,4341.84
2023-07-10,S001,P005,Electronics,18,92,52.07,0,1,18.5,12.3,0.0,1,0.76,33.28,338.22
2023-07-10,S002,P001,Clothing,21,70,144.87,0,0,0.7,5.0,0.0,2,0.72,98.66,970.41
2023-07-10,S002,P002,Food,17,143,317.79,0,0,,0.0,0.0,11,0.76,180.08,2341.07
2023-07-10,S002,P003,Home,21,91,354.47,0,0,-8.2,11.5,0.0,10,0.95,215.71,2913.96
2023-07-10,S002,P004,Toys,20,134,233.98,0,0,8.4,10.3,0.0,8,0.75,121.74,2244.8
2023-07-10,S002,P005,Electronics,18,127,121.25,0,0,4.3,7.0,0.0,13,0.91,68.26,953.82
2023-07-10,S003,P001,Clothing,18,147,338.46,0,0,34.8,0.8,0.0,2,0.82,139.53,3580.74
2023-07-10,S003,P002,Food,15,138,208.42,0,0,11.2,7.5,0.0,7,0.81,147.68,911.1
2023-07-10,S003,P003,Home,17,83,216.03,0,0,24.2,0.7,0.0,4,0.93,114.3,1729.41
2023-07-10,S003,P004,Toys,20,120,371.23,0,0,0.7,2.1,0.0,8,0.75,151.79,4388.8
2023-07-10,S003,P005,Electronics,18,63,432.7,0,0,9.0,3.8,0.0,4,0.74,188.09,4402.98
2023-07-11,S001,P001,Clothing,21,123,318.84,0,0,29.4,7.8,0.0,8,1.0,238.97,1677.27
2023-07-11,S001,P002,Food,17,115,95.21,0,0,48.6,0.3,0.0,7,0.88,48.03,802.06
2023-07-11,S001,P003,Home,17,102,124.74,0,0,33.0,0.3,0.0,2,0.77,76.05,827.73
2023-07-11,S001,P004,Toys,15,87,440.76,0,0,28.7,0.0,0.0,7,0.88,295.19,2183.55
2023-07-11,S001,P005,Electronics,21,77,40.28,0,0,-5.1,0.0,0.0,2,0.88,26.06,298.62
2023-07-11,S002,P001,Clothing,18,135,294.19,0,0,21.4,2.9,0.0,2,0.85,226.35,1221.12
2023-07-11,S002,P002,Food,15,128,94.68,0,0,26.7,1.0,0.0,5,0.97,63.65,465.45
2023-07-11,S002,P003,Home,15,82,182.21,0,0,24.5,0.8,0.0,4,0.85,119.08,946.95
2023-07-11,S002,P004,Toys,26,110,404.67,0,0,19.6,8.1,0.0,12,0.92,278.9,3270.02
2023-07-11,S002,P005,Electronics,21,111,25.72,0,1,12.4,0.0,0.0,1,0.76,10.51,319.41
2023-07-11,S003,P001,Clothing,17,78,146.03,0,0,23.9,0.0,0.0,7,0.97,79.21,1135.94
2023-07-11,S003,P002,Food,16,117,16.97,0,0,21.4,5.4,0.0,8,0.88,12.18,76.64
2023-07-11,S003,P003,Home,15,87,387.2,0,0,21.2,0.0,0.0,4,,172.75,3216.75
2023-07-11,S003,P004,Toys,23,104,54.93,0,0,15.2,5.0,0.0,6,0.9,28.58,606.05
2023-07-11,S003,P005,Electronics,22,114,76.86,0,0,27.8,2.8,0.0,11,0.83,39.78,815.76
2023-07-12,S001,P001,Clothing,21,95,179.17,0,0,32.7,0.0,0.0,13,0.83,101.7,1626.87
2023-07-12,S001,P002,Food,25,110,101.41,0,0,2.7,3.2,0.0,11,0.72,42.06,1483.75
2023-07-12,S001,P003,Home,17,83,356.52,0,0,26.5,0.0,0.0,1,0.79,280.92,1285.2
2023-07-12,S001,P004,Toys,25,88,139.23,0,0,25.5,0.0,0.0,12,0.78,108.84,759.75
2023-07-12,S001,P005,Electronics,14,100,83.5,0,0,27.9,2.9,0.0,4,0.92,46.41,519.26
2023-07-12,S002,P001,Clothing,18,114,340.01,0,0,34.9,6.1,0.0,1,0.97,183.24,2821.86
2023-07-12,S002,P002,Food,28,103,430.33,0,0,33.3,4.5,0.0,4,0.94,193.53,6630.4
2023-07-12,S002,P003,Home,12,119,482.22,0,0,26.3,0.0,0.0,5,0.82,194.2,3456.24
2023-07-12,S002,P004,Toys,21,106,300.65,1,0,-5.7,8.3,0.24,5,0.89,193.48,735.29
2023-07-12,S002,P005,Electronics,13,97,225.23,0,0,,11.5,0.0,7,0.87,162.88,810.55
2023-07-12,S003,P001,Clothing,31,107,127.51,1,0,,1.0,0.23,8,0.84,53.52,1384.54
2023-07-12,S003,P002,Food,24,103,175.16,0,0,13.3,0.0,0.0,12,0.93,133.74,994.08
2023-07-12,S003,P003,Home,17,70,438.31,0,0,12.7,3.5,0.0,4,0.93,244.09,3301.74
2023-07-12,S003,P004,Toys,17,69,142.75,0,0,,0.2,0.0,13,0.96,109.41,566.78
2023-07-12,S003,P005,Electronics,24,99,200.0,1,0,9.6,2.3,0.18,8,0.77,152.07,286.32
2023-07-13,S001,P001,Clothing,22,109,24.77,0,0,14.5,1.8,0.0,8,0.9,11.0,302.94
2023-07-13,S001,P002,Food,27,56,193.68,0,0,20.6,0.0,0.0,8,0.93,125.77,1833.57
2023-07-13,S001,P003,Home,22,112,251.2,0,0,11.6,15.5,0.0,10,0.86,162.07,1960.86
2023-07-13,S001,P004,Toys,29,120,152.74,0,0,28.2,3.4,0.0,12,0.97,70.08,2397.14
2023-07-13,S001,P005,Electronics,30,94,387.8,0,1,20.5,7.7,0.0,11,0.82,292.34,2863.8
2023-07-13,S002,P001,Clothing,21,78,404.99,0,0,12.3,5.2,0.0,11,0.92,261.13,3021.06
2023-07-13,S002,P002,Food,45,100,486.94,1,0,21.7,2.2,0.08,7,0.79,233.65,9645.07
2023-07-13,S002,P003,Home,13,108,123.13,0,0,14.1,1.3,0.0,5,0.99,60.25,817.44
2023-07-13,S002,P004,Toys,18,100,243.05,0,0,16.9,0.0,0.0,4,0.8,146.83,1731.96
2023-07-13,S002,P005,Electronics,33,110,456.02,1,0,37.3,0.0,0.17,4,0.96,293.98,2789.05
2023-07-13,S003,P001,Clothing,16,97,434.44,0,0,14.7,6.8,0.0,5,0.87,234.3,3202.24
2023-07-13,S003,P002,Food,18,99,250.03,0,0,,3.9,0.0,6,0.74,198.73,923.4
2023-07-13,S003,P003,Home,20,116,98.24,0,0,4.0,8.9,0.0,9,0.79,71.14,542.0
2023-07-13,S003,P004,Toys,16,132,340.78,0,0,30.7,,0.0,11,0.96,234.16,1705.92
2023-07-13,S003,P005,Electronics,22,73,205.31,0,0,15.4,0.0,0.0,13,0.93,83.16,2687.3
2023-07-14,S001,P001,Clothing,30,77,98.19,0,0,29.7,6.3,0.0,10,0.89,57.54,1219.5
2023-07-14,S001,P002,Food,21,124,145.47,0,0,-3.5,5.3,0.0,5,0.82,73.89,1503.18
2023-07-14,S001,P003,Home,24,75,153.27,0,0,6.1,1.1,0.0,11,0.85,71.65,1958.88
2023-07-14,S001,P004,Toys,30,112,334.32,1,0,12.2,,0.15,5,0.83,147.97,4086.06
2023-07-14,S001,P005,Electronics,24,103,235.67,0,0,7.8,0.8,0.0,11,0.87,149.9,2058.48
2023-07-14,S002,P001,Clothing,12,97,331.69,0,0,8.8,3.5,0.0,7,0.81,148.0,2204.28
2023-07-14,S002,P002,Food,95,106,442.83,0,0,36.5,8.2,0.0,3,0.85,207.11,4478.68
2023-07-14,S002,P003,Home,14,117,40.06,0,0,24.6,1.6,0.0,7,0.9,17.56,315.0
2023-07-14,S002,P004,Toys,20,117,96.23,0,1,24.8,3.6,0.0,8,0.82,67.69,570.8
2023-07-14,S002,P005,Electronics,11,103,321.32,0,0,6.8,0.0,0.0,3,0.74,189.43,1450.79
2023-07-14,S003,P001,Clothing,22,97,297.82,0,0,6.5,0.0,0.0,8,0.92,123.1,3843.84
2023-07-14,S003,P002,Food,15,91,244.35,0,0,33.6,,0.0,2,0.77,168.23,1141.8
2023-07-14,S003,P003,Home,22,113,235.09,0,0,18.0,0.0,0.0,11,0.74,146.03,1959.32
2023-07-14,S003,P004,Toys,25,111,311.16,1,0,29.4,12.5,0.22,8,0.92,153.13,2239.37
2023-07-14,S003,P005,Electronics,28,101,294.07,0,0,24.8,9.1,0.0,10,0.7,191.52,2871.4
2023-07-15,S001,P001,Clothing,29,89,370.09,1,0,20.3,0.0,0.21,7,0.97,149.07,4155.73
2023-07-15,S001,P002,Food,17,99,43.44,0,0,32.5,4.9,0.0,9,,33.11,175.61
2023-07-15,S001,P003,Home,14,59,445.61,0,0,12.5,0.9,0.0,11,0.81,200.61,3430.0
2023-07-15,S001,P004,Toys,26,83,397.08,0,0,13.8,6.9,0.0,7,0.84,276.2,3142.88
2023-07-15,S001,P005,Electronics,34,95,94.77,0,0,13.1,,0.0,3,0.88,68.45,894.88
2023-07-15,S002,P001,Clothing,13,101,48.38,0,0,15.6,9.6,0.0,7,0.75,21.68,347.1
2023-07-15,S002,P002,Food,24,127,464.7,0,0,-6.8,2.4,0.0,1,0.87,290.82,4173.12
2023-07-15,S002,P002,Food,24,127,464.7,0,0,-6.8,2.4,0.0,1,0.87,290.82,4173.12
2023-07-15,S002,P003,Home,36,111,87.99,1,0,13.5,4.5,0.16,13,0.78,46.43,989.34
2023-07-15,S002,P004,Toys,19,115,453.34,0,0,30.8,2.6,0.0,1,0.71,196.76,4875.02
2023-07-15,S002,P005,Electronics,18,112,332.5,0,0,27.5,10.5,0.0,3,0.86,217.31,2073.42
2023-07-15,S003,P001,Clothing,24,124,113.9,0,0,,0.7,0.0,12,0.7,66.85,1129.2
2023-07-15,S003,P002,Food,17,102,62.62,0,0,24.1,6.2,0.0,10,0.76,39.65,390.49
2023-07-15,S003,P003,Home,22,70,207.78,0,1,14.9,6.5,0.0,12,0.74,135.78,1584.0
2023-07-15,S003,P004,Toys,23,99,389.74,0,0,14.7,3.0,0.0,4,0.83,234.49,3570.75
2023-07-15,S003,P005,Electronics,120,114,476.27,0,0,18.7,3.5,0.0,1,0.93,232.67,5846.4
2023-07-16,S001,P001,Clothing,20,106,434.4,0,0,17.7,4.0,0.0,7,0.89,175.13,5185.4
2023-07-16,S001,P002,Food,17,89,262.92,0,0,,6.7,0.0,3,0.86,162.42,1708.5
2023-07-16,S001,P003,Home,16,118,325.87,0,0,17.0,0.0,0.0,9,0.85,226.32,1592.8
2023-07-16,S001,P004,Toys,25,115,461.97,0,0,18.5,3.5,0.0,3,,266.1,4896.75
2023-07-16,S001,P005,Electronics,16,92,272.34,0,0,33.7,5.3,0.0,5,0.85,160.08,1796.16
2023-07-16,S002,P001,Clothing,20,114,313.46,0,0,0.2,,0.0,9,0.84,222.69,1815.4
2023-07-16,S002,P002,Food,11,105,195.67,0,0,17.6,0.0,0.0,5,0.87,140.46,607.31
2023-07-16,S002,P003,Home,23,107,282.35,0,0,41.8,3.4,0.0,1,0.97,170.65,2569.1
2023-07-16,S002,P004,Toys,21,102,350.02,1,0,25.2,,0.09,9,0.8,193.47,2626.01
2023-07-16,S002,P005,Electronics,17,86,385.93,0,0,21.2,5.6,0.0,9,,175.85,3571.36
2023-07-16,S003,P001,Clothing,22,113,86.08,0,0,10.2,,0.0,6,0.83,55.9,663.96
2023-07-16,S003,P002,Food,16,107,280.11,0,0,11.2,2.1,0.0,4,0.7,213.55,1064.96
2023-07-16,S003,P003,Home,27,99,334.33,0,0,39.4,5.0,0.0,6,0.86,153.96,4869.99
2023-07-16,S003,P004,Toys,18,111,466.75,0,0,27.5,0.0,0.0,11,0.95,265.32,3625.74
2023-07-16,S003,P005,Electronics,26,72,61.93,0,0,25.0,11.6,0.0,8,0.94,38.23,616.2
2023-07-17,S001,P001,Clothing,23,109,209.61,0,0,21.4,10.3,0.0,4,0.72,120.33,2053.44
2023-07-17,S001,P002,Food,19,109,67.86,0,0,21.2,13.7,0.0,3,0.82,29.66,725.8
2023-07-17,S001,P003,Home,19,67,208.54,0,0,33.7,0.0,0.0,8,0.99,164.05,845.31
2023-07-17,S001,P004,Toys,16,87,332.41,0,0,32.7,1.8,0.0,5,0.98,141.95,3047.36
2023-07-17,S001,P005,Electronics,25,101,327.93,1,0,18.7,0.0,0.07,6,0.89,247.95,1425.62
2023-07-17,S002,P001,Clothing,19,83,104.98,0,0,26.6,5.5,0.0,7,0.9,52.91,989.33
2023-07-17,S002,P002,Food,28,76,163.78,0,0,17.7,2.3,0.0,13,0.91,102.16,1725.36
2023-07-17,S002,P003,Home,20,84,339.47,0,0,14.6,0.0,0.0,3,0.73,264.87,1492.0
2023-07-17,S002,P004,Toys,17,98,148.3,0,0,15.1,0.0,0.0,6,,78.59,1185.07
2023-07-17,S002,P005,Electronics,30,69,11.45,1,0,25.2,4.2,0.15,8,0.92,5.58,124.57
2023-07-17,S003,P001,Clothing,15,117,194.48,0,0,26.4,0.0,0.0,11,0.98,149.48,675.0
2023-07-17,S003,P002,Food,22,83,147.93,1,0,15.2,0.0,0.18,4,0.86,61.74,1310.38
2023-07-17,S003,P003,Home,12,67,11.57,0,0,28.2,3.4,0.0,4,0.85,6.06,66.12
2023-07-17,S003,P004,Toys,17,102,239.9,0,0,31.9,0.7,0.0,10,0.94,182.4,977.5
2023-07-17,S003,P005,Electronics,11,57,277.5,0,0,17.1,0.0,0.0,6,0.88,148.92,1414.38
2023-07-18,S001,P001,Clothing,17,115,17.47,0,0,16.7,11.1,0.0,12,0.77,12.52,84.15
2023-07-18,S001,P002,Food,36,81,274.24,0,1,20.3,0.0,0.0,7,0.89,135.57,4992.12
2023-07-18,S001,P003,Home,15,115,44.81,0,0,,0.0,0.0,9,0.8,21.07,356.1
2023-07-18,S001,P004,Toys,31,84,386.42,1,0,21.0,0.0,0.26,1,0.76,181.34,3242.93
2023-07-18,S001,P005,Electronics,14,94,116.57,0,0,4.5,2.6,0.0,1,,72.72,613.9
2023-07-18,S002,P001,Clothing,23,107,220.49,0,0,,9.3,0.0,8,0.82,143.51,1770.54
2023-07-18,S002,P002,Food,32,117,222.24,0,0,30.1,6.5,0.0,12,0.93,119.91,3274.56
2023-07-18,S002,P003,Home,28,85,242.86,0,0,10.4,2.0,0.0,2,,127.35,3234.28
2023-07-18,S002,P004,Toys,28,86,183.15,1,0,22.6,0.0,0.25,6,0.77,87.45,1397.55
2023-07-18,S002,P005,Electronics,25,116,309.79,0,0,22.4,4.1,0.0,11,0.89,150.5,3982.25
2023-07-18,S003,P001,Clothing,22,145,195.52,0,0,18.7,3.9,0.0,13,0.88,95.31,2204.62
2023-07-18,S003,P002,Food,18,131,406.73,0,0,16.9,4.5,0.0,3,0.82,169.36,4272.66
2023-07-18,S003,P003,Home,27,83,27.04,1,0,10.5,0.0,0.12,7,,15.51,223.7
2023-07-18,S003,P004,Toys,24,125,474.68,1,0,32.3,5.0,0.1,2,0.97,334.37,2228.21
2023-07-18,S003,P005,Electronics,24,88,333.43,0,0,23.3,0.0,0.0,1,0.97,248.21,2045.28
2023-07-19,S001,P001,Clothing,11,80,431.27,0,0,37.9,0.0,0.0,3,0.71,182.43,2737.24
2023-07-19,S001,P002,Food,20,98,260.93,0,0,27.6,0.0,0.0,5,0.85,114.62,2926.2
2023-07-19,S001,P003,Home,21,105,481.94,0,0,20.0,7.3,0.0,4,0.81,355.45,2656.29
2023-07-19,S001,P004,Toys,16,99,221.85,0,0,19.0,1.3,0.0,7,0.96,98.99,1965.76
2023-07-19,S001,P005,Electronics,18,89,16.84,0,0,13.8,6.5,0.0,9,0.78,6.81,180.54
2023-07-19,S002,P001,Clothing,21,96,379.15,0,0,9.4,,0.0,10,0.85,188.82,3996.93
2023-07-19,S002,P002,Food,20,133,485.39,0,0,21.0,,0.0,3,0.99,225.36,5200.6
2023-07-19,S002,P003,Home,27,99,333.75,0,0,33.8,0.0,0.0,9,0.91,183.45,4058.1
2023-07-19,S002,P004,Toys,16,131,105.82,0,0,21.7,5.3,0.0,8,0.91,70.84,559.68
2023-07-19,S002,P005,Electronics,26,126,157.7,0,0,7.2,0.0,0.0,1,0.88,114.54,1122.16
2023-07-19,S003,P001,Clothing,22,124,459.13,0,1,22.6,2.7,0.0,8,0.77,358.16,2221.34
2023-07-19,S003,P002,Food,24,109,473.31,0,0,22.6,0.0,0.0,11,0.79,248.94,5384.88
2023-07-19,S003,P003,Home,21,104,94.21,0,0,,0.0,0.0,11,0.91,70.4,500.01
2023-07-19,S003,P004,Toys,25,87,260.11,0,0,27.7,9.8,0.0,6,0.71,121.2,3472.75
2023-07-19,S003,P005,Electronics,20,127,233.03,0,0,18.0,0.0,0.0,5,0.83,162.77,1405.2
2023-07-20,S001,P001,Clothing,18,72,276.4,0,0,,3.2,0.0,5,0.94,212.7,1146.6
2023-07-20,S001,P002,Food,17,141,135.41,0,0,24.9,0.0,0.0,10,0.93,54.39,1377.34
2023-07-20,S001,P003,Home,21,92,357.43,1,0,23.6,1.5,0.2,6,0.82,181.48,2193.74
2023-07-20,S001,P004,Toys,24,104,142.43,0,0,1.4,2.5,0.0,11,0.75,69.25,1756.32
2023-07-20,S001,P005,Electronics,23,73,379.51,0,0,12.6,2.6,0.0,8,0.93,214.9,3786.03
2023-07-20,S002,P001,Clothing,27,119,181.45,0,0,28.1,,0.0,4,0.96,83.23,2651.94
2023-07-20,S002,P002,Food,19,75,184.48,0,0,15.8,2.4,0.0,8,0.73,87.29,1846.61
2023-07-20,S002,P003,Home,15,94,495.54,0,0,17.9,3.3,0.0,13,1.0,353.69,2127.75
2023-07-20,S002,P004,Toys,19,102,434.13,0,0,32.7,3.3,0.0,1,0.72,327.78,2020.65
2023-07-20,S002,P005,Electronics,19,62,172.37,0,0,,0.0,0.0,6,0.9,113.29,1122.52
2023-07-20,S003,P001,Clothing,21,106,488.97,0,0,14.8,0.0,0.0,7,0.76,355.94,2793.63
2023-07-20,S003,P002,Food,17,87,202.54,0,0,17.5,7.7,0.0,13,0.85,105.51,1649.51
2023-07-20,S003,P003,Home,15,124,44.89,0,0,16.8,7.0,0.0,12,0.9,24.86,300.45
2023-07-20,S003,P004,Toys,17,89,24.97,0,0,23.9,1.5,0.0,7,,19.19,98.26
2023-07-20,S003,P005,Electronics,26,121,197.26,0,0,33.1,0.0,0.0,9,0.93,89.67,2797.34
2023-07-21,S001,P001,Clothing,21,117,136.25,0,0,32.8,0.0,0.0,9,0.78,62.69,1544.76
2023-07-21,S001,P002,Food,23,131,350.46,0,0,14.2,0.0,0.0,1,0.8,197.64,3514.86
2023-07-21,S001,P003,Home,16,77,408.72,0,0,23.6,3.6,0.0,5,0.72,291.72,1872.0
2023-07-21,S001,P004,Toys,14,113,337.66,0,0,31.0,0.0,0.0,4,,214.73,1721.02
2023-07-21,S001,P005,Electronics,18,105,315.8,0,0,19.7,0.7,0.0,4,0.82,191.72,2233.44
2023-07-21,S002,P001,Clothing,28,77,119.73,0,0,28.2,7.7,0.0,2,0.91,58.5,1714.44
2023-07-21,S002,P002,Food,18,113,262.41,0,1,7.0,3.9,0.0,7,0.99,183.53,1419.84
2023-07-21,S002,P003,Home,17,75,246.99,0,0,-3.5,3.2,0.0,3,0.88,137.84,1855.55
2023-07-21,S002,P004,Toys,16,76,69.81,0,0,,3.4,0.0,3,0.85,33.89,574.72
2023-07-21,S002,P005,Electronics,23,75,171.06,0,0,18.0,0.5,0.0,12,0.8,98.54,1667.96
2023-07-21,S003,P001,Clothing,26,99,449.37,0,0,11.6,3.0,0.0,2,0.88,255.54,5039.58
2023-07-21,S003,P002,Food,14,105,190.7,0,0,,0.5,0.0,13,0.8,89.52,1416.52
2023-07-21,S003,P003,Home,15,95,437.6,0,0,5.1,0.0,0.0,3,0.77,341.67,1438.95
2023-07-21,S003,P004,Toys,20,105,455.67,0,0,13.1,0.0,0.0,8,0.75,212.93,4854.8
2023-07-21,S003,P005,Electronics,18,90,142.74,0,0,32.3,1.7,0.0,10,0.76,81.02,1110.96
2023-07-22,S001,P001,Clothing,28,95,359.66,0,0,23.4,2.6,0.0,2,0.88,232.36,3564.4
2023-07-22,S001,P002,Food,25,94,28.76,0,0,27.0,1.8,0.0,10,0.97,13.96,370.0
2023-07-22,S001,P003,Home,23,61,306.23,0,0,27.9,0.5,0.0,6,0.84,203.34,2366.47
2023-07-22,S001,P004,Toys,26,83,235.71,1,0,21.4,0.0,0.11,11,,104.73,2731.35
2023-07-22,S001,P005,Electronics,18,129,159.51,0,0,10.6,8.5,0.0,2,0.8,117.66,753.3
2023-07-22,S002,P001,Clothing,20,121,416.81,0,0,17.9,0.0,0.0,5,0.77,172.59,4884.4
2023-07-22,S002,P002,Food,23,86,211.98,0,0,15.0,4.6,0.0,3,0.91,113.35,2268.49
2023-07-22,S002,P003,Home,26,79,333.29,0,0,14.7,,0.0,13,0.98,183.3,3899.74
2023-07-22,S002,P004,Toys,24,112,201.33,0,0,4.9,0.0,0.0,6,0.96,96.97,2504.64
2023-07-22,S002,P005,Electronics,57,87,276.82,1,1,-6.5,1.4,0.07,8,0.93,214.5,2447.73
2023-07-22,S003,P001,Clothing,23,103,79.27,0,0,12.5,5.2,0.0,13,0.99,32.69,1071.34
2023-07-22,S003,P002,Food,25,142,13.08,0,0,3.3,0.0,0.0,7,0.86,8.02,126.5
2023-07-22,S003,P003,Home,25,103,57.75,0,1,21.9,3.7,0.0,10,0.9,36.31,536.0
2023-07-22,S003,P004,Toys,17,123,37.43,0,0,20.9,5.7,0.0,11,0.99,22.67,250.92
2023-07-22,S003,P005,Electronics,18,104,101.89,0,0,13.7,0.0,0.0,3,0.88,80.69,381.6
2023-07-23,S001,P001,Clothing,24,83,271.17,0,0,17.5,6.4,0.0,1,0.98,170.68,2411.76
2023-07-23,S001,P002,Food,24,110,62.87,0,0,25.8,12.1,0.0,11,0.83,27.52,848.4
2023-07-23,S001,P003,Home,25,105,60.51,0,0,16.6,0.0,0.0,13,0.87,32.26,706.25
2023-07-23,S001,P004,Toys,27,101,130.35,0,0,14.5,7.2,0.0,1,0.71,86.98,1170.99
2023-07-23,S001,P005,Electronics,18,69,241.56,0,0,30.7,2.9,0.0,4,0.75,183.47,1045.62
2023-07-23,S002,P001,Clothing,26,143,116.62,0,0,27.5,5.0,0.0,8,0.75,70.47,1199.9
2023-07-23,S002,P002,Food,24,126,294.74,0,0,38.1,0.3,0.0,5,0.78,145.3,3586.56
2023-07-23,S002,P003,Home,20,91,275.36,0,0,22.7,0.0,0.0,1,0.74,119.35,3120.2
2023-07-23,S002,P004,Toys,26,69,30.81,0,0,9.7,0.4,0.0,3,0.77,22.65,212.16
2023-07-23,S002,P005,Electronics,25,108,295.76,0,0,15.4,0.8,0.0,9,0.87,205.9,2246.5
2023-07-23,S003,P001,Clothing,23,95,497.48,0,0,9.6,6.9,0.0,1,1.0,204.69,6734.17
2023-07-23,S003,P002,Food,29,122,53.0,0,0,,1.3,0.0,7,1.0,31.65,619.15
2023-07-23,S003,P003,Home,28,119,384.55,0,0,,0.0,0.0,8,0.75,275.74,3046.68
2023-07-23,S003,P004,Toys,59,118,358.44,1,0,9.9,0.0,0.27,1,0.9,245.94,927.55
2023-07-23,S003,P005,Electronics,22,108,354.29,0,0,11.2,0.0,0.0,12,0.73,252.25,2244.88
2023-07-24,S001,P001,Clothing,18,76,469.77,0,0,-0.4,5.6,0.0,3,0.86,203.02,4801.5
2023-07-24,S001,P002,Food,21,98,12.26,0,0,29.2,0.0,0.0,10,0.86,5.07,150.99
2023-07-24,S001,P003,Home,28,108,174.78,1,0,18.6,0.0,0.25,10,0.76,71.91,1656.9
2023-07-24,S001,P004,Toys,22,88,364.0,0,0,7.1,9.9,0.0,9,0.85,242.53,2672.34
2023-07-24,S001,P005,Electronics,16,90,45.86,0,0,12.1,,0.0,6,0.71,19.05,428.96
2023-07-24,S002,P001,Clothing,19,105,263.62,0,1,12.1,5.4,0.0,6,0.73,139.01,2367.59
2023-07-24,S002,P002,Food,25,67,471.0,0,0,14.7,4.6,0.0,2,0.79,242.25,5718.75
2023-07-24,S002,P003,Home,20,80,65.42,0,0,25.4,6.2,0.0,9,0.82,40.08,506.8
2023-07-24,S002,P004,Toys,23,70,273.1,0,0,24.6,3.6,0.0,12,0.99,206.79,1525.13
2023-07-24,S002,P005,Electronics,24,120,12.86,0,0,18.2,9.1,0.0,3,0.8,8.07,114.96
2023-07-24,S003,P001,Clothing,23,88,442.84,0,0,24.9,4.0,0.0,11,0.76,201.7,5546.22
2023-07-24,S003,P002,Food,17,103,365.3,0,0,24.3,9.7,0.0,11,0.76,190.08,2978.74
2023-07-24,S003,P003,Home,21,80,181.07,0,0,27.6,0.0,0.0,1,0.73,85.44,2008.23
2023-07-24,S003,P004,Toys,21,82,61.58,0,0,27.6,2.5,0.0,5,0.76,25.7,753.48
2023-07-24,S003,P005,Electronics,27,81,237.01,0,0,15.6,0.0,0.0,2,0.72,151.88,2298.51
2023-07-25,S001,P001,Clothing,22,115,111.62,0,0,29.2,0.0,0.0,2,0.88,62.9,1071.84
2023-07-25,S001,P002,Food,31,73,495.15,1,0,18.5,3.5,0.15,8,0.87,393.15,859.55
2023-07-25,S001,P003,Home,16,78,31.0,0,0,25.9,5.2,0.0,4,,17.5,216.0
2023-07-25,S001,P004,Toys,27,76,313.37,1,0,23.1,13.4,0.21,2,0.94,218.78,777.12
2023-07-25,S001,P005,Electronics,17,105,282.54,0,0,13.1,1.7,0.0,3,0.88,144.59,2345.15
2023-07-25,S002,P001,Clothing,26,114,367.62,0,0,19.2,0.0,0.0,10,0.82,183.14,4796.48
2023-07-25,S002,P002,Food,21,86,277.33,0,0,31.1,9.2,0.0,3,0.79,119.7,3310.23
2023-07-25,S002,P003,Home,37,99,63.49,1,0,22.0,3.5,0.24,8,0.82,43.92,160.3
2023-07-25,S002,P004,Toys,22,91,49.95,1,0,30.1,7.7,0.15,13,0.92,39.86,57.15
2023-07-25,S002,P005,Electronics,24,77,243.13,0,0,22.5,0.2,0.0,5,0.78,170.96,1732.08
2023-07-25,S003,P001,Clothing,20,103,382.33,0,0,13.2,,0.0,10,0.81,219.52,3256.2
2023-07-25,S003,P002,Food,28,110,228.02,0,0,27.8,0.0,0.0,3,0.99,145.39,2313.64
2023-07-25,S003,P003,Home,16,141,26.28,0,0,17.5,3.1,0.0,11,0.91,20.21,97.12
2023-07-25,S003,P004,Toys,31,86,347.65,1,0,13.7,0.7,0.17,4,0.72,204.81,2595.92
2023-07-25,S003,P005,Electronics,21,108,435.2,0,0,28.5,0.0,0.0,12,0.78,267.3,3525.9
2023-07-26,S001,P001,Clothing,18,119,355.78,0,0,2.3,0.0,0.0,8,0.71,266.4,1608.84
2023-07-26,S001,P002,Food,31,122,54.03,0,0,13.9,0.0,0.0,5,0.94,23.65,941.78
2023-07-26,S001,P003,Home,24,85,34.31,1,0,20.3,7.5,0.2,9,0.7,15.73,281.23
2023-07-26,S001,P004,Toys,10,75,127.73,0,0,-0.9,5.5,0.0,12,0.77,67.24,604.9
2023-07-26,S001,P005,Electronics,22,111,20.86,0,0,20.5,8.7,0.0,7,0.84,12.43,185.46
2023-07-26,S002,P001,Clothing,27,134,34.63,0,0,29.4,3.3,0.0,9,0.82,19.31,413.64
2023-07-26,S002,P002,Food,19,95,345.05,0,0,3.9,3.1,0.0,10,0.73,160.88,3499.23
2023-07-26,S002,P003,Home,24,98,286.43,0,0,28.7,3.5,0.0,10,0.97,161.12,3007.44
2023-07-26,S002,P004,Toys,21,104,71.43,0,0,30.1,0.0,0.0,7,0.9,55.78,328.65
2023-07-26,S002,P005,Electronics,25,91,87.63,1,0,35.6,0.0,0.15,4,0.76,40.06,860.64
2023-07-26,S003,P001,Clothing,25,110,133.34,0,0,14.0,2.2,0.0,6,0.99,88.56,1119.5
2023-07-26,S003,P002,Food,26,98,174.1,0,0,18.2,1.2,0.0,12,0.87,86.87,2267.98
2023-07-26,S003,P003,Home,30,100,163.73,1,0,9.0,0.9,0.2,1,0.9,73.99,1709.82
2023-07-26,S003,P004,Toys,18,78,169.82,0,0,24.5,,0.0,4,0.7,107.43,1123.02
2023-07-26,S003,P005,Electronics,15,121,371.48,0,0,10.0,2.5,0.0,2,0.94,232.69,2081.85
2023-07-27,S001,P001,Clothing,23,133,153.73,0,0,15.1,5.2,0.0,7,0.89,114.78,895.85
2023-07-27,S001,P002,Food,16,121,269.12,0,0,28.3,6.7,0.0,12,0.96,147.08,1952.64
2023-07-27,S001,P003,Home,21,103,283.37,0,0,27.9,,0.0,1,0.86,154.57,2704.8
2023-07-27,S001,P004,Toys,28,111,179.86,1,0,2.9,6.9,0.2,6,0.79,82.33,1723.62
2023-07-27,S001,P005,Electronics,33,82,218.91,1,0,10.2,12.3,0.13,2,0.82,112.24,2580.99
2023-07-27,S002,P001,Clothing,30,90,393.32,0,1,-1.9,2.4,0.0,4,0.73,186.76,6196.8
2023-07-27,S002,P002,Food,24,101,311.63,0,0,16.0,0.5,0.0,2,0.79,167.31,3463.68
2023-07-27,S002,P003,Home,25,82,349.77,0,0,10.8,5.8,0.0,13,0.97,246.3,2586.75
2023-07-27,S002,P004,Toys,19,100,100.48,0,1,17.9,0.0,0.0,7,0.74,72.62,529.34
2023-07-27,S002,P005,Electronics,18,87,111.59,0,1,10.6,0.0,0.0,13,0.86,57.15,979.92
2023-07-27,S003,P001,Clothing,26,95,220.63,0,0,37.8,2.7,0.0,5,0.81,158.71,1609.92
2023-07-27,S003,P002,Food,25,104,473.24,0,0,18.2,4.5,0.0,11,0.81,315.59,3941.25
2023-07-27,S003,P003,Home,25,122,405.76,0,0,21.5,14.6,0.0,1,0.77,210.22,4888.5
2023-07-27,S003,P004,Toys,18,123,150.77,0,0,18.6,0.0,0.0,6,0.95,81.04,1255.14
2023-07-27,S003,P005,Electronics,28,71,338.75,1,0,27.0,0.0,0.19,3,0.85,266.48,221.41
2023-07-28,S001,P001,Clothing,21,118,88.85,0,0,17.9,4.4,0.0,5,0.92,44.32,935.13
2023-07-28,S001,P002,Food,16,102,220.14,0,0,19.5,12.1,0.0,1,0.94,114.4,1691.84
2023-07-28,S001,P003,Home,18,97,93.9,0,0,16.8,0.0,0.0,8,0.82,60.41,602.82
2023-07-28,S001,P004,Toys,27,109,16.04,0,0,19.0,4.1,0.0,1,0.99,12.21,103.41
2023-07-28,S001,P005,Electronics,12,76,366.83,0,0,3.4,0.0,0.0,7,0.86,232.61,1610.64
2023-07-28,S002,P001,Clothing,37,106,265.59,1,0,24.2,1.9,0.19,4,0.95,139.35,2803.78
2023-07-28,S002,P002,Food,23,92,78.99,0,0,16.8,4.9,0.0,12,0.97,41.54,861.35
2023-07-28,S002,P003,Home,12,95,43.0,0,0,-5.8,0.0,0.0,5,0.9,27.6,184.8
2023-07-28,S002,P004,Toys,18,50,51.91,0,0,16.0,3.6,0.0,6,0.95,38.83,235.44
2023-07-28,S002,P005,Electronics,15,87,498.31,0,0,24.7,,0.0,10,0.78,395.89,1536.3
2023-07-28,S003,P001,Clothing,24,94,418.1,1,0,22.3,0.0,0.15,10,0.96,242.45,2710.44
2023-07-28,S003,P002,Food,13,79,331.91,0,0,23.3,,0.0,4,0.79,216.86,1495.65
2023-07-28,S003,P003,Home,12,58,257.74,0,0,14.5,0.0,0.0,3,0.84,129.85,1534.68
2023-07-28,S003,P004,Toys,36,116,379.81,1,0,23.3,0.0,0.26,2,0.73,224.97,2019.22
2023-07-28,S003,P005,Electronics,21,90,41.78,0,0,40.3,5.5,0.0,2,0.94,27.85,292.53
2023-07-29,S001,P001,Clothing,29,80,12.47,0,1,5.3,0.0,0.0,5,0.77,7.38,147.61
2023-07-29,S001,P002,Food,16,119,415.96,0,0,31.5,0.0,0.0,7,0.76,207.71,3332.0
2023-07-29,S001,P003,Home,30,64,245.69,0,1,19.5,0.0,0.0,3,0.87,118.93,3802.8
2023-07-29,S001,P004,Toys,18,90,143.6,0,0,23.1,3.9,0.0,6,0.87,108.31,635.22
2023-07-29,S001,P005,Electronics,26,117,441.12,0,0,10.3,1.5,0.0,8,0.97,251.62,4927.0
2023-07-29,S002,P001,Clothing,24,77,264.15,0,0,4.9,7.2,0.0,2,0.93,203.0,1467.6
2023-07-29,S002,P002,Food,18,86,411.31,0,0,13.4,2.4,0.0,11,,253.61,2838.6
2023-07-29,S002,P003,Home,22,108,394.93,0,0,16.6,0.0,0.0,11,0.78,272.2,2700.06
2023-07-29,S002,P004,Toys,26,118,125.69,0,0,25.8,4.5,0.0,10,0.8,52.15,1912.04
2023-07-29,S002,P005,Electronics,34,82,215.27,0,0,27.3,6.5,0.0,13,0.71,86.66,4372.74
2023-07-29,S003,P001,Clothing,37,115,385.2,1,0,26.7,,0.18,13,0.9,184.42,4863.43
2023-07-29,S003,P002,Food,24,94,22.69,1,0,26.1,0.7,0.15,2,0.78,13.98,127.36
2023-07-29,S003,P003,Home,24,106,454.35,0,0,27.0,0.0,0.0,9,0.78,233.55,5299.2
2023-07-29,S003,P004,Toys,31,86,293.15,0,0,23.9,0.0,0.0,8,0.82,208.41,2626.94
2023-07-29,S003,P005,Electronics,17,91,121.07,0,0,17.8,0.0,0.0,12,0.81,51.89,1176.06
2023-07-30,S001,P001,Clothing,18,94,52.58,0,0,16.7,8.1,0.0,5,0.74,21.48,559.8
2023-07-30,S001,P002,Food,20,108,249.33,0,0,,0.0,0.0,6,0.72,195.86,1069.4
2023-07-30,S001,P003,Home,20,94,309.94,0,0,21.2,5.7,0.0,10,0.99,190.94,2380.0
2023-07-30,S001,P004,Toys,13,77,429.22,0,0,9.8,5.5,0.0,7,0.82,201.22,2964.0
2023-07-30,S001,P005,Electronics,28,128,371.5,0,0,34.0,0.5,0.0,1,0.87,152.32,6137.04
2023-07-30,S002,P001,Clothing,29,109,166.72,1,0,18.6,0.2,0.19,9,0.95,77.32,1673.97
2023-07-30,S002,P002,Food,34,99,189.64,1,0,19.6,0.0,0.09,4,0.93,119.97,1788.48
2023-07-30,S002,P003,Home,49,49,87.03,1,0,11.1,7.8,0.08,13,0.76,64.08,783.39
2023-07-30,S002,P004,Toys,24,52,179.31,0,0,24.3,5.8,0.0,3,0.89,127.77,1236.96
2023-07-30,S002,P005,Electronics,18,103,324.19,0,0,11.6,0.0,0.0,9,0.94,224.29,1798.2
2023-07-30,S003,P001,Clothing,18,74,381.96,0,0,17.8,11.1,0.0,11,0.94,168.71,3838.5
2023-07-30,S003,P002,Food,27,135,100.79,0,0,14.2,3.3,0.0,2,0.91,74.06,721.71
2023-07-30,S003,P003,Home,29,38,393.32,1,0,17.3,0.0,0.21,7,0.78,219.86,2635.02
2023-07-30,S003,P004,Toys,23,91,115.17,0,0,26.4,0.5,0.0,6,0.86,83.58,726.57
2023-07-30,S003,P005,Electronics,22,110,26.87,0,0,5.3,0.0,0.0,5,0.83,18.52,183.7
2023-07-31,S001,P001,Clothing,28,102,30.55,1,0,5.3,1.6,0.06,9,0.91,21.02,215.52
2023-07-31,S001,P002,Food,16,95,403.63,0,0,34.2,6.9,0.0,6,0.79,203.87,3196.16
2023-07-31,S001,P003,Home,19,87,105.91,0,0,29.5,6.9,0.0,11,0.86,67.94,721.43
2023-07-31,S001,P004,Toys,18,120,303.61,0,0,27.5,,0.0,11,0.73,175.5,2305.98
2023-07-31,S001,P005,Electronics,18,94,174.51,0,0,25.6,,0.0,4,0.8,90.19,1517.76
2023-07-31,S002,P001,Clothing,36,85,96.45,1,1,10.8,10.5,0.07,8,0.87,59.99,1069.51
2023-07-31,S002,P001,Clothing,36,85,96.45,1,1,10.8,10.5,0.07,8,0.87,59.99,1069.51
2023-07-31,S002,P002,Food,26,98,154.61,0,0,7.0,2.0,0.0,6,0.77,119.53,912.08
2023-07-31,S002,P003,Home,80,85,397.87,0,0,27.0,0.0,0.0,9,0.7,205.61,3076.16
2023-07-31,S002,P004,Toys,21,98,60.16,0,1,6.6,0.0,0.0,2,0.73,38.43,456.33
2023-07-31,S002,P005,Electronics,17,82,391.2,0,0,21.7,0.0,0.0,5,0.88,246.96,2452.08
2023-07-31,S003,P001,Clothing,25,69,452.91,1,0,22.5,9.5,0.23,9,0.81,294.64,1352.52
2023-07-31,S003,P002,Food,28,97,79.75,0,0,2.9,0.2,0.0,8,0.9,47.66,898.52
2023-07-31,S003,P003,Home,22,105,484.66,0,0,20.2,1.9,0.0,13,0.9,229.82,5606.48
2023-07-31,S003,P004,Toys,19,110,87.02,0,0,22.6,8.8,0.0,1,0.89,68.12,359.1
2023-07-31,S003,P005,Electronics,16,94,356.27,0,0,31.5,7.3,0.0,4,0.97,259.7,1545.12
2023-08-01,S001,P001,Clothing,23,110,174.31,0,0,31.1,0.0,0.0,5,0.93,112.01,1432.9
2023-08-01,S001,P002,Food,21,96,390.74,0,0,30.8,6.0,0.0,13,0.8,307.75,1742.79
2023-08-01,S001,P003,Home,18,86,181.89,0,0,15.9,3.1,0.0,13,0.98,107.51,1338.84
2023-08-01,S001,P004,Toys,34,114,487.32,1,0,1.1,5.8,0.13,13,0.98,207.06,7374.89
2023-08-01,S001,P005,Electronics,17,125,49.92,0,0,9.8,0.0,0.0,5,0.95,21.54,482.46
2023-08-01,S002,P001,Clothing,24,76,468.91,0,0,10.7,0.8,0.0,11,0.94,239.77,5499.36
2023-08-01,S002,P002,Food,20,50,286.69,0,0,18.8,0.0,0.0,1,0.9,216.56,1402.6
2023-08-01,S002,P003,Home,21,116,63.57,0,0,23.6,4.4,0.0,3,0.97,27.1,765.87
2023-08-01,S002,P004,Toys,21,74,499.14,0,0,19.3,0.0,0.0,5,0.77,373.14,2646.0
2023-08-01,S002,P005,Electronics,25,57,406.27,0,0,38.6,1.7,0.0,13,0.72,228.37,4447.5
2023-08-01,S003,P001,Clothing,19,118,93.06,0,0,11.1,,0.0,7,0.72,40.78,993.32
2023-08-01,S003,P002,Food,20,90,321.46,0,0,13.4,4.7,0.0,1,0.95,166.99,3089.4
2023-08-01,S003,P003,Home,11,113,168.22,0,0,17.3,1.8,0.0,4,0.73,99.89,751.63
2023-08-01,S003,P004,Toys,18,98,14.52,0,0,22.7,0.0,0.0,11,0.75,9.89,83.34
2023-08-01,S003,P005,Electronics,21,102,380.6,0,0,11.0,6.4,0.0,5,0.97,228.42,3195.78
2023-08-02,S001,P001,Clothing,21,121,211.3,1,0,22.6,0.0,0.12,11,0.76,114.09,1508.93
2023-08-02,S001,P002,Food,10,112,418.17,0,0,24.6,,0.0,9,0.76,247.28,1708.9
2023-08-02,S001,P003,Home,18,72,496.08,0,0,18.0,3.4,0.0,5,0.85,280.86,3873.96
2023-08-02,S001,P004,Toys,29,110,139.21,0,0,34.4,7.0,0.0,6,0.86,57.38,2373.07
2023-08-02,S001,P005,Electronics,15,78,481.23,0,0,17.7,,0.0,9,0.91,309.12,2581.65
2023-08-02,S002,P001,Clothing,28,98,305.91,1,0,10.4,1.0,0.15,4,0.98,134.23,3522.22
2023-08-02,S002,P002,Food,22,114,414.03,0,0,18.3,5.2,0.0,2,0.84,286.02,2816.22
2023-08-02,S002,P003,Home,12,114,486.99,0,0,20.8,10.2,0.0,6,0.79,378.3,1304.28
2023-08-02,S002,P004,Toys,85,102,47.27,0,0,,0.0,0.0,4,0.7,29.42,303.45
2023-08-02,S002,P005,Electronics,25,83,265.43,0,0,11.8,7.0,0.0,4,0.83,119.04,3659.75
2023-08-02,S003,P001,Clothing,20,80,156.03,0,0,1.2,6.6,0.0,1,0.72,66.13,1798.0
2023-08-02,S003,P002,Food,33,102,166.04,1,0,15.4,0.0,0.16,12,0.86,72.18,2220.69
2023-08-02,S003,P003,Home,8,108,376.28,0,0,38.1,2.9,0.0,1,0.99,182.2,1552.64
2023-08-02,S003,P004,Toys,15,106,253.95,0,0,23.6,2.1,0.0,10,0.71,148.53,1581.3
2023-08-02,S003,P005,Electronics,27,126,85.8,0,1,18.8,0.0,0.0,4,0.98,46.77,1053.81
2023-08-03,S001,P001,Clothing,15,140,125.79,0,0,10.7,1.7,0.0,1,0.72,84.86,613.95
2023-08-03,S001,P002,Food,17,86,224.62,0,0,29.8,0.0,0.0,3,0.71,97.11,2167.67
2023-08-03,S001,P003,Home,29,108,390.08,0,0,19.3,2.0,0.0,9,0.75,236.06,4466.58
2023-08-03,S001,P004,Toys,25,115,469.89,0,0,24.3,8.2,0.0,4,0.93,293.59,4407.5
2023-08-03,S001,P005,Electronics,24,41,350.95,0,0,23.6,1.5,0.0,7,0.82,259.06,2205.36
2023-08-03,S002,P001,Clothing,22,97,290.15,0,0,15.7,0.0,0.0,11,0.93,125.17,3629.56
2023-08-03,S002,P002,Food,16,114,81.21,0,0,4.4,2.4,0.0,4,0.77,52.03,466.88
2023-08-03,S002,P003,Home,32,101,447.08,0,0,20.4,11.6,0.0,7,0.87,355.29,2937.28
2023-08-03,S002,P004,Toys,22,123,454.87,0,0,21.1,0.4,0.0,8,0.91,207.17,5449.4
2023-08-03,S002,P005,Electronics,30,93,408.51,0,0,19.0,0.0,0.0,2,0.98,190.09,6552.6
2023-08-03,S003,P001,Clothing,22,83,204.95,0,0,18.4,0.0,0.0,7,0.91,118.85,1894.2
2023-08-03,S003,P002,Food,19,83,494.16,0,0,23.2,3.6,0.0,3,0.75,215.78,5289.22
2023-08-03,S003,P003,Home,24,114,262.98,0,0,8.2,0.0,0.0,13,0.8,144.9,2833.92
2023-08-03,S003,P004,Toys,18,91,350.17,0,0,39.7,4.4,0.0,2,0.89,216.82,2400.3
2023-08-03,S003,P005,Electronics,19,109,371.41,0,0,24.8,6.5,0.0,12,0.85,166.81,3887.4
2023-08-04,S001,P001,Clothing,20,129,356.31,0,0,22.4,1.8,0.0,8,0.79,172.1,3684.2
2023-08-04,S001,P002,Food,17,142,191.49,0,0,44.2,1.9,0.0,7,0.85,130.72,1033.09
2023-08-04,S001,P003,Home,28,121,386.55,0,0,17.9,3.6,0.0,6,0.96,263.06,3457.72
2023-08-04,S001,P004,Toys,28,100,181.62,1,0,20.1,0.0,0.14,4,0.96,87.43,1925.37
2023-08-04,S001,P005,Electronics,25,129,332.19,0,0,26.2,0.0,0.0,12,0.76,246.91,2132.0
2023-08-04,S002,P001,Clothing,17,57,40.92,0,0,32.5,7.7,0.0,2,0.85,17.29,401.71
2023-08-04,S002,P002,Food,17,59,168.38,0,0,11.4,9.4,0.0,2,0.81,100.22,1158.72
2023-08-04,S002,P003,Home,18,106,404.6,0,0,37.8,9.0,0.0,10,0.78,172.69,4174.38
2023-08-04,S002,P004,Toys,27,108,270.71,0,0,18.5,3.8,0.0,13,1.0,120.7,4050.27
2023-08-04,S002,P005,Electronics,18,87,216.57,0,0,6.8,0.0,0.0,5,0.79,130.83,1543.32
2023-08-04,S003,P001,Clothing,19,87,199.29,0,0,23.3,,0.0,2,0.88,110.64,1684.35
2023-08-04,S003,P002,Food,22,74,249.79,0,0,23.0,,0.0,9,0.9,167.19,1817.2
2023-08-04,S003,P003,Home,23,126,429.06,0,0,21.2,1.2,0.0,9,0.76,233.37,4500.87
2023-08-04,S003,P004,Toys,20,133,71.63,0,0,12.2,4.4,0.0,9,0.97,29.34,845.8
2023-08-04,S003,P005,Electronics,17,98,51.55,0,0,20.8,0.0,0.0,10,0.91,32.46,324.53
2023-08-05,S001,P001,Clothing,28,94,403.58,0,0,5.4,9.7,0.0,7,0.95,310.29,2612.12
2023-08-05,S001,P002,Food,27,119,65.78,0,0,19.7,3.3,0.0,11,0.79,49.38,442.8
2023-08-05,S001,P003,Home,18,92,199.97,0,0,16.2,7.0,0.0,13,0.81,125.4,1342.26
2023-08-05,S001,P004,Toys,30,76,161.72,0,0,8.4,2.3,0.0,6,0.79,114.11,1428.3
2023-08-05,S001,P005,Electronics,33,103,465.9,0,0,18.1,10.3,0.0,7,0.89,243.51,7338.87
2023-08-05,S002,P001,Clothing,27,110,246.63,0,0,22.9,,0.0,7,,162.2,2279.61
2023-08-05,S002,P002,Food,23,117,218.48,0,0,18.8,0.0,0.0,12,0.98,134.5,1931.54
2023-08-05,S002,P003,Home,31,67,102.82,1,0,29.5,0.0,0.13,13,0.85,46.27,1338.69
2023-08-05,S002,P004,Toys,23,104,168.34,0,0,13.0,3.1,0.0,7,0.89,129.56,891.94
2023-08-05,S002,P005,Electronics,24,144,457.55,0,0,25.7,0.0,0.0,9,0.74,265.02,4620.72
2023-08-05,S003,P001,Clothing,26,83,339.18,1,0,29.3,0.0,0.2,8,0.76,154.37,3041.32
2023-08-05,S003,P002,Food,23,83,454.74,0,0,18.9,0.0,0.0,7,0.75,281.24,3990.5
2023-08-05,S003,P003,Home,30,59,67.11,0,0,,0.0,0.0,8,0.91,50.44,500.1
2023-08-05,S003,P004,Toys,20,104,429.0,0,0,13.4,3.8,0.0,11,0.94,276.35,3053.0
2023-08-05,S003,P005,Electronics,26,63,269.15,0,0,32.6,6.3,0.0,8,0.93,125.63,3731.52
2023-08-06,S001,P001,Clothing,19,114,186.13,0,0,32.1,1.3,0.0,9,0.93,147.92,725.99
2023-08-06,S001,P002,Food,22,101,119.72,0,0,35.8,9.2,0.0,13,0.9,52.32,1482.8
2023-08-06,S001,P003,Home,51,81,123.46,1,1,28.0,7.1,0.18,5,0.99,63.6,1919.5
2023-08-06,S001,P004,Toys,16,118,41.44,0,0,31.9,0.4,0.0,10,0.73,17.74,379.2
2023-08-06,S001,P005,Electronics,29,104,411.55,0,0,20.1,0.0,0.0,13,0.88,322.06,2595.21
2023-08-06,S002,P001,Clothing,27,73,92.59,0,0,18.1,4.2,0.0,11,0.87,38.15,1469.88
2023-08-06,S002,P002,Food,25,96,426.05,0,0,32.1,5.4,0.0,1,0.72,317.6,2711.25
2023-08-06,S002,P003,Home,18,106,402.94,0,0,12.3,0.0,0.0,5,0.89,272.6,2346.12
2023-08-06,S002,P004,Toys,19,142,297.56,0,0,5.9,0.0,0.0,6,0.73,134.63,3095.67
2023-08-06,S002,P005,Electronics,20,95,402.12,0,0,,6.3,0.0,7,0.91,199.36,4055.2
2023-08-06,S003,P001,Clothing,33,91,85.09,1,0,2.0,1.8,0.11,10,0.93,58.85,557.04
2023-08-06,S003,P002,Food,25,128,391.6,0,0,31.7,0.0,0.0,2,0.92,231.9,3992.5
2023-08-06,S003,P003,Home,60,50,449.11,0,0,4.0,0.0,0.0,11,0.79,194.5,3055.32
2023-08-06,S003,P004,Toys,34,70,353.62,0,1,36.0,1.7,0.0,6,0.99,182.35,5823.18
2023-08-06,S003,P005,Electronics,26,130,457.8,0,0,-5.3,,0.0,12,0.76,341.43,3025.62
2023-08-07,S001,P001,Clothing,30,136,489.33,1,0,10.6,0.0,0.15,7,0.74,224.25,5750.41
2023-08-07,S001,P002,Food,20,121,12.56,0,0,31.6,0.0,0.0,4,0.96,6.57,119.8
2023-08-07,S001,P003,Home,18,93,335.94,0,0,32.6,5.3,0.0,12,0.91,218.91,2106.54
2023-08-07,S001,P004,Toys,21,123,410.32,0,0,22.7,3.0,0.0,13,0.78,305.67,2197.65
2023-08-07,S001,P005,Electronics,16,124,47.54,0,0,14.7,0.7,0.0,3,0.72,31.76,252.48
2023-08-07,S002,P001,Clothing,26,111,465.99,0,0,5.7,9.6,0.0,7,0.79,335.36,3396.38
2023-08-07,S002,P002,Food,80,94,183.01,0,0,19.5,8.4,0.0,3,0.77,132.04,815.52
2023-08-07,S002,P003,Home,19,94,489.29,0,0,37.4,7.5,0.0,4,0.81,303.68,3526.59
2023-08-07,S002,P004,Toys,25,105,469.33,0,1,16.6,0.0,0.0,10,0.79,277.71,4790.5
2023-08-07,S002,P005,Electronics,36,113,238.18,1,1,29.7,0.0,0.14,10,,118.91,3093.29
2023-08-07,S003,P001,Clothing,12,126,196.75,0,0,14.3,0.0,0.0,13,0.93,88.83,1295.04
2023-08-07,S003,P002,Food,22,77,229.88,0,0,19.8,2.7,0.0,8,0.91,126.09,2283.38
2023-08-07,S003,P003,Home,14,79,12.3,0,0,35.9,0.0,0.0,13,1.0,5.28,98.28
2023-08-07,S003,P004,Toys,22,74,392.08,0,1,11.2,3.8,0.0,8,0.8,283.61,2386.34
2023-08-07,S003,P005,Electronics,29,104,216.34,0,0,2.2,0.0,0.0,8,0.82,156.64,1731.3
2023-08-08,S001,P001,Clothing,26,69,423.27,0,0,7.3,0.7,0.0,6,0.92,288.69,3499.08
2023-08-08,S001,P002,Food,19,119,407.13,0,0,2.7,2.7,0.0,4,0.93,230.32,3359.39
2023-08-08,S001,P003,Home,28,141,66.61,0,1,44.7,1.6,0.0,2,0.93,27.97,1081.92
2023-08-08,S001,P004,Toys,25,93,156.95,0,1,23.9,2.6,0.0,3,0.96,89.43,1688.0
2023-08-08,S001,P005,Electronics,22,58,258.0,0,0,15.2,3.0,0.0,5,0.72,204.63,1174.14
2023-08-08,S002,P001,Clothing,21,110,158.99,0,0,25.9,0.0,0.0,13,0.89,69.21,1885.38
2023-08-08,S002,P002,Food,23,69,137.95,0,0,2.7,0.0,0.0,2,0.98,83.87,1243.84
2023-08-08,S002,P003,Home,31,120,20.08,0,0,35.6,0.7,0.0,6,0.91,8.53,358.05
2023-08-08,S002,P004,Toys,24,88,164.14,1,0,,,0.25,13,0.77,98.19,597.96
2023-08-08,S002,P005,Electronics,24,86,39.88,1,0,10.7,9.1,0.05,8,0.74,20.27,422.78
2023-08-08,S003,P001,Clothing,25,92,480.23,0,0,5.2,0.0,0.0,9,0.98,200.26,6999.25
2023-08-08,S003,P002,Food,23,113,479.67,0,0,6.4,1.1,0.0,8,0.98,288.3,4401.51
2023-08-08,S003,P003,Home,24,92,137.04,0,0,14.9,13.8,0.0,8,0.74,82.08,1319.04
2023-08-08,S003,P004,Toys,23,86,38.53,0,0,,0.0,0.0,1,0.77,19.14,445.97
2023-08-08,S003,P005,Electronics,25,84,454.06,0,1,38.1,3.6,0.0,2,0.81,323.46,3265.0
2023-08-09,S001,P001,Clothing,22,111,467.65,1,0,19.3,0.0,0.17,11,0.77,365.86,490.37
2023-08-09,S001,P002,Food,15,91,467.81,0,0,9.2,4.2,0.0,2,0.77,259.85,3119.4
2023-08-09,S001,P003,Home,14,132,160.45,0,0,26.0,0.0,0.0,3,0.85,97.34,883.54
2023-08-09,S001,P004,Toys,23,63,142.12,0,0,8.7,6.6,0.0,3,0.79,57.61,1943.73
2023-08-09,S001,P005,Electronics,10,84,145.18,0,0,13.3,7.0,0.0,3,,87.1,580.8
2023-08-09,S002,P001,Clothing,30,92,180.53,0,0,15.5,0.0,0.0,4,1.0,87.95,2777.4
2023-08-09,S002,P002,Food,40,93,101.83,1,0,12.5,0.0,0.23,11,0.87,62.05,654.36
2023-08-09,S002,P003,Home,19,74,448.83,0,0,11.4,1.7,0.0,2,0.8,291.94,2980.91
2023-08-09,S002,P004,Toys,18,141,29.45,0,0,-2.2,0.0,0.0,2,0.74,16.77,228.24
2023-08-09,S002,P005,Electronics,18,81,398.66,0,0,24.1,0.0,0.0,2,,263.97,2424.42
2023-08-09,S003,P001,Clothing,15,93,412.68,0,0,23.4,0.0,0.0,5,0.72,212.18,3007.5
2023-08-09,S003,P002,Food,20,78,85.12,0,0,9.6,0.0,0.0,9,0.75,44.96,803.2
2023-08-09,S003,P003,Home,21,74,399.5,0,0,25.4,,0.0,11,0.96,278.32,2544.78
2023-08-09,S003,P004,Toys,14,81,327.02,0,0,16.3,0.0,0.0,2,0.78,220.94,1485.12
2023-08-09,S003,P005,Electronics,22,97,246.51,0,0,29.9,0.5,0.0,11,1.0,193.03,1176.56
2023-08-10,S001,P001,Clothing,25,100,395.35,0,0,17.3,1.8,0.0,10,0.94,293.37,2549.5
2023-08-10,S001,P002,Food,20,102,250.36,0,0,18.0,12.2,0.0,2,0.92,126.9,2469.2
2023-08-10,S001,P003,Home,19,119,234.54,0,0,15.3,0.0,0.0,7,0.94,174.18,1146.84
2023-08-10,S001,P004,Toys,19,80,212.17,0,0,18.8,3.2,0.0,13,0.99,114.91,1847.94
2023-08-10,S001,P005,Electronics,13,84,12.45,0,0,11.4,4.2,0.0,3,0.93,8.26,54.47
2023-08-10,S002,P001,Clothing,43,99,188.57,1,0,25.8,0.0,0.07,8,0.98,78.63,4159.82
2023-08-10,S002,P002,Food,22,99,486.25,0,0,18.2,,0.0,3,0.75,321.17,3631.76
2023-08-10,S002,P003,Home,29,105,162.61,0,0,18.7,3.9,0.0,13,0.89,90.27,2097.86
2023-08-10,S002,P004,Toys,19,84,313.84,0,1,25.9,3.6,0.0,6,0.89,186.68,2416.04
2023-08-10,S002,P005,Electronics,18,112,135.84,0,0,40.1,2.0,0.0,3,0.86,67.4,1231.92
2023-08-10,S003,P001,Clothing,25,68,331.37,0,0,18.3,10.5,0.0,5,0.99,231.44,2498.25
2023-08-10,S003,P002,Food,26,130,47.66,0,0,20.3,4.3,0.0,8,0.8,20.87,696.54
2023-08-10,S003,P003,Home,28,86,412.27,0,1,22.9,3.6,0.0,5,0.99,324.55,2456.16
2023-08-10,S003,P004,Toys,18,121,37.13,0,0,15.4,0.0,0.0,5,0.85,24.1,234.54
2023-08-10,S003,P005,Electronics,16,85,156.47,0,0,,0.0,0.0,9,,68.52,1407.2
2023-08-11,S001,P001,Clothing,14,91,275.17,0,0,37.6,0.0,0.0,5,0.78,121.55,2150.68
2023-08-11,S001,P002,Food,19,136,133.64,0,0,23.0,9.6,0.0,9,0.74,97.8,680.96
2023-08-11,S001,P003,Home,21,100,411.26,0,0,24.6,14.3,0.0,8,0.89,182.21,4810.05
2023-08-11,S001,P004,Toys,14,103,62.87,0,0,9.2,9.3,0.0,7,0.98,49.54,186.62
2023-08-11,S001,P005,Electronics,18,107,192.29,0,0,19.5,0.0,0.0,4,0.82,129.84,1124.1
2023-08-11,S002,P001,Clothing,27,80,95.89,0,0,13.7,0.7,0.0,13,0.83,62.27,907.74
2023-08-11,S002,P002,Food,19,92,398.03,0,0,16.6,1.5,0.0,6,0.93,265.07,2526.24
2023-08-11,S002,P003,Home,34,93,39.65,1,0,1.3,,0.26,5,0.91,27.05,77.89
2023-08-11,S002,P004,Toys,95,109,402.03,0,0,28.8,0.6,0.0,10,0.99,302.34,1894.11
2023-08-11,S002,P005,Electronics,16,78,372.7,0,0,21.8,1.6,0.0,7,0.72,161.61,3377.44
2023-08-11,S003,P001,Clothing,20,114,177.73,0,0,28.2,1.5,0.0,3,0.99,138.74,779.8
2023-08-11,S003,P002,Food,20,104,312.86,0,1,29.7,4.6,0.0,4,0.91,157.25,3112.2
2023-08-11,S003,P003,Home,20,108,352.0,0,0,33.1,,0.0,3,0.72,165.48,3730.4
2023-08-11,S003,P004,Toys,15,109,47.87,0,0,17.3,6.1,0.0,4,0.82,36.67,168.0
2023-08-11,S003,P005,Electronics,20,106,453.58,0,0,12.3,0.0,0.0,6,0.93,277.22,3527.2
2023-08-12,S001,P001,Clothing,15,61,383.39,0,0,33.2,0.0,0.0,11,0.73,306.08,1159.65
2023-08-12,S001,P002,Food,24,118,193.56,0,0,17.9,4.7,0.0,7,0.99,96.79,2322.48
2023-08-12,S001,P003,Home,42,93,261.06,1,0,30.9,4.6,0.16,2,0.89,116.01,4337.78
2023-08-12,S001,P004,Toys,34,96,33.09,1,0,20.1,2.4,0.29,12,0.84,18.19,180.33
2023-08-12,S001,P005,Electronics,18,94,64.98,0,0,30.2,0.0,0.0,11,0.76,50.38,262.8
2023-08-12,S002,P001,Clothing,18,90,343.43,0,0,26.5,4.9,0.0,10,0.79,190.81,2747.16
2023-08-12,S002,P002,Food,20,108,118.54,0,0,28.2,3.9,0.0,10,0.82,79.99,771.0
2023-08-12,S002,P003,Home,26,143,301.06,0,0,20.9,7.0,0.0,8,0.7,124.32,4595.24
2023-08-12,S002,P004,Toys,24,129,204.24,0,0,16.6,3.2,0.0,1,0.8,85.03,2861.04
2023-08-12,S002,P005,Electronics,18,141,451.42,0,0,20.6,,0.0,5,0.79,262.14,3407.04
2023-08-12,S003,P001,Clothing,29,98,298.19,0,0,31.7,0.7,0.0,9,0.98,190.86,3112.57
2023-08-12,S003,P002,Food,20,86,199.17,0,0,17.7,0.0,0.0,2,0.97,123.87,1506.0
2023-08-12,S003,P003,Home,15,117,352.91,0,0,20.4,2.5,0.0,10,0.77,272.81,1201.5
2023-08-12,S003,P004,Toys,16,93,370.12,0,0,26.9,3.6,0.0,3,0.84,248.61,1944.16
2023-08-12,S003,P005,Electronics,30,84,373.15,0,1,13.7,2.2,0.0,13,0.76,285.09,2641.8
2023-08-13,S001,P001,Clothing,130,118,144.17,0,0,1.4,0.0,0.0,8,0.82,93.63,1314.04
2023-08-13,S001,P002,Food,29,41,170.73,0,1,17.1,3.0,0.0,5,0.95,120.75,1449.42
2023-08-13,S001,P003,Home,25,124,432.24,0,0,28.7,3.4,0.0,4,0.92,219.6,5316.0
2023-08-13,S001,P004,Toys,23,104,404.56,0,0,4.3,4.6,0.0,6,0.82,294.91,2521.95
2023-08-13,S001,P005,Electronics,34,94,64.43,1,0,12.0,3.9,0.18,7,0.79,28.53,826.29
2023-08-13,S002,P001,Clothing,31,122,343.15,0,0,9.2,11.6,0.0,10,0.72,152.53,5909.22
2023-08-13,S002,P002,Food,26,72,473.44,0,0,10.4,9.7,0.0,6,0.84,271.33,5254.86
2023-08-13,S002,P003,Home,23,106,54.62,0,0,14.0,0.7,0.0,5,0.97,30.19,561.89
2023-08-13,S002,P004,Toys,30,81,466.18,0,0,22.0,2.8,0.0,10,0.99,337.65,3855.9
2023-08-13,S002,P005,Electronics,19,131,193.72,0,0,45.6,7.7,0.0,8,0.72,97.05,1836.73
2023-08-13,S003,P001,Clothing,31,86,294.49,0,0,16.1,9.8,0.0,11,0.94,229.29,2021.2
2023-08-13,S003,P002,Food,22,110,137.88,0,0,-0.3,0.0,0.0,10,0.83,63.15,1644.06
2023-08-13,S003,P003,Home,23,98,380.74,0,0,11.2,8.0,0.0,5,0.89,293.62,2003.76
2023-08-13,S003,P004,Toys,19,94,173.78,0,0,16.9,0.3,0.0,9,0.88,86.89,1650.91
2023-08-13,S003,P005,Electronics,34,92,240.28,1,0,8.9,0.2,0.12,10,0.75,110.98,3415.86
2023-08-14,S001,P001,Clothing,14,94,252.89,0,0,26.8,0.0,0.0,6,0.84,149.86,1442.42
2023-08-14,S001,P002,Food,19,63,479.71,0,0,13.3,0.0,0.0,6,0.76,197.35,5364.84
2023-08-14,S001,P003,Home,21,75,392.72,0,0,25.4,0.5,0.0,9,0.86,163.05,4823.07
2023-08-14,S001,P004,Toys,16,126,361.99,1,0,23.0,15.8,0.14,10,0.86,260.05,820.18
2023-08-14,S001,P005,Electronics,20,83,244.22,0,0,-0.9,0.0,0.0,1,0.84,128.61,2312.2
2023-08-14,S002,P001,Clothing,20,107,48.42,0,0,15.6,0.0,0.0,3,0.71,19.93,569.8
2023-08-14,S002,P002,Food,14,103,114.48,0,1,15.2,2.9,0.0,11,0.94,65.25,689.22
2023-08-14,S002,P003,Home,23,121,57.85,0,0,17.6,6.7,0.0,5,0.85,30.68,624.91
2023-08-14,S002,P004,Toys,21,136,258.69,0,0,20.4,0.0,0.0,13,0.84,115.61,3004.68
2023-08-14,S002,P005,Electronics,27,54,186.86,0,0,14.0,5.9,0.0,3,0.9,120.41,1794.15
2023-08-14,S003,P001,Clothing,15,86,461.69,0,0,29.3,0.0,0.0,9,0.79,288.98,2590.65
2023-08-14,S003,P002,Food,200,124,57.03,1,0,21.1,1.8,0.12,1,0.84,26.88,932.26
2023-08-14,S003,P003,Home,17,120,295.37,0,0,16.6,0.0,0.0,3,0.89,145.36,2550.17
2023-08-14,S003,P004,Toys,33,113,90.6,1,0,6.4,2.9,0.1,13,0.8,44.7,1215.72
2023-08-14,S003,P005,Electronics,19,126,169.03,0,1,8.7,0.0,0.0,13,0.8,110.33,1115.3
2023-08-15,S001,P001,Clothing,16,86,98.98,0,0,16.7,0.0,0.0,8,0.8,77.37,345.76
2023-08-15,S001,P002,Food,21,119,413.08,0,0,14.3,2.5,0.0,4,0.95,302.06,2331.42
2023-08-15,S001,P003,Home,28,90,349.77,0,1,9.7,0.0,0.0,4,0.83,268.11,2286.48
2023-08-15,S001,P004,Toys,21,134,402.06,0,0,23.3,0.0,0.0,6,0.81,290.1,2351.16
2023-08-15,S001,P005,Electronics,22,68,239.3,0,0,33.6,1.0,0.0,5,0.73,186.26,1166.88
2023-08-15,S002,P001,Clothing,24,95,167.89,0,0,5.2,0.0,0.0,11,0.78,129.76,915.12
2023-08-15,S002,P002,Food,20,121,89.05,0,0,-5.4,0.0,0.0,6,0.71,52.95,722.0
2023-08-15,S002,P003,Home,21,85,66.77,0,0,1.1,0.0,0.0,7,0.98,50.87,333.9
2023-08-15,S002,P004,Toys,23,66,185.73,0,0,17.3,0.5,0.0,4,0.85,143.65,967.84
2023-08-15,S002,P005,Electronics,22,85,159.42,0,0,16.8,8.0,0.0,6,0.79,76.99,1813.46
2023-08-15,S003,P001,Clothing,20,77,116.78,0,0,15.9,4.5,0.0,13,0.98,58.46,1166.4
2023-08-15,S003,P002,Food,22,81,298.54,0,0,,2.2,0.0,3,0.93,155.31,3151.06
2023-08-15,S003,P003,Home,22,97,333.46,0,0,10.7,0.0,0.0,4,0.72,191.53,3122.46
2023-08-15,S003,P004,Toys,19,95,493.41,0,0,28.3,1.9,0.0,13,0.9,388.35,1996.14
2023-08-15,S003,P005,Electronics,20,106,468.85,0,0,29.2,4.3,0.0,9,0.91,271.06,3955.8
2023-08-16,S001,P001,Clothing,22,112,430.34,0,0,42.1,0.0,0.0,9,0.85,236.6,4262.28
2023-08-16,S001,P002,Food,16,80,344.27,0,0,,6.0,0.0,5,0.87,272.15,1153.92
2023-08-16,S001,P003,Home,11,112,100.75,0,0,27.9,10.8,0.0,13,0.72,53.73,517.22
2023-08-16,S001,P004,Toys,13,120,284.73,0,0,27.7,3.8,0.0,12,0.98,154.74,1689.87
2023-08-16,S001,P005,Electronics,17,91,28.47,0,0,,8.2,0.0,13,0.76,16.74,199.41
2023-08-16,S002,P001,Clothing,16,84,436.89,0,0,11.7,,0.0,6,0.83,343.45,1495.04
2023-08-16,S002,P002,Food,25,94,495.12,0,1,12.7,3.0,0.0,12,0.76,256.46,5966.5
2023-08-16,S002,P003,Home,15,103,151.61,0,0,14.4,6.1,0.0,10,0.92,115.92,535.35
2023-08-16,S002,P004,Toys,12,99,115.12,0,0,22.4,3.4,0.0,6,0.95,90.77,292.2
2023-08-16,S002,P005,Electronics,17,99,193.65,0,0,,0.0,0.0,3,0.94,131.34,1059.27
2023-08-16,S003,P001,Clothing,26,77,21.92,0,0,37.1,,0.0,7,0.83,13.93,207.74
2023-08-16,S003,P002,Food,26,157,474.49,0,0,31.3,0.0,0.0,1,0.85,192.31,7336.68
2023-08-16,S003,P003,Home,12,110,283.28,0,0,30.8,0.6,0.0,11,0.92,178.97,1251.72
2023-08-16,S003,P004,Toys,32,93,207.03,0,1,11.3,5.6,0.0,12,0.98,90.25,3736.96
2023-08-16,S003,P005,Electronics,18,90,446.75,0,0,30.0,0.0,0.0,8,0.91,264.05,3288.6
2023-08-17,S001,P001,Clothing,22,87,173.58,0,0,26.6,0.0,0.0,7,0.82,77.75,2108.26
2023-08-17,S001,P002,Food,22,117,227.47,0,0,39.6,,0.0,3,0.85,144.87,1817.2
2023-08-17,S001,P003,Home,28,84,398.7,1,0,19.3,4.2,0.06,6,0.79,261.54,3170.66
2023-08-17,S001,P004,Toys,23,126,139.97,0,0,36.7,4.3,0.0,9,,84.3,1280.41
2023-08-17,S001,P005,Electronics,18,112,459.77,0,0,9.2,1.3,0.0,9,0.73,270.63,3404.52
2023-08-17,S002,P001,Clothing,16,93,401.81,0,0,17.9,0.0,0.0,2,0.84,201.89,3198.72
2023-08-17,S002,P002,Food,15,114,25.31,0,0,3.3,,0.0,8,0.72,13.03,184.2
2023-08-17,S002,P003,Home,19,74,233.84,0,0,28.5,1.4,0.0,6,0.97,152.36,1548.12
2023-08-17,S002,P004,Toys,15,79,216.64,0,0,19.2,0.0,0.0,3,0.8,135.34,1219.5
2023-08-17,S002,P005,Electronics,24,93,489.17,0,0,18.7,0.0,0.0,4,0.85,250.15,5736.48
2023-08-17,S003,P001,Clothing,28,66,79.98,0,0,14.7,1.8,0.0,11,0.84,35.79,1237.32
2023-08-17,S003,P002,Food,17,106,382.75,0,0,13.4,7.3,0.0,8,1.0,184.7,3366.85
2023-08-17,S003,P003,Home,25,133,212.21,0,0,30.1,5.4,0.0,6,0.78,101.78,2760.75
2023-08-17,S003,P003,Home,25,133,212.21,0,0,30.1,5.4,0.0,6,0.78,101.78,2760.75
2023-08-17,S003,P004,Toys,18,135,471.68,0,0,10.3,2.3,0.0,11,0.86,337.88,2408.4
2023-08-17,S003,P005,Electronics,22,105,298.64,0,0,18.7,0.0,0.0,12,0.88,197.74,2219.8
2023-08-18,S001,P001,Clothing,17,116,218.8,0,0,20.7,6.5,0.0,13,0.94,132.39,1468.97
2023-08-18,S001,P002,Food,34,83,345.29,0,1,30.7,14.0,0.0,8,0.98,147.13,6737.44
2023-08-18,S001,P003,Home,25,124,137.16,0,0,15.0,1.9,0.0,9,0.96,102.61,863.75
2023-08-18,S001,P004,Toys,21,116,253.33,0,0,11.0,2.9,0.0,5,0.73,152.0,2127.93
2023-08-18,S001,P005,Electronics,23,102,167.59,0,0,19.4,5.1,0.0,7,0.77,120.93,1073.18
2023-08-18,S002,P001,Clothing,24,80,343.59,0,0,12.5,5.3,0.0,5,0.73,260.55,1992.96
2023-08-18,S002,P002,Food,25,77,477.24,1,0,12.1,0.0,0.11,7,0.71,247.08,4441.59
2023-08-18,S002,P003,Home,24,70,91.23,0,0,16.5,7.7,0.0,5,0.91,58.32,789.84
2023-08-18,S002,P004,Toys,23,78,310.12,0,0,15.9,0.6,0.0,3,0.92,166.48,3303.72
2023-08-18,S002,P005,Electronics,23,96,128.59,0,0,10.7,5.2,0.0,3,0.85,56.76,1652.09
2023-08-18,S003,P001,Clothing,22,87,437.64,1,0,30.9,0.0,0.2,7,0.88,333.5,365.46
2023-08-18,S003,P002,Food,15,106,146.82,0,0,27.1,3.6,0.0,9,0.74,67.18,1194.6
2023-08-18,S003,P003,Home,22,105,279.73,0,0,47.4,4.0,0.0,5,0.73,134.37,3197.92
2023-08-18,S003,P004,Toys,21,116,145.05,0,0,25.4,4.3,0.0,8,0.99,79.67,1372.98
2023-08-18,S003,P005,Electronics,23,113,484.41,0,0,7.4,4.3,0.0,12,0.78,369.16,2650.75
2023-08-19,S001,P001,Clothing,31,57,385.14,0,0,6.3,7.0,0.0,13,0.7,168.8,6706.54
2023-08-19,S001,P002,Food,19,102,484.58,0,0,22.7,0.0,0.0,12,0.78,230.78,4822.2
2023-08-19,S001,P003,Home,14,114,171.04,0,0,22.7,12.0,0.0,3,0.88,110.14,852.6
2023-08-19,S001,P004,Toys,22,77,233.64,0,0,35.9,6.8,0.0,10,0.91,139.58,2069.32
2023-08-19,S001,P005,Electronics,28,116,431.72,0,0,26.2,0.1,0.0,9,0.96,338.26,2616.88
2023-08-19,S002,P001,Clothing,24,111,424.57,0,0,23.0,0.0,0.0,7,0.81,199.6,5399.28
2023-08-19,S002,P002,Food,20,111,406.34,0,0,23.4,1.8,0.0,7,0.78,320.74,1712.0
2023-08-19,S002,P003,Home,39,54,143.62,1,0,16.6,0.0,0.09,4,0.8,79.01,2015.68
2023-08-19,S002,P004,Toys,27,81,319.79,0,0,24.7,3.1,0.0,6,0.93,245.09,2016.9
2023-08-19,S002,P005,Electronics,16,64,208.67,0,0,24.2,7.8,0.0,1,0.75,93.93,1835.84
2023-08-19,S003,P001,Clothing,27,119,313.05,0,0,34.5,0.9,0.0,12,0.93,207.56,2848.23
2023-08-19,S003,P002,Food,34,101,329.8,1,0,29.4,0.0,0.17,5,0.74,184.36,3038.72
2023-08-19,S003,P003,Home,23,78,276.35,0,0,27.0,3.9,0.0,13,0.89,123.82,3508.19
2023-08-19,S003,P004,Toys,34,107,237.74,0,0,10.4,4.1,0.0,12,0.84,129.94,3665.2
2023-08-19,S003,P005,Electronics,100,103,85.08,0,0,0.6,2.3,0.0,6,0.86,39.71,907.4
2023-08-20,S001,P001,Clothing,36,108,130.09,0,1,30.2,0.0,0.0,8,0.91,102.58,990.36
2023-08-20,S001,P002,Food,19,104,186.69,0,0,7.1,9.6,0.0,1,0.76,134.74,987.05
2023-08-20,S001,P003,Home,22,107,396.68,0,0,17.7,5.3,0.0,3,0.94,293.5,2269.96
2023-08-20,S001,P004,Toys,29,131,20.28,0,0,20.3,0.8,0.0,7,0.72,15.73,131.95
2023-08-20,S001,P005,Electronics,16,84,444.25,0,0,26.1,6.9,0.0,2,0.75,332.45,1788.8
2023-08-20,S002,P001,Clothing,26,99,68.37,0,0,24.6,3.7,0.0,2,0.87,27.56,1061.06
2023-08-20,S002,P002,Food,18,87,42.42,0,0,14.6,0.0,0.0,1,0.72,26.95,278.46
2023-08-20,S002,P003,Home,17,92,280.09,0,0,21.0,,0.0,5,0.79,159.96,2042.21
2023-08-20,S002,P004,Toys,30,96,97.61,0,0,18.9,0.0,0.0,13,0.8,40.1,1725.3
2023-08-20,S002,P005,Electronics,47,98,320.19,1,0,26.9,0.0,0.1,4,0.98,237.22,2394.7
2023-08-20,S003,P001,Clothing,14,123,16.92,0,0,20.4,0.0,0.0,12,0.76,11.25,79.38
2023-08-20,S003,P002,Food,31,118,81.54,1,0,9.0,8.0,0.25,3,0.98,63.12,-60.91
2023-08-20,S003,P003,Home,33,89,377.16,1,0,21.0,6.6,0.08,4,0.72,247.88,3270.54
2023-08-20,S003,P004,Toys,42,100,297.51,1,0,23.2,0.0,0.24,8,0.84,207.17,795.38
2023-08-20,S003,P005,Electronics,20,109,118.46,0,0,41.8,4.6,0.0,12,0.81,78.88,791.6
2023-08-21,S001,P001,Clothing,18,99,399.62,0,0,22.0,4.2,0.0,3,0.79,217.03,3286.62
2023-08-21,S001,P002,Food,17,73,161.77,0,0,23.0,0.0,0.0,5,0.7,71.33,1537.48
2023-08-21,S001,P003,Home,33,88,168.13,1,0,13.1,8.4,0.1,11,0.73,93.0,1924.46
2023-08-21,S001,P004,Toys,21,64,377.83,0,0,,6.7,0.0,10,0.85,163.98,4490.85
2023-08-21,S001,P005,Electronics,23,96,211.02,0,0,30.4,11.6,0.0,5,0.95,87.41,2843.03
2023-08-21,S002,P001,Clothing,18,119,487.24,0,0,23.3,0.0,0.0,1,0.83,384.04,1857.6
2023-08-21,S002,P002,Food,15,73,110.09,0,0,8.8,3.8,0.0,5,0.78,72.77,559.8
2023-08-21,S002,P003,Home,12,109,104.05,0,0,33.7,3.8,0.0,8,0.72,47.67,676.56
2023-08-21,S002,P004,Toys,25,119,382.29,0,0,21.0,1.1,0.0,8,0.71,224.36,3948.25
2023-08-21,S002,P005,Electronics,19,102,106.29,0,0,-0.7,0.0,0.0,13,0.9,51.26,1045.57
2023-08-21,S003,P001,Clothing,23,80,296.63,0,0,23.8,4.8,0.0,11,0.99,142.99,3533.72
2023-08-21,S003,P002,Food,22,77,459.91,0,0,,0.0,0.0,8,0.98,364.3,2103.42
2023-08-21,S003,P003,Home,19,111,90.57,0,0,8.2,0.0,0.0,13,0.88,62.45,534.28
2023-08-21,S003,P004,Toys,24,100,326.13,0,0,15.1,0.0,0.0,9,0.93,156.13,4080.0
2023-08-21,S003,P005,Electronics,22,93,260.0,0,0,17.6,3.8,0.0,7,0.73,166.74,2051.72
2023-08-22,S001,P001,Clothing,16,92,315.64,0,0,-0.8,0.0,0.0,9,0.74,179.21,2182.88
2023-08-22,S001,P002,Food,16,131,244.26,0,0,10.5,0.5,0.0,2,0.91,157.19,1393.12
2023-08-22,S001,P003,Home,32,94,109.92,0,0,14.1,0.0,0.0,9,0.85,57.71,1670.72
2023-08-22,S001,P004,Toys,20,88,462.6,0,0,34.8,0.0,0.0,3,0.75,321.27,2826.6
2023-08-22,S001,P005,Electronics,22,87,255.3,0,0,5.8,0.0,0.0,12,0.77,199.53,1226.94
2023-08-22,S002,P001,Clothing,18,144,62.37,0,0,15.9,5.5,0.0,8,0.71,30.23,578.52
2023-08-22,S002,P002,Food,29,119,103.27,0,0,1.5,1.2,0.0,12,0.91,52.93,1459.86
2023-08-22,S002,P003,Home,23,102,484.93,0,0,22.4,7.5,0.0,10,0.8,246.93,5474.0
2023-08-22,S002,P004,Toys,20,76,361.04,0,0,,6.3,0.0,5,0.91,232.47,2571.4
2023-08-22,S002,P005,Electronics,14,91,318.0,0,0,26.6,7.4,0.0,6,0.72,190.96,1778.56
2023-08-22,S003,P001,Clothing,18,95,496.56,0,0,25.5,5.3,0.0,4,0.8,287.53,3762.54
2023-08-22,S003,P002,Food,17,80,456.67,0,0,18.0,2.7,0.0,12,1.0,197.9,4399.09
2023-08-22,S003,P003,Home,19,84,42.83,0,0,16.4,7.7,0.0,5,0.76,18.5,462.27
2023-08-22,S003,P004,Toys,25,86,424.59,0,0,21.3,0.0,0.0,8,0.89,222.49,5052.5
2023-08-22,S003,P005,Electronics,30,113,224.18,0,0,24.2,0.0,0.0,9,0.94,109.24,3448.2
2023-08-23,S001,P001,Clothing,15,105,326.8,0,0,6.6,0.0,0.0,2,0.98,134.46,2885.1
2023-08-23,S001,P002,Food,27,102,50.72,0,0,5.2,0.0,0.0,3,,30.31,551.07
2023-08-23,S001,P003,Home,14,103,476.02,0,0,21.4,9.8,0.0,6,0.75,200.84,3852.52
2023-08-23,S001,P004,Toys,16,105,253.56,0,0,20.1,,0.0,4,0.88,132.88,1930.88
2023-08-23,S001,P005,Electronics,17,79,309.95,0,0,25.7,9.2,0.0,4,0.89,177.59,2250.12
2023-08-23,S002,P001,Clothing,19,125,144.15,0,0,-0.6,5.3,0.0,2,0.94,101.4,812.25
2023-08-23,S002,P002,Food,22,144,395.29,0,0,28.7,1.7,0.0,8,0.78,172.25,4906.88
2023-08-23,S002,P003,Home,37,128,399.17,1,0,23.2,3.3,0.2,3,0.71,287.37,1182.74
2023-08-23,S002,P004,Toys,13,148,53.41,0,0,37.4,8.9,0.0,10,0.94,36.85,215.28
2023-08-23,S002,P005,Electronics,21,68,407.36,0,0,14.9,7.2,0.0,5,0.73,255.64,3186.12
2023-08-23,S003,P001,Clothing,15,64,338.43,0,0,15.6,0.0,0.0,4,0.74,235.43,1545.0
2023-08-23,S003,P002,Food,18,116,133.82,0,0,39.6,0.0,0.0,13,0.97,60.15,1326.06
2023-08-23,S003,P003,Home,13,97,49.18,0,0,38.2,5.5,0.0,8,,29.56,255.06
2023-08-23,S003,P004,Toys,24,95,146.45,0,0,29.4,7.3,0.0,9,0.83,75.54,1701.84
2023-08-23,S003,P005,Electronics,125,68,37.47,0,0,36.4,0.0,0.0,6,,26.2,281.75
2023-08-24,S001,P001,Clothing,33,85,348.53,1,0,22.5,4.6,0.29,6,0.79,159.06,2917.08
2023-08-24,S001,P002,Food,26,119,254.14,0,0,18.2,0.0,0.0,9,0.98,152.95,2630.94
2023-08-24,S001,P003,Home,31,100,429.07,0,0,,0.0,0.0,13,0.83,254.0,5427.17
2023-08-24,S001,P004,Toys,14,97,241.5,0,0,27.6,,0.0,11,0.75,192.91,680.26
2023-08-24,S001,P005,Electronics,13,117,20.45,0,0,27.9,0.0,0.0,2,0.97,11.37,118.04
2023-08-24,S002,P001,Clothing,10,58,39.35,0,0,12.9,0.0,0.0,6,0.95,19.93,194.2
2023-08-24,S002,P002,Food,21,91,301.58,0,0,17.7,,0.0,9,0.77,218.36,1747.62
2023-08-24,S002,P003,Home,21,98,237.45,0,0,28.1,6.6,0.0,13,0.96,166.79,1483.86
2023-08-24,S002,P004,Toys,21,125,329.39,0,0,14.7,,0.0,5,0.71,223.0,2234.19
2023-08-24,S002,P005,Electronics,19,89,138.02,0,0,30.8,,0.0,3,0.9,60.63,1470.41
2023-08-24,S003,P001,Clothing,26,100,302.98,0,0,6.3,0.0,0.0,7,0.75,134.41,4382.82
2023-08-24,S003,P002,Food,19,100,358.75,0,0,-1.2,2.4,0.0,9,0.7,183.32,3333.17
2023-08-24,S003,P003,Home,17,49,367.43,0,0,30.3,0.0,0.0,7,0.97,187.09,3065.78
2023-08-24,S003,P004,Toys,23,82,104.02,0,0,21.1,6.4,0.0,4,,53.07,1171.85
2023-08-24,S003,P005,Electronics,20,78,416.23,0,0,20.6,0.0,0.0,12,0.79,190.53,4514.0
2023-08-25,S001,P001,Clothing,20,79,467.67,0,0,37.6,0.5,0.0,8,0.91,356.8,2217.4
2023-08-25,S001,P002,Food,23,98,485.98,0,0,11.2,12.4,0.0,9,0.92,254.73,5318.75
2023-08-25,S001,P003,Home,16,65,498.79,0,0,25.2,5.2,0.0,3,0.79,381.46,1877.28
2023-08-25,S001,P004,Toys,16,117,125.41,0,0,9.5,8.6,0.0,3,0.81,82.23,690.88
2023-08-25,S001,P005,Electronics,20,124,493.26,0,0,38.8,0.0,0.0,9,0.84,257.42,4716.8
2023-08-25,S002,P001,Clothing,16,76,89.41,0,0,22.2,7.9,0.0,3,0.9,39.43,799.68
2023-08-25,S002,P002,Food,28,130,493.88,0,0,16.1,6.1,0.0,9,0.74,203.74,8123.92
2023-08-25,S002,P003,Home,18,93,210.05,0,0,27.4,0.0,0.0,13,0.93,101.82,1948.14
2023-08-25,S002,P004,Toys,90,122,153.05,0,0,20.6,0.0,0.0,11,0.96,94.54,1053.18
2023-08-25,S002,P005,Electronics,19,82,429.31,0,0,-0.9,6.3,0.0,11,0.85,182.69,4685.78
2023-08-25,S003,P001,Clothing,19,96,128.41,0,0,19.9,0.0,0.0,9,0.91,76.49,986.48
2023-08-25,S003,P002,Food,19,90,88.33,0,0,21.4,1.9,0.0,9,0.91,68.91,368.98
2023-08-25,S003,P003,Home,21,128,125.84,0,0,40.8,4.9,0.0,5,0.91,58.99,1403.85
2023-08-25,S003,P004,Toys,18,118,76.67,0,0,8.6,0.0,0.0,10,0.89,32.17,801.0
2023-08-25,S003,P005,Electronics,28,99,333.35,1,0,13.4,0.8,0.28,3,0.82,158.64,2278.42
2023-08-26,S001,P001,Clothing,24,111,415.53,0,0,,5.4,0.0,8,0.85,283.74,3162.96
2023-08-26,S001,P002,Food,28,84,273.27,0,0,21.7,6.8,0.0,10,0.84,146.05,3562.16
2023-08-26,S001,P003,Home,26,131,495.84,0,0,12.8,0.0,0.0,11,0.82,341.17,4021.42
2023-08-26,S001,P004,Toys,13,60,83.3,0,0,28.3,9.3,0.0,5,0.9,66.58,217.36
2023-08-26,S001,P005,Electronics,13,101,382.15,0,0,17.6,5.7,0.0,6,0.76,216.24,2156.83
2023-08-26,S002,P001,Clothing,22,96,52.08,0,0,61.0,0.0,0.0,8,0.85,25.61,582.34
2023-08-26,S002,P002,Food,25,74,432.22,0,0,10.8,0.0,0.0,12,0.74,236.44,4894.5
2023-08-26,S002,P003,Home,20,84,479.34,0,0,29.9,0.0,0.0,11,0.98,198.28,5621.2
2023-08-26,S002,P004,Toys,41,84,439.34,1,0,20.5,9.1,0.08,10,0.88,321.84,3376.46
2023-08-26,S002,P005,Electronics,16,120,224.04,0,0,7.0,6.5,0.0,6,0.9,175.64,774.4
2023-08-26,S003,P001,Clothing,25,80,272.85,0,0,11.2,4.1,0.0,8,0.92,197.02,1895.75
2023-08-26,S003,P002,Food,24,79,359.36,0,0,38.0,1.0,0.0,5,0.98,260.91,2362.8
2023-08-26,S003,P003,Home,29,101,381.87,0,0,17.8,4.5,0.0,4,,204.84,5133.87
2023-08-26,S003,P004,Toys,28,135,44.76,0,0,19.8,11.1,0.0,12,0.8,23.74,588.56
2023-08-26,S003,P005,Electronics,20,84,331.6,0,0,15.9,0.0,0.0,1,0.95,255.53,1521.4
2023-08-27,S001,P001,Clothing,13,123,181.03,0,0,35.6,7.0,0.0,1,0.93,132.59,629.72
2023-08-27,S001,P002,Food,26,108,437.22,0,0,,6.0,0.0,4,0.76,343.45,2438.02
2023-08-27,S001,P003,Home,30,113,102.07,0,1,3.8,8.0,0.0,9,0.92,61.56,1215.3
2023-08-27,S001,P004,Toys,18,122,193.21,0,0,,5.8,0.0,2,0.87,99.65,1684.08
2023-08-27,S001,P005,Electronics,17,73,447.42,0,0,20.8,,0.0,11,0.71,213.48,3976.98
2023-08-27,S001,P005,Electronics,17,73,447.42,0,0,20.8,,0.0,11,0.71,213.48,3976.98
2023-08-27,S002,P001,Clothing,25,77,382.84,0,0,29.1,0.9,0.0,1,0.75,203.83,4475.25
2023-08-27,S002,P002,Food,22,85,98.66,0,1,,0.0,0.0,2,0.81,62.45,796.62
2023-08-27,S002,P003,Home,28,85,238.14,0,0,40.6,0.0,0.0,11,0.96,129.32,3046.96
2023-08-27,S002,P004,Toys,27,64,449.92,0,0,24.4,1.8,0.0,1,,201.81,6698.97
2023-08-27,S002,P005,Electronics,19,78,455.23,0,0,20.9,2.5,0.0,10,0.93,311.96,2722.13
2023-08-27,S003,P001,Clothing,13,105,199.38,0,0,0.3,4.7,0.0,10,0.75,152.37,611.13
2023-08-27,S003,P002,Food,22,65,320.83,0,0,30.1,4.1,0.0,5,0.85,233.44,1922.58
2023-08-27,S003,P003,Home,28,89,55.06,0,0,1.8,3.6,0.0,7,0.85,29.39,718.76
2023-08-27,S003,P004,Toys,30,68,110.69,0,0,3.3,5.1,0.0,4,0.97,77.5,995.7
2023-08-27,S003,P005,Electronics,18,119,478.24,0,0,26.1,0.0,0.0,5,0.98,193.26,5129.64
2023-08-28,S001,P001,Clothing,28,116,43.74,0,0,24.4,2.6,0.0,5,0.84,20.87,640.36
2023-08-28,S001,P002,Food,28,118,149.79,0,0,29.5,3.3,0.0,5,0.93,104.41,1270.64
2023-08-28,S001,P003,Home,19,75,84.64,0,0,8.5,12.3,0.0,12,0.93,39.45,858.61
2023-08-28,S001,P004,Toys,14,53,487.76,0,0,,2.0,0.0,1,0.8,280.49,2901.78
2023-08-28,S001,P005,Electronics,19,84,123.94,0,0,8.2,0.0,0.0,1,0.8,73.68,954.94
2023-08-28,S002,P001,Clothing,21,107,496.24,0,0,,1.7,0.0,10,0.91,368.08,2691.36
2023-08-28,S002,P002,Food,19,94,270.08,0,0,17.9,0.0,0.0,11,0.96,162.2,2049.72
2023-08-28,S002,P003,Home,25,51,288.84,1,1,10.0,,0.21,1,0.98,202.07,652.84
2023-08-28,S002,P004,Toys,20,102,432.11,0,0,30.4,0.0,0.0,1,0.99,322.35,2195.2
2023-08-28,S002,P005,Electronics,24,81,210.93,0,0,23.6,0.0,0.0,11,0.9,90.29,2895.36
2023-08-28,S003,P001,Clothing,20,159,472.17,0,0,8.9,0.0,0.0,3,0.97,217.66,5090.2
2023-08-28,S003,P002,Food,16,70,248.78,0,0,5.5,0.0,0.0,13,0.95,164.42,1349.76
2023-08-28,S003,P003,Home,18,81,131.13,0,0,12.5,0.0,0.0,8,0.98,92.7,691.74
2023-08-28,S003,P004,Toys,18,92,114.95,1,0,3.8,10.9,0.27,2,0.82,91.58,-138.0
2023-08-28,S003,P005,Electronics,12,129,313.11,0,0,-4.5,0.0,0.0,6,0.89,212.03,1212.96
2023-08-29,S001,P001,Clothing,18,125,404.97,0,1,14.8,3.4,0.0,11,0.71,281.51,2222.28
2023-08-29,S001,P002,Food,20,116,89.45,0,0,22.4,9.9,0.0,12,,49.39,801.2
2023-08-29,S001,P003,Home,18,127,12.84,0,0,13.4,1.5,0.0,11,0.86,8.09,85.5
2023-08-29,S001,P004,Toys,30,109,371.48,0,0,15.3,0.0,0.0,3,0.91,279.22,2767.8
2023-08-29,S001,P005,Electronics,30,101,50.69,1,0,15.3,2.4,0.18,11,1.0,35.42,184.37
2023-08-29,S002,P001,Clothing,100,94,337.47,0,0,18.2,0.0,0.0,3,0.75,144.96,3850.2
2023-08-29,S002,P002,Food,24,119,313.27,0,0,19.3,6.2,0.0,8,0.72,195.42,2828.4
2023-08-29,S002,P003,Home,15,107,401.61,0,0,6.4,0.0,0.0,7,0.74,244.81,2352.0
2023-08-29,S002,P004,Toys,21,62,349.33,0,0,32.2,0.0,0.0,11,0.72,186.06,3428.67
2023-08-29,S002,P005,Electronics,16,121,387.96,0,0,12.7,4.9,0.0,12,0.93,207.14,2893.12
2023-08-29,S003,P001,Clothing,17,123,163.51,0,0,24.4,4.5,0.0,7,0.76,113.18,855.61
2023-08-29,S003,P002,Food,85,146,433.37,0,0,22.4,2.7,0.0,4,0.96,251.78,3087.03
2023-08-29,S003,P003,Home,21,90,316.67,0,0,30.3,,0.0,9,0.76,178.97,2891.7
2023-08-29,S003,P004,Toys,21,91,179.84,1,0,42.1,0.0,0.28,2,0.84,106.4,484.78
2023-08-29,S003,P005,Electronics,19,94,473.35,0,0,19.8,5.9,0.0,12,0.86,240.47,4424.72
2023-08-30,S001,P001,Clothing,21,86,170.37,0,0,14.8,0.0,0.0,2,0.75,95.76,1566.81
2023-08-30,S001,P002,Food,21,134,296.18,0,0,8.1,0.6,0.0,8,0.9,182.95,2377.83
2023-08-30,S001,P003,Home,24,83,79.79,0,0,6.0,7.4,0.0,11,0.79,56.3,563.76
2023-08-30,S001,P004,Toys,25,59,331.54,0,0,25.4,5.7,0.0,8,0.89,226.31,2630.75
2023-08-30,S001,P005,Electronics,15,82,409.13,0,0,14.3,17.0,0.0,3,0.83,193.63,3232.5
2023-08-30,S002,P001,Clothing,13,88,65.54,0,0,35.6,0.6,0.0,2,,27.9,489.32
2023-08-30,S002,P002,Food,19,92,25.83,0,0,40.0,0.0,0.0,8,,11.38,274.55
2023-08-30,S002,P003,Home,20,108,131.66,0,0,13.8,0.0,0.0,9,0.99,57.61,1481.0
2023-08-30,S002,P004,Toys,23,128,463.2,0,0,11.4,0.0,0.0,1,0.73,278.24,4254.08
2023-08-30,S002,P005,Electronics,20,110,451.83,0,0,23.3,2.0,0.0,10,0.72,208.74,4861.8
2023-08-30,S003,P001,Clothing,13,101,63.17,0,0,18.3,7.9,0.0,7,0.71,47.78,200.07
2023-08-30,S003,P002,Food,16,109,50.46,0,0,20.6,0.0,0.0,8,0.76,22.39,449.12
2023-08-30,S003,P003,Home,21,76,62.04,0,0,13.8,1.3,0.0,12,0.87,39.29,477.75
2023-08-30,S003,P004,Toys,20,100,435.93,0,0,21.9,0.0,0.0,8,0.88,269.74,3323.8
2023-08-30,S003,P005,Electronics,15,99,278.24,0,0,23.9,0.0,0.0,1,0.93,177.44,1512.0
2023-08-30,S003,P005,Electronics,15,99,278.24,0,0,23.9,0.0,0.0,1,0.93,177.44,1512.0
2023-08-31,S001,P001,Clothing,20,87,335.05,0,0,6.3,6.9,0.0,2,0.9,174.42,3212.6
2023-08-31,S001,P002,Food,13,145,423.7,0,0,22.4,0.0,0.0,7,0.86,266.48,2043.86
2023-08-31,S001,P003,Home,16,107,409.43,0,0,9.1,2.4,0.0,8,0.75,304.92,1672.16
2023-08-31,S001,P004,Toys,21,83,95.72,0,0,12.9,0.0,0.0,8,0.72,57.14,810.18
2023-08-31,S001,P005,Electronics,15,143,290.76,0,0,6.0,6.7,0.0,9,0.77,153.02,2066.1
2023-08-31,S002,P001,Clothing,18,115,57.87,0,0,35.1,0.0,0.0,7,0.89,34.21,425.88
2023-08-31,S002,P002,Food,21,82,379.21,0,0,5.5,1.5,0.0,6,0.97,227.52,3185.49
2023-08-31,S002,P003,Home,17,106,133.9,0,0,11.3,3.2,0.0,2,0.76,94.8,664.7
2023-08-31,S002,P004,Toys,20,79,288.25,0,0,16.6,7.2,0.0,9,0.95,162.12,2522.6
2023-08-31,S002,P005,Electronics,18,148,107.15,0,0,16.8,2.2,0.0,10,0.89,66.34,734.58
2023-08-31,S003,P001,Clothing,23,88,479.05,0,0,14.3,7.1,0.0,3,0.8,331.3,3398.25
2023-08-31,S003,P002,Food,21,93,403.79,0,0,28.9,7.1,0.0,10,0.74,176.27,4777.92
2023-08-31,S003,P003,Home,28,106,113.39,1,0,7.5,1.1,0.11,12,0.83,50.83,1402.44
2023-08-31,S003,P004,Toys,23,97,64.47,0,0,,4.7,0.0,11,1.0,41.13,536.82
2023-08-31,S003,P005,Electronics,29,58,232.09,0,0,8.9,2.3,0.0,13,0.81,151.27,2343.78
2023-09-01,S001,P001,Clothing,24,64,466.47,0,0,19.0,9.4,0.0,7,1.0,321.93,3468.96
2023-09-01,S001,P002,Food,16,123,447.15,0,0,33.5,6.0,0.0,3,0.84,255.98,3058.72
2023-09-01,S001,P003,Home,31,98,429.74,1,0,11.7,0.0,0.13,1,0.89,205.04,5233.85
2023-09-01,S001,P004,Toys,34,78,129.65,1,1,18.4,2.8,0.22,6,0.97,57.18,1494.2
2023-09-01,S001,P005,Electronics,19,108,155.66,0,0,25.0,1.6,0.0,12,0.91,103.39,993.13
2023-09-01,S002,P001,Clothing,30,90,119.52,1,0,33.3,5.7,0.09,10,0.79,49.43,1780.0
2023-09-01,S002,P002,Food,15,95,288.48,0,0,11.2,0.0,0.0,5,0.98,222.81,985.05
2023-09-01,S002,P003,Home,20,78,371.4,0,0,24.6,0.0,0.0,12,0.82,232.71,2773.8
2023-09-01,S002,P004,Toys,18,131,375.15,0,0,43.2,0.0,0.0,3,0.98,237.63,2475.36
2023-09-01,S002,P005,Electronics,27,113,354.1,0,0,12.6,2.3,0.0,11,0.83,273.51,2175.93
2023-09-01,S003,P001,Clothing,25,67,335.55,0,0,21.9,4.0,0.0,4,0.78,213.79,3044.0
2023-09-01,S003,P002,Food,21,147,382.08,0,0,,4.4,0.0,7,0.85,294.39,1841.49
2023-09-01,S003,P003,Home,21,45,173.2,0,0,16.3,,0.0,13,,85.55,1840.65
2023-09-01,S003,P004,Toys,11,122,217.63,0,0,29.4,3.0,0.0,11,0.88,91.25,1390.18
2023-09-01,S003,P005,Electronics,21,84,201.46,0,0,7.0,1.8,0.0,5,0.82,99.14,2148.72
2023-09-02,S001,P001,Clothing,35,120,21.11,0,0,20.3,3.5,0.0,5,0.81,11.57,333.9
2023-09-02,S001,P002,Food,26,93,221.34,0,0,9.3,0.2,0.0,5,0.75,107.75,2953.34
2023-09-02,S001,P003,Home,22,85,159.97,0,0,10.4,1.0,0.0,7,0.83,80.7,1743.94
2023-09-02,S001,P004,Toys,20,80,376.85,0,0,10.7,3.2,0.0,8,0.99,231.54,2906.2
2023-09-02,S001,P005,Electronics,17,95,298.59,0,0,24.1,0.3,0.0,7,0.83,216.27,1399.44
2023-09-02,S002,P001,Clothing,23,106,337.85,0,0,13.9,2.1,0.0,9,0.77,222.41,2655.12
2023-09-02,S002,P002,Food,19,131,441.03,0,0,-11.5,7.7,0.0,10,0.71,286.53,2935.5
2023-09-02,S002,P003,Home,24,89,288.98,0,0,25.8,5.3,0.0,9,0.81,202.51,2075.28
2023-09-02,S002,P004,Toys,20,71,60.72,0,0,12.0,8.5,0.0,4,0.94,32.72,560.0
2023-09-02,S002,P005,Electronics,15,99,36.88,0,0,28.2,5.4,0.0,7,0.99,24.69,182.85
2023-09-02,S003,P001,Clothing,23,111,241.94,0,0,26.8,0.0,0.0,11,0.82,106.54,3114.2
2023-09-02,S003,P002,Food,17,82,468.93,0,0,4.1,7.7,0.0,12,0.74,307.61,2742.44
2023-09-02,S003,P003,Home,22,100,212.49,0,0,-1.7,1.9,0.0,4,0.85,111.37,2224.64
2023-09-02,S003,P004,Toys,39,122,34.34,1,0,16.4,,0.06,2,0.73,25.75,254.65
2023-09-02,S003,P005,Electronics,25,152,429.54,0,0,20.5,2.4,0.0,1,0.72,206.65,5572.25
2023-09-03,S001,P001,Clothing,19,87,443.53,0,0,27.8,1.2,0.0,12,0.99,192.38,4771.85
2023-09-03,S001,P002,Food,22,82,487.59,0,0,34.8,0.0,0.0,9,0.95,243.6,5367.78
2023-09-03,S001,P003,Home,27,83,159.56,0,0,,0.0,0.0,2,0.8,113.31,1248.75
2023-09-03,S001,P004,Toys,16,125,54.36,0,0,28.1,2.8,0.0,10,0.72,39.19,242.72
2023-09-03,S001,P005,Electronics,22,111,251.03,0,0,17.5,0.0,0.0,9,0.85,170.85,1763.96
2023-09-03,S002,P001,Clothing,26,97,460.85,0,0,35.3,0.0,0.0,1,0.72,322.26,3603.34
2023-09-03,S002,P002,Food,42,74,151.83,1,0,31.3,0.0,0.07,9,,96.65,1871.18
2023-09-03,S002,P003,Home,31,106,185.35,0,1,20.1,9.9,0.0,9,,115.78,2156.67
2023-09-03,S002,P004,Toys,20,79,252.11,0,0,3.4,7.2,0.0,7,0.71,153.79,1966.4
2023-09-03,S002,P005,Electronics,28,63,225.18,0,0,20.0,0.0,0.0,12,0.73,121.31,2908.36
2023-09-03,S003,P001,Clothing,31,119,71.91,0,0,49.4,7.7,0.0,6,0.98,33.92,1177.69
2023-09-03,S003,P002,Food,115,103,225.65,0,0,25.7,11.4,0.0,2,0.96,101.84,2847.63
2023-09-03,S003,P003,Home,28,76,117.99,0,0,34.4,3.0,0.0,2,0.78,51.72,1855.56
2023-09-03,S003,P004,Toys,28,82,329.61,0,0,10.1,2.8,0.0,5,0.87,155.31,4880.4
2023-09-03,S003,P005,Electronics,23,102,12.16,0,0,,4.1,0.0,8,0.9,6.17,137.77
2023-09-04,S001,P001,Clothing,19,60,169.75,0,0,26.6,0.0,0.0,6,0.71,70.36,1888.41
2023-09-04,S001,P002,Food,17,89,237.73,0,0,19.3,,0.0,8,0.9,157.85,1357.96
2023-09-04,S001,P003,Home,14,124,478.33,0,0,15.4,0.0,0.0,3,0.92,219.82,3619.14
2023-09-04,S001,P004,Toys,15,69,93.85,0,0,32.4,0.0,0.0,13,0.94,45.31,728.1
2023-09-04,S001,P005,Electronics,19,104,308.42,0,0,36.5,2.1,0.0,5,1.0,213.66,1800.44
2023-09-04,S002,P001,Clothing,23,140,258.43,0,0,11.0,7.0,0.0,6,0.87,172.95,1966.04
2023-09-04,S002,P002,Food,18,127,112.14,0,0,6.7,0.5,0.0,5,0.78,84.24,502.2
2023-09-04,S002,P003,Home,20,96,228.47,0,0,7.6,0.3,0.0,8,0.84,119.44,2180.6
2023-09-04,S002,P004,Toys,24,128,257.14,0,0,5.7,0.7,0.0,12,0.88,147.31,2635.92
2023-09-04,S002,P005,Electronics,19,101,70.81,1,0,,11.9,0.13,10,0.72,45.84,299.53
2023-09-04,S003,P001,Clothing,18,84,209.89,0,0,29.4,1.6,0.0,4,0.72,155.1,986.22
2023-09-04,S003,P002,Food,24,94,447.56,0,0,26.4,,0.0,5,0.76,201.64,5902.08
2023-09-04,S003,P003,Home,19,88,428.94,0,1,19.0,2.1,0.0,10,0.88,200.22,4345.68
2023-09-04,S003,P004,Toys,95,118,244.21,0,0,5.6,0.7,0.0,3,0.84,190.8,1014.79
2023-09-04,S003,P005,Electronics,16,117,415.92,0,0,27.1,0.0,0.0,10,0.9,197.7,3491.52
2023-09-05,S001,P001,Clothing,20,92,305.4,0,0,27.3,0.5,0.0,11,0.81,148.59,3136.2
2023-09-05,S001,P002,Food,27,86,177.91,0,0,28.5,0.7,0.0,9,0.9,111.34,1797.39
2023-09-05,S001,P003,Home,19,120,29.48,0,0,36.6,4.5,0.0,13,0.95,17.05,236.17
2023-09-05,S001,P004,Toys,20,100,479.55,0,0,11.9,3.2,0.0,4,0.96,357.55,2440.0
2023-09-05,S001,P005,Electronics,19,65,153.29,0,0,3.3,0.0,0.0,7,0.91,82.49,1345.2
2023-09-05,S002,P001,Clothing,21,109,37.97,0,0,31.3,4.6,0.0,9,0.76,23.83,296.94
2023-09-05,S002,P002,Food,22,121,28.67,0,0,25.8,8.3,0.0,6,0.92,13.13,341.88
2023-09-05,S002,P003,Home,22,129,168.6,1,0,28.8,0.0,0.08,5,0.93,125.86,643.54
2023-09-05,S002,P004,Toys,17,96,405.71,0,0,4.6,0.0,0.0,2,0.9,251.52,2621.23
2023-09-05,S002,P005,Electronics,18,91,368.09,0,0,31.4,0.0,0.0,12,0.91,218.8,2687.22
2023-09-05,S003,P001,Clothing,23,100,498.15,0,0,23.3,6.2,0.0,10,0.82,337.86,3686.67
2023-09-05,S003,P002,Food,27,111,159.82,0,0,40.2,0.6,0.0,6,0.84,81.78,2107.08
2023-09-05,S003,P003,Home,19,94,13.66,0,1,17.4,0.0,0.0,1,0.99,10.74,55.48
2023-09-05,S003,P004,Toys,19,88,376.17,0,0,31.0,5.8,0.0,5,0.71,250.01,2397.04
2023-09-05,S003,P005,Electronics,21,97,196.81,0,0,31.5,0.0,0.0,2,0.89,137.29,1249.92
2023-09-06,S001,P001,Clothing,19,85,116.63,0,0,27.4,0.0,0.0,8,0.74,92.27,462.84
2023-09-06,S001,P002,Food,16,73,362.04,0,0,14.3,7.3,0.0,13,0.72,235.48,2024.96
2023-09-06,S001,P003,Home,17,108,205.76,0,0,13.4,0.0,0.0,6,0.73,144.15,1047.37
2023-09-06,S001,P004,Toys,26,80,247.52,0,1,9.1,2.5,0.0,1,0.98,103.07,3755.7
2023-09-06,S001,P005,Electronics,18,108,139.39,0,0,36.4,12.0,0.0,13,,85.97,961.56
2023-09-06,S002,P001,Clothing,23,115,39.39,0,0,32.6,8.3,0.0,12,0.92,28.9,241.27
2023-09-06,S002,P002,Food,23,109,255.9,0,0,5.9,3.8,0.0,6,0.85,140.2,2661.1
2023-09-06,S002,P003,Home,19,75,400.24,0,1,8.2,,0.0,6,0.95,210.8,3599.36
2023-09-06,S002,P004,Toys,17,111,304.66,0,0,8.8,8.4,0.0,12,0.91,193.84,1883.94
2023-09-06,S002,P005,Electronics,20,99,495.18,0,0,15.1,4.7,0.0,8,0.93,262.73,4649.0
2023-09-06,S003,P001,Clothing,23,89,394.1,0,0,29.6,0.0,0.0,3,0.82,270.76,2836.82
2023-09-06,S003,P002,Food,30,104,236.28,1,0,,0.0,0.23,7,0.71,118.4,1906.07
2023-09-06,S003,P003,Home,30,118,37.03,1,0,42.3,0.0,0.15,2,0.83,24.52,208.67
2023-09-06,S003,P004,Toys,18,99,182.52,0,0,42.9,0.0,0.0,5,0.82,108.84,1326.24
2023-09-06,S003,P005,Electronics,30,82,245.95,0,0,18.6,0.0,0.0,12,0.9,110.98,4049.1
2023-09-07,S001,P001,Clothing,28,89,458.31,0,0,17.2,0.4,0.0,11,0.7,209.54,6965.56
2023-09-07,S001,P002,Food,12,127,424.21,0,0,11.1,0.0,0.0,7,0.91,311.42,1353.48
2023-09-07,S001,P003,Home,18,59,337.42,0,0,19.8,3.7,0.0,4,0.71,250.57,1563.3
2023-09-07,S001,P004,Toys,12,103,24.56,0,0,19.3,3.1,0.0,1,0.73,13.27,135.48
2023-09-07,S001,P005,Electronics,21,95,110.55,0,0,34.1,0.0,0.0,10,0.88,52.03,1228.92
2023-09-07,S002,P001,Clothing,31,109,92.14,1,0,30.2,4.8,0.14,4,0.9,40.78,1192.27
2023-09-07,S002,P002,Food,32,75,106.64,0,0,26.0,2.4,0.0,6,0.7,71.61,1120.96
2023-09-07,S002,P003,Home,19,99,443.68,0,0,26.9,0.7,0.0,4,0.93,313.43,2474.75
2023-09-07,S002,P004,Toys,17,95,383.0,0,0,23.5,0.0,0.0,13,0.79,300.82,1397.06
2023-09-07,S002,P005,Electronics,18,99,12.17,0,1,31.7,,0.0,1,0.98,5.62,117.9
2023-09-07,S003,P001,Clothing,22,85,62.02,0,0,41.9,5.7,0.0,7,0.77,36.92,552.2
2023-09-07,S003,P002,Food,25,110,293.39,1,0,21.0,3.3,0.28,11,0.88,174.4,921.02
2023-09-07,S003,P003,Home,12,111,73.12,0,0,36.2,0.5,0.0,12,0.97,50.42,272.4
2023-09-07,S003,P004,Toys,17,104,420.21,0,0,22.4,0.0,0.0,4,0.95,309.43,1883.26
2023-09-07,S003,P005,Electronics,20,94,369.19,0,0,17.1,3.3,0.0,10,0.74,259.79,2188.0
2023-09-08,S001,P001,Clothing,29,128,347.59,0,0,16.8,0.0,0.0,5,0.94,147.16,5812.47
2023-09-08,S001,P002,Food,14,54,285.99,0,0,17.2,0.0,0.0,8,0.86,228.09,810.6
2023-09-08,S001,P003,Home,20,81,474.19,0,0,27.0,8.7,0.0,1,0.76,321.36,3056.6
2023-09-08,S001,P004,Toys,21,129,283.84,0,0,26.4,1.3,0.0,5,0.88,203.22,1693.02
2023-09-08,S001,P005,Electronics,25,97,483.53,0,1,21.3,0.0,0.0,10,0.96,367.7,2895.75
2023-09-08,S001,P005,Electronics,25,97,483.53,0,1,21.3,0.0,0.0,10,0.96,367.7,2895.75
2023-09-08,S002,P001,Clothing,26,116,316.29,0,0,35.0,6.1,0.0,11,0.89,225.93,2349.36
2023-09-08,S002,P002,Food,20,99,43.7,0,0,30.4,0.3,0.0,1,0.92,18.03,513.4
2023-09-08,S002,P003,Home,20,94,371.05,0,0,24.6,8.6,0.0,13,0.96,204.09,3339.2
2023-09-08,S002,P004,Toys,21,113,169.61,0,1,27.8,2.4,0.0,6,0.74,98.48,1493.73
2023-09-08,S002,P005,Electronics,20,111,413.25,0,0,34.6,5.1,0.0,12,0.87,268.64,2892.2
2023-09-08,S003,P001,Clothing,17,112,85.47,0,0,0.2,6.3,0.0,2,0.88,44.01,704.82
2023-09-08,S003,P002,Food,21,99,172.09,0,0,20.8,0.0,0.0,4,0.72,132.57,829.92
2023-09-08,S003,P003,Home,18,98,359.74,0,0,25.0,6.6,0.0,7,0.89,167.66,3457.44
2023-09-08,S003,P004,Toys,28,98,240.41,1,0,9.7,6.5,0.14,2,0.87,149.74,1596.35
2023-09-08,S003,P005,Electronics,20,74,379.35,0,0,24.3,9.2,0.0,12,0.74,284.96,1887.8
2023-09-09,S001,P001,Clothing,27,96,423.46,0,0,21.0,0.0,0.0,6,0.94,300.63,3316.41
2023-09-09,S001,P002,Food,25,69,74.64,0,0,21.2,,0.0,3,0.93,50.24,610.0
2023-09-09,S001,P003,Home,24,60,489.02,0,0,21.3,13.6,0.0,10,0.97,220.42,6446.4
2023-09-09,S001,P004,Toys,25,84,232.14,0,0,21.3,0.0,0.0,12,0.95,121.1,2776.0
2023-09-09,S001,P005,Electronics,26,83,277.89,0,0,7.0,2.9,0.0,8,0.93,125.93,3950.96
2023-09-09,S002,P001,Clothing,16,115,317.17,0,0,21.5,,0.0,13,0.91,173.13,2304.64
2023-09-09,S002,P002,Food,20,69,343.99,0,0,19.4,7.9,0.0,12,0.87,272.93,1421.2
2023-09-09,S002,P003,Home,18,116,266.98,0,0,28.8,0.0,0.0,3,0.92,116.46,2709.36
2023-09-09,S002,P004,Toys,18,114,305.3,0,0,16.6,,0.0,2,0.97,143.17,2918.34
2023-09-09,S002,P005,Electronics,13,107,27.22,0,0,17.5,1.8,0.0,4,0.88,18.83,109.07
2023-09-09,S003,P001,Clothing,23,122,199.75,0,0,8.9,0.0,0.0,3,0.76,82.15,2704.8
2023-09-09,S003,P002,Food,17,87,499.59,0,0,9.9,0.0,0.0,7,,280.84,3718.75
2023-09-09,S003,P003,Home,21,87,62.92,1,0,18.2,1.8,0.18,9,0.75,35.17,344.91
2023-09-09,S003,P004,Toys,20,73,342.32,0,0,19.9,,0.0,12,0.83,158.22,3682.0
2023-09-09,S003,P005,Electronics,23,129,376.69,0,0,25.8,0.0,0.0,4,0.73,193.2,4220.27
2023-09-10,S001,P001,Clothing,37,122,88.38,1,1,,1.0,0.25,1,0.86,58.59,284.71
2023-09-10,S001,P002,Food,30,101,250.58,0,0,7.1,0.0,0.0,4,0.72,107.46,4293.6
2023-09-10,S001,P003,Home,28,80,477.95,0,0,38.1,3.4,0.0,6,0.99,200.96,7755.72
2023-09-10,S001,P004,Toys,17,85,47.54,0,0,18.2,0.0,0.0,13,0.96,30.18,295.12
2023-09-10,S001,P005,Electronics,26,84,349.29,0,0,21.1,5.3,0.0,9,0.75,145.18,5306.86
2023-09-10,S002,P001,Clothing,17,93,164.74,0,0,15.2,0.0,0.0,3,0.95,100.38,1094.12
2023-09-10,S002,P002,Food,22,94,274.28,0,0,19.1,,0.0,12,0.83,110.85,3595.46
2023-09-10,S002,P003,Home,16,66,52.95,0,0,19.5,4.5,0.0,12,0.84,36.55,262.4
2023-09-10,S002,P004,Toys,22,126,114.51,0,0,9.9,4.1,0.0,5,0.71,54.41,1322.2
2023-09-10,S002,P005,Electronics,14,112,200.66,0,0,4.5,0.0,0.0,3,0.85,124.85,1061.34
2023-09-10,S003,P001,Clothing,24,104,63.41,0,0,24.0,4.9,0.0,13,0.88,37.89,612.48
2023-09-10,S003,P002,Food,20,89,477.58,0,0,9.9,20.9,0.0,5,0.9,283.81,3875.4
2023-09-10,S003,P003,Home,24,123,374.34,0,0,29.9,0.0,0.0,7,0.73,254.53,2875.44
2023-09-10,S003,P004,Toys,39,89,187.89,1,0,26.6,0.5,0.24,10,0.83,94.99,1864.45
2023-09-10,S003,P005,Electronics,26,102,120.55,0,0,9.9,0.9,0.0,13,,74.73,1191.32
2023-09-11,S001,P001,Clothing,19,90,415.05,0,0,,9.4,0.0,5,0.88,171.65,4624.6
2023-09-11,S001,P002,Food,19,121,256.11,0,0,16.2,2.3,0.0,8,0.9,201.77,1032.46
2023-09-11,S001,P003,Home,20,113,18.25,0,0,19.2,3.3,0.0,8,0.79,14.36,77.8
2023-09-11,S001,P004,Toys,21,88,272.51,0,0,24.8,8.1,0.0,8,,136.21,2862.3
2023-09-11,S001,P005,Electronics,33,78,90.47,1,0,8.6,6.4,0.2,2,0.72,63.13,305.12
2023-09-11,S002,P001,Clothing,19,75,490.2,0,0,24.7,0.0,0.0,6,0.76,233.63,4874.83
2023-09-11,S002,P002,Food,20,85,82.73,0,1,26.1,12.5,0.0,5,0.85,50.8,638.6
2023-09-11,S002,P003,Home,20,77,277.83,0,1,39.9,11.5,0.0,4,0.78,215.88,1239.0
2023-09-11,S002,P004,Toys,37,121,347.51,1,0,25.2,0.1,0.08,11,0.73,224.07,3538.65
2023-09-11,S002,P005,Electronics,18,80,239.48,0,0,29.4,2.2,0.0,8,0.76,185.6,969.84
2023-09-11,S003,P001,Clothing,13,133,249.27,0,0,31.0,0.0,0.0,2,0.72,163.73,1112.02
2023-09-11,S003,P002,Food,30,99,466.32,0,1,23.7,2.9,0.0,11,0.83,357.51,3264.3
2023-09-11,S003,P003,Home,16,127,480.52,0,0,14.8,11.8,0.0,6,0.91,300.9,2873.92
2023-09-11,S003,P004,Toys,30,80,434.97,1,0,28.2,1.6,0.09,9,0.82,268.2,3828.68
2023-09-11,S003,P005,Electronics,21,75,212.23,0,0,22.6,11.7,0.0,8,0.82,122.99,1874.04
2023-09-12,S001,P001,Clothing,21,117,463.94,0,0,39.1,6.9,0.0,7,0.84,314.27,3143.07
2023-09-12,S001,P002,Food,29,120,206.39,0,0,13.1,0.2,0.0,2,0.72,147.2,1716.51
2023-09-12,S001,P003,Home,22,70,483.57,0,0,27.6,0.0,0.0,3,0.98,194.17,6366.8
2023-09-12,S001,P004,Toys,19,121,334.2,0,1,34.4,4.6,0.0,13,0.96,221.21,2146.81
2023-09-12,S001,P005,Electronics,30,89,68.67,0,1,11.8,7.3,0.0,6,0.82,29.86,1164.3
2023-09-12,S002,P001,Clothing,26,96,378.48,0,0,,0.0,0.0,13,0.95,227.3,3930.68
2023-09-12,S002,P001,Clothing,26,96,378.48,0,0,,0.0,0.0,13,0.95,227.3,3930.68
2023-09-12,S002,P002,Food,14,112,346.6,0,0,13.0,3.4,0.0,7,0.82,229.94,1633.24
2023-09-12,S002,P003,Home,25,72,261.69,0,0,23.2,5.0,0.0,13,0.81,179.24,2061.25
2023-09-12,S002,P004,Toys,27,102,86.41,1,0,18.9,6.5,0.14,1,0.95,60.61,369.97
2023-09-12,S002,P005,Electronics,16,87,357.12,0,0,5.7,0.0,0.0,12,0.81,164.14,3087.68
2023-09-12,S003,P001,Clothing,22,79,401.69,0,1,30.2,4.8,0.0,4,0.72,223.21,3926.56
2023-09-12,S003,P002,Food,22,74,328.62,1,0,21.4,,0.12,13,0.84,161.49,2809.3
2023-09-12,S003,P003,Home,13,125,41.05,0,0,7.2,0.0,0.0,1,0.76,18.32,295.49
2023-09-12,S003,P004,Toys,27,59,428.76,0,0,18.8,2.3,0.0,13,0.98,327.75,2727.27
2023-09-12,S003,P005,Electronics,23,59,458.16,0,0,12.5,0.0,0.0,4,0.86,284.59,3992.11
2023-09-13,S001,P001,Clothing,18,64,340.86,0,0,26.3,,0.0,12,0.97,165.64,3153.96
2023-09-13,S001,P002,Food,13,89,415.86,0,0,34.9,6.1,0.0,6,0.9,257.62,2057.12
2023-09-13,S001,P003,Home,14,79,139.55,0,0,16.6,,0.0,1,0.91,55.96,1170.26
2023-09-13,S001,P004,Toys,18,100,191.47,0,0,17.9,2.5,0.0,8,0.73,132.05,1069.56
2023-09-13,S001,P005,Electronics,17,43,335.93,0,0,11.7,0.0,0.0,1,0.81,217.3,2016.71
2023-09-13,S002,P001,Clothing,18,102,40.29,0,0,25.5,0.5,0.0,8,0.88,18.63,389.88
2023-09-13,S002,P002,Food,21,77,116.68,0,0,26.0,0.0,0.0,13,0.87,78.0,812.28
2023-09-13,S002,P003,Home,23,127,457.28,0,0,2.2,0.0,0.0,9,0.7,236.85,5069.89
2023-09-13,S002,P003,Home,23,127,457.28,0,0,2.2,0.0,0.0,9,0.7,236.85,5069.89
2023-09-13,S002,P004,Toys,19,64,34.02,0,0,19.0,0.0,0.0,2,0.87,17.49,314.07
2023-09-13,S002,P005,Electronics,19,65,247.14,0,0,18.0,0.0,0.0,2,0.89,144.83,1943.89
2023-09-13,S003,P001,Clothing,18,73,24.52,0,0,11.5,,0.0,2,0.96,15.01,171.18
2023-09-13,S003,P002,Food,25,90,251.23,1,0,21.3,7.5,0.28,8,0.74,129.12,1294.14
2023-09-13,S003,P003,Home,16,89,158.21,0,0,22.4,10.6,0.0,5,0.89,97.37,973.44
2023-09-13,S003,P004,Toys,24,98,400.18,0,0,19.5,0.0,0.0,12,0.78,260.63,3349.2
2023-09-13,S003,P005,Electronics,19,131,363.64,0,0,22.0,0.0,0.0,12,0.9,240.2,2345.36
2023-09-14,S001,P001,Clothing,22,70,299.44,0,0,23.6,1.7,0.0,7,0.89,149.86,3290.76
2023-09-14,S001,P002,Food,15,136,18.14,0,0,11.3,1.2,0.0,12,0.96,14.28,57.9
2023-09-14,S001,P003,Home,20,103,168.82,0,0,19.8,0.0,0.0,12,0.86,102.0,1336.4
2023-09-14,S001,P004,Toys,17,128,100.33,0,0,4.8,2.0,0.0,6,0.71,49.44,865.13
2023-09-14,S001,P005,Electronics,26,136,361.77,0,0,5.5,0.0,0.0,1,,161.05,5218.72
2023-09-14,S002,P001,Clothing,13,110,192.08,0,0,8.2,1.5,0.0,3,0.86,86.05,1378.39
2023-09-14,S002,P002,Food,18,90,322.65,0,0,18.9,2.6,0.0,3,0.87,164.96,2838.42
2023-09-14,S002,P003,Home,25,135,171.89,0,1,6.7,9.4,0.0,10,0.72,120.11,1294.5
2023-09-14,S002,P004,Toys,25,91,238.4,0,0,-3.1,0.0,0.0,4,0.82,184.7,1342.5
2023-09-14,S002,P005,Electronics,28,85,189.53,0,0,13.1,8.5,0.0,7,0.76,126.51,1764.56
2023-09-14,S003,P001,Clothing,28,95,278.75,0,0,34.2,1.9,0.0,12,0.75,173.69,2941.68
2023-09-14,S003,P002,Food,27,102,171.26,1,0,,4.0,0.07,9,0.76,112.18,1271.48
2023-09-14,S003,P003,Home,18,150,403.62,0,1,23.5,0.0,0.0,1,0.99,193.5,3782.16
2023-09-14,S003,P004,Toys,22,94,250.51,0,0,8.7,3.2,0.0,9,0.98,156.3,2072.62
2023-09-14,S003,P005,Electronics,17,89,442.51,0,0,-1.0,3.7,0.0,8,0.72,206.4,4013.87
2023-09-14,S003,P005,Electronics,17,89,442.51,0,0,-1.0,3.7,0.0,8,0.72,206.4,4013.87
2023-09-15,S001,P001,Clothing,22,75,254.21,0,0,22.5,0.0,0.0,12,0.91,180.33,1625.36
2023-09-15,S001,P002,Food,22,117,408.37,0,0,25.6,2.8,0.0,10,0.71,316.09,2030.16
2023-09-15,S001,P003,Home,19,57,286.23,0,0,23.1,9.5,0.0,5,0.99,166.39,2276.96
2023-09-15,S001,P004,Toys,19,86,162.3,0,0,-0.7,4.1,0.0,12,0.73,109.24,1008.14
2023-09-15,S001,P005,Electronics,19,96,58.37,0,0,10.4,5.6,0.0,12,0.79,33.76,467.59
2023-09-15,S002,P001,Clothing,19,93,260.83,0,0,,1.1,0.0,12,,116.95,2733.72
2023-09-15,S002,P002,Food,105,100,97.18,0,1,12.0,6.7,0.0,2,0.88,76.27,439.11
2023-09-15,S002,P003,Home,22,98,193.05,0,0,18.9,12.1,0.0,12,0.91,83.6,2407.9
2023-09-15,S002,P004,Toys,28,66,72.6,1,0,21.4,0.5,0.19,11,0.78,39.84,531.05
2023-09-15,S002,P005,Electronics,14,74,22.54,0,0,4.4,0.0,0.0,12,0.74,13.61,125.02
2023-09-15,S003,P001,Clothing,14,101,477.02,0,0,,,0.0,3,0.97,380.63,1349.46
2023-09-15,S003,P002,Food,22,110,294.61,0,1,20.8,5.0,0.0,8,0.98,176.18,2605.46
2023-09-15,S003,P003,Home,23,106,96.22,0,0,3.9,9.6,0.0,2,0.87,67.18,667.92
2023-09-15,S003,P004,Toys,22,112,311.64,0,0,12.6,4.8,0.0,11,0.85,146.99,3622.3
2023-09-15,S003,P005,Electronics,15,127,330.75,0,0,-11.2,0.8,0.0,11,0.93,161.66,2536.35
2023-09-16,S001,P001,Clothing,24,106,118.46,0,0,21.7,3.8,0.0,4,0.9,82.83,855.12
2023-09-16,S001,P002,Food,19,93,277.03,0,0,,0.0,0.0,4,0.8,155.7,2305.27
2023-09-16,S001,P003,Home,22,110,55.27,0,0,29.9,3.8,0.0,2,0.89,22.8,714.34
2023-09-16,S001,P004,Toys,39,99,209.17,1,0,22.3,1.5,0.07,3,0.75,163.73,1201.13
2023-09-16,S001,P005,Electronics,35,113,290.59,1,1,14.5,0.0,0.23,7,0.75,142.69,2837.25
2023-09-16,S002,P001,Clothing,20,109,344.89,0,0,19.5,1.7,0.0,13,1.0,246.8,1961.8
2023-09-16,S002,P002,Food,16,129,292.95,0,0,0.3,1.4,0.0,2,0.91,173.41,1912.64
2023-09-16,S002,P003,Home,15,106,83.25,0,0,24.3,0.0,0.0,6,0.7,49.09,512.4
2023-09-16,S002,P004,Toys,39,114,211.59,1,0,37.1,2.9,0.11,11,0.95,139.53,1902.62
2023-09-16,S002,P005,Electronics,18,99,410.78,0,0,,0.7,0.0,3,0.82,200.68,3781.8
2023-09-16,S003,P001,Clothing,33,115,430.01,1,0,18.0,0.0,0.22,1,0.71,312.21,765.53
2023-09-16,S003,P002,Food,23,127,401.51,0,0,25.2,0.0,0.0,5,0.83,274.98,2910.19
2023-09-16,S003,P003,Home,19,118,82.68,0,0,17.9,0.0,0.0,3,0.71,44.07,733.59
2023-09-16,S003,P004,Toys,25,103,123.32,0,0,34.0,0.6,0.0,5,0.85,65.82,1437.5
2023-09-16,S003,P005,Electronics,37,94,135.57,0,0,20.3,0.0,0.0,9,,68.44,2483.81
2023-09-17,S001,P001,Clothing,12,85,399.38,0,0,1.9,0.0,0.0,7,0.71,262.76,1639.44
2023-09-17,S001,P002,Food,24,100,66.6,0,0,14.6,5.4,0.0,9,0.97,36.16,730.56
2023-09-17,S001,P003,Home,19,117,72.95,0,0,33.2,0.0,0.0,9,0.74,43.05,568.1
2023-09-17,S001,P004,Toys,26,110,31.47,0,0,21.5,5.1,0.0,9,0.73,15.65,411.32
2023-09-17,S001,P005,Electronics,24,106,266.6,0,0,31.3,5.8,0.0,10,0.75,120.11,3515.76
2023-09-17,S002,P001,Clothing,22,94,177.55,0,0,31.4,0.0,0.0,8,1.0,123.3,1193.5
2023-09-17,S002,P002,Food,13,101,101.02,0,0,1.4,1.8,0.0,9,0.75,70.91,391.43
2023-09-17,S002,P003,Home,19,98,121.41,0,0,12.2,3.9,0.0,10,0.96,56.13,1240.32
2023-09-17,S002,P004,Toys,34,146,394.54,1,0,6.8,0.0,0.1,9,0.83,246.53,3690.9
2023-09-17,S002,P005,Electronics,26,112,109.83,0,1,13.3,0.0,0.0,2,0.74,84.56,657.02
2023-09-17,S003,P001,Clothing,20,126,497.54,0,0,9.6,6.6,0.0,9,0.85,362.83,2694.2
2023-09-17,S003,P002,Food,17,104,395.16,0,0,28.0,3.4,0.0,12,0.93,197.2,3365.32
2023-09-17,S003,P003,Home,24,113,403.83,0,0,16.0,7.1,0.0,8,0.86,301.14,2464.56
2023-09-17,S003,P004,Toys,24,112,463.68,0,0,22.1,5.1,0.0,6,0.75,190.5,6556.32
2023-09-17,S003,P005,Electronics,15,136,320.51,0,0,4.7,3.5,0.0,12,0.75,129.42,2866.35
2023-09-18,S001,P001,Clothing,18,95,154.77,0,0,27.1,5.0,0.0,8,,75.33,1429.92
2023-09-18,S001,P002,Food,18,105,199.0,0,0,11.1,4.1,0.0,5,0.84,142.53,1016.46
2023-09-18,S001,P003,Home,23,105,162.69,0,0,33.2,0.1,0.0,4,0.84,106.27,1297.66
2023-09-18,S001,P004,Toys,25,85,431.83,0,0,6.4,6.8,0.0,2,0.8,299.81,3300.5
2023-09-18,S001,P005,Electronics,21,83,93.68,0,1,12.1,0.0,0.0,2,0.78,63.95,624.33
2023-09-18,S002,P001,Clothing,17,124,258.86,0,0,17.6,4.5,0.0,3,0.78,136.32,2083.18
2023-09-18,S002,P002,Food,24,77,361.46,0,0,20.0,0.0,0.0,10,0.95,198.93,3900.72
2023-09-18,S002,P003,Home,19,98,411.1,0,0,25.6,1.7,0.0,12,0.75,176.91,4449.61
2023-09-18,S002,P004,Toys,21,133,457.47,0,0,19.4,2.2,0.0,2,0.72,244.12,4480.35
2023-09-18,S002,P005,Electronics,15,144,269.69,0,0,20.6,2.5,0.0,10,0.8,110.48,2388.15
2023-09-18,S003,P001,Clothing,16,118,483.31,0,0,6.6,3.3,0.0,7,0.73,363.95,1909.76
2023-09-18,S003,P002,Food,28,72,353.62,0,0,15.1,0.5,0.0,7,0.85,198.11,4354.28
2023-09-18,S003,P003,Home,8,129,171.43,0,1,35.6,0.3,0.0,13,0.86,68.91,820.16
2023-09-18,S003,P004,Toys,25,106,305.36,0,0,,7.6,0.0,10,0.8,166.96,3460.0
2023-09-18,S003,P005,Electronics,24,104,189.38,0,0,,3.1,0.0,3,0.85,83.75,2535.12
2023-09-19,S001,P001,Clothing,21,114,310.1,0,0,18.6,0.0,0.0,9,0.84,157.61,3202.29
2023-09-19,S001,P002,Food,22,97,281.25,0,0,18.9,9.3,0.0,5,0.73,159.23,2684.44
2023-09-19,S001,P003,Home,25,119,463.52,0,0,13.4,0.3,0.0,7,0.77,360.63,2572.25
2023-09-19,S001,P004,Toys,18,110,27.54,0,0,30.5,4.5,0.0,8,,17.82,174.96
2023-09-19,S001,P005,Electronics,15,83,61.77,0,0,29.6,3.1,0.0,2,0.93,27.53,513.6
2023-09-19,S002,P001,Clothing,19,112,240.59,0,0,7.3,7.6,0.0,5,0.89,111.59,2451.0
2023-09-19,S002,P002,Food,25,70,57.2,0,0,,8.7,0.0,13,0.97,40.66,413.5
2023-09-19,S002,P003,Home,18,108,200.21,0,0,21.9,0.2,0.0,11,0.75,136.65,1144.08
2023-09-19,S002,P004,Toys,23,134,149.13,0,0,9.2,0.0,0.0,3,0.94,95.74,1227.97
2023-09-19,S002,P005,Electronics,32,116,158.86,0,0,12.7,5.8,0.0,1,1.0,70.99,2811.84
2023-09-19,S003,P001,Clothing,22,96,43.94,0,0,32.6,0.0,0.0,11,0.86,21.87,485.54
2023-09-19,S003,P002,Food,20,83,399.82,0,0,17.3,0.0,0.0,13,0.86,224.53,3505.8
2023-09-19,S003,P003,Home,17,102,369.81,0,0,14.1,0.1,0.0,13,0.75,259.8,1870.17
2023-09-19,S003,P004,Toys,23,127,17.0,0,0,26.6,0.0,0.0,9,0.78,13.0,92.0
2023-09-19,S003,P005,Electronics,31,83,461.61,1,0,37.3,6.9,0.26,3,0.83,344.76,-98.23
2023-09-20,S001,P001,Clothing,28,120,151.28,1,0,,5.5,0.27,12,0.81,68.26,1180.88
2023-09-20,S001,P002,Food,25,105,467.63,0,0,17.3,0.0,0.0,6,0.82,189.25,6959.5
2023-09-20,S001,P003,Home,36,131,270.09,1,0,21.7,,0.2,7,0.93,171.91,1589.83
2023-09-20,S001,P004,Toys,27,137,201.51,0,1,15.5,1.4,0.0,6,0.79,87.34,3082.59
2023-09-20,S001,P005,Electronics,14,117,233.92,0,0,12.6,0.2,0.0,5,0.77,176.8,799.68
2023-09-20,S002,P001,Clothing,32,118,240.51,0,0,21.0,0.0,0.0,9,0.85,182.07,1870.08
2023-09-20,S002,P002,Food,19,86,408.21,1,0,21.0,0.0,0.28,3,0.96,166.81,2414.92
2023-09-20,S002,P003,Home,33,94,243.48,1,0,3.0,0.0,0.17,5,0.85,193.51,283.09
2023-09-20,S002,P004,Toys,15,69,487.59,0,0,6.4,0.0,0.0,2,0.72,224.16,3951.45
2023-09-20,S002,P005,Electronics,23,130,478.46,0,0,17.8,3.0,0.0,6,0.75,288.95,4358.73
2023-09-20,S003,P001,Clothing,15,107,346.28,0,0,24.8,0.0,0.0,1,0.98,179.98,2494.5
2023-09-20,S003,P002,Food,20,138,180.84,0,0,18.5,4.6,0.0,9,0.78,85.7,1902.8
2023-09-20,S003,P003,Home,22,114,216.74,0,0,,,0.0,3,0.95,111.92,2306.04
2023-09-20,S003,P004,Toys,23,112,188.46,0,0,31.7,0.0,0.0,3,0.9,106.46,1886.0
2023-09-20,S003,P005,Electronics,28,93,405.39,0,0,10.2,2.8,0.0,7,0.84,169.41,6607.44
2023-09-21,S001,P001,Clothing,25,110,429.22,1,0,17.4,11.1,0.22,6,0.95,303.43,784.04
2023-09-21,S001,P002,Food,23,90,391.45,0,0,21.7,2.1,0.0,2,0.81,219.23,3961.06
2023-09-21,S001,P003,Home,15,98,47.63,0,0,24.3,4.3,0.0,4,0.82,29.57,270.9
2023-09-21,S001,P004,Toys,19,96,315.26,0,0,7.2,1.7,0.0,4,0.81,195.82,2269.36
2023-09-21,S001,P005,Electronics,14,113,37.08,0,1,,0.0,0.0,6,0.79,22.6,202.72
2023-09-21,S002,P001,Clothing,23,113,304.91,0,0,13.1,3.1,0.0,5,,187.69,2696.06
2023-09-21,S002,P002,Food,16,98,388.33,0,0,7.8,,0.0,12,0.96,158.05,3684.48
2023-09-21,S002,P003,Home,22,107,42.38,0,0,37.2,6.6,0.0,6,0.81,31.55,238.26
2023-09-21,S002,P004,Toys,17,104,443.85,0,0,16.6,0.6,0.0,1,0.89,219.52,3813.61
2023-09-21,S002,P005,Electronics,22,95,477.57,0,0,19.1,0.0,0.0,6,0.88,256.7,4859.14
2023-09-21,S003,P001,Clothing,22,61,84.21,0,0,21.9,0.5,0.0,9,0.76,34.64,1090.54
2023-09-21,S003,P002,Food,39,127,452.63,1,0,29.0,0.0,0.17,8,0.77,240.69,5264.72
2023-09-21,S003,P003,Home,18,110,474.14,0,0,29.7,5.4,0.0,3,0.93,323.71,2707.74
2023-09-21,S003,P004,Toys,28,109,177.3,0,1,39.0,0.0,0.0,8,1.0,111.61,1839.32
2023-09-21,S003,P005,Electronics,16,107,451.88,0,0,12.9,0.0,0.0,8,0.94,216.44,3767.04
2023-09-22,S001,P001,Clothing,26,118,427.84,0,0,15.8,,0.0,4,0.72,280.52,3830.32
2023-09-22,S001,P002,Food,16,109,105.83,0,0,5.2,6.6,0.0,13,0.86,62.45,694.08
2023-09-22,S001,P003,Home,21,106,421.44,0,0,10.9,0.0,0.0,11,0.93,287.15,2820.09
2023-09-22,S001,P004,Toys,16,99,248.9,0,0,26.3,3.6,0.0,11,0.99,161.69,1395.36
2023-09-22,S001,P005,Electronics,39,79,61.64,1,0,8.3,4.5,0.21,3,0.98,36.96,457.69
2023-09-22,S002,P001,Clothing,20,121,158.73,0,0,11.7,7.3,0.0,9,0.98,64.74,1879.8
2023-09-22,S002,P002,Food,11,105,87.12,0,0,23.2,,0.0,11,0.75,37.21,549.01
2023-09-22,S002,P003,Home,19,74,146.64,0,0,23.7,0.0,0.0,1,0.8,61.51,1617.47
2023-09-22,S002,P004,Toys,21,98,435.74,0,0,28.7,3.6,0.0,11,0.78,321.78,2393.16
2023-09-22,S002,P005,Electronics,14,96,485.46,0,0,8.7,0.0,0.0,2,0.9,300.73,2586.22
2023-09-22,S003,P001,Clothing,18,93,164.17,0,0,21.0,2.8,0.0,9,0.86,128.35,644.76
2023-09-22,S003,P002,Food,19,105,366.11,0,0,23.4,0.0,0.0,4,0.85,278.57,1663.26
2023-09-22,S003,P003,Home,19,114,185.07,0,0,27.7,0.0,0.0,8,0.75,84.3,1914.63
2023-09-22,S003,P004,Toys,23,122,108.21,0,0,21.0,12.0,0.0,11,0.87,60.21,1104.0
2023-09-22,S003,P005,Electronics,22,90,149.48,0,0,16.1,7.9,0.0,10,0.88,85.65,1404.26
2023-09-23,S001,P001,Clothing,16,95,444.03,0,0,26.7,7.9,0.0,12,0.75,318.0,2016.48
2023-09-23,S001,P002,Food,26,74,409.59,1,0,25.4,0.1,0.19,13,0.85,274.04,1500.93
2023-09-23,S001,P003,Home,20,123,293.84,0,0,6.8,0.0,0.0,7,0.93,185.83,2160.2
2023-09-23,S001,P004,Toys,28,115,213.88,0,0,9.5,0.0,0.0,2,0.93,114.52,2782.08
2023-09-23,S001,P005,Electronics,35,82,327.45,0,1,24.1,1.7,0.0,8,0.92,195.36,4623.15
2023-09-23,S002,P001,Clothing,18,117,37.86,0,0,29.9,3.7,0.0,2,0.74,15.5,402.48
2023-09-23,S002,P002,Food,26,79,61.22,0,0,32.6,0.0,0.0,7,0.79,44.2,442.52
2023-09-23,S002,P003,Home,33,86,328.06,0,1,38.9,0.0,0.0,13,1.0,258.45,2297.13
2023-09-23,S002,P004,Toys,19,104,395.13,0,0,27.0,0.0,0.0,13,0.87,222.04,3288.71
2023-09-23,S002,P005,Electronics,22,85,485.37,0,0,15.2,6.9,0.0,6,0.92,197.15,6340.84
2023-09-23,S003,P001,Clothing,23,109,41.12,0,0,31.7,6.9,0.0,12,0.72,28.73,284.97
2023-09-23,S003,P002,Food,13,102,310.02,0,0,10.2,6.8,0.0,4,0.96,164.06,1897.48
2023-09-23,S003,P003,Home,37,99,236.64,1,0,17.0,4.6,0.08,2,0.8,139.94,2877.45
2023-09-23,S003,P004,Toys,17,101,221.42,0,0,16.4,6.8,0.0,12,0.93,119.91,1725.67
2023-09-23,S003,P005,Electronics,40,104,305.2,0,0,15.5,,0.0,1,0.93,156.21,1191.92
2023-09-24,S001,P001,Clothing,28,77,352.08,0,0,-5.8,5.0,0.0,11,0.71,223.77,3592.68
2023-09-24,S001,P002,Food,25,101,114.61,0,0,14.9,3.7,0.0,9,0.75,69.97,1116.0
2023-09-24,S001,P003,Home,23,80,235.43,0,0,11.0,7.0,0.0,2,0.92,126.3,2509.99
2023-09-24,S001,P004,Toys,27,98,68.92,0,1,25.2,0.0,0.0,11,0.82,36.67,870.75
2023-09-24,S001,P005,Electronics,25,86,268.82,0,0,11.5,5.5,0.0,7,0.81,160.06,2719.0
2023-09-24,S002,P001,Clothing,22,109,136.41,0,0,12.5,1.4,0.0,6,0.96,66.82,1530.98
2023-09-24,S002,P002,Food,22,118,115.04,0,0,4.0,0.0,0.0,4,0.74,73.06,923.56
2023-09-24,S002,P003,Home,24,114,422.77,0,0,22.3,3.7,0.0,9,0.73,290.34,3178.32
2023-09-24,S002,P004,Toys,46,83,317.21,1,0,11.5,5.3,0.06,5,0.81,235.91,2864.3
2023-09-24,S002,P005,Electronics,30,100,457.14,0,0,-1.4,0.0,0.0,3,0.77,303.29,4615.5
2023-09-24,S003,P001,Clothing,24,115,67.34,0,0,17.4,2.9,0.0,9,0.84,39.98,656.64
2023-09-24,S003,P002,Food,19,111,125.27,0,0,8.9,,0.0,5,0.88,97.72,523.45
2023-09-24,S003,P003,Home,26,107,430.17,0,0,23.8,2.6,0.0,12,0.95,311.37,3088.8
2023-09-24,S003,P004,Toys,29,122,32.75,1,0,26.6,0.7,0.25,5,0.94,14.64,287.75
2023-09-24,S003,P005,Electronics,24,91,444.13,0,0,25.8,4.6,0.0,3,0.7,313.84,3126.96
2023-09-25,S001,P001,Clothing,20,59,142.51,0,0,8.9,0.0,0.0,4,,97.11,908.0
2023-09-25,S001,P002,Food,13,108,397.66,0,0,10.3,3.8,0.0,1,0.7,235.9,2102.88
2023-09-25,S001,P003,Home,13,45,495.74,0,0,27.4,6.1,0.0,8,0.84,205.43,3774.03
2023-09-25,S001,P004,Toys,26,109,356.38,0,0,33.7,0.0,0.0,3,0.73,284.11,1879.02
2023-09-25,S001,P005,Electronics,24,122,337.23,0,0,22.6,3.0,0.0,9,0.97,172.72,3948.24
2023-09-25,S002,P001,Clothing,19,92,147.08,0,0,14.2,2.0,0.0,4,0.95,93.85,1011.37
2023-09-25,S002,P002,Food,15,80,237.88,0,0,29.2,6.3,0.0,10,0.81,156.71,1217.55
2023-09-25,S002,P003,Home,23,131,202.57,0,0,29.9,0.0,0.0,13,0.78,127.55,1725.46
2023-09-25,S002,P004,Toys,20,91,150.1,0,0,37.0,6.3,0.0,3,0.85,94.29,1116.2
2023-09-25,S002,P005,Electronics,17,111,121.42,0,0,28.6,3.7,0.0,7,0.9,57.24,1091.06
2023-09-25,S003,P001,Clothing,37,106,337.07,1,1,25.0,0.1,0.29,12,0.83,142.42,3585.29
2023-09-25,S003,P002,Food,24,102,358.77,0,0,32.4,0.0,0.0,8,0.86,170.31,4523.04
2023-09-25,S003,P003,Home,15,141,66.09,0,0,-2.3,0.0,0.0,11,0.71,44.52,323.55
2023-09-25,S003,P004,Toys,22,51,492.31,0,0,10.2,0.0,0.0,11,0.87,267.66,4942.3
2023-09-25,S003,P005,Electronics,16,101,204.34,0,0,21.9,3.8,0.0,3,0.82,101.14,1651.2
2023-09-25,S003,P005,Electronics,16,101,204.34,0,0,21.9,3.8,0.0,3,0.82,101.14,1651.2
2023-09-26,S001,P001,Clothing,19,99,99.0,0,0,18.7,0.8,0.0,13,0.72,62.64,690.84
2023-09-26,S001,P002,Food,19,131,286.52,0,0,32.7,4.5,0.0,12,,174.23,2133.51
2023-09-26,S001,P003,Home,21,93,264.0,1,0,16.9,4.2,0.13,5,0.8,160.47,1453.41
2023-09-26,S001,P004,Toys,21,107,486.34,0,0,1.0,2.2,0.0,3,0.82,297.07,3974.67
2023-09-26,S001,P005,Electronics,15,48,188.56,0,0,-10.7,0.0,0.0,1,0.71,87.61,1514.25
2023-09-26,S002,P001,Clothing,16,103,137.51,0,0,16.6,3.6,0.0,9,0.77,62.34,1202.72
2023-09-26,S002,P002,Food,16,97,268.65,0,0,16.2,3.8,0.0,8,0.71,181.2,1399.2
2023-09-26,S002,P003,Home,31,86,372.75,0,0,2.2,5.8,0.0,12,0.87,236.01,4238.94
2023-09-26,S002,P004,Toys,19,104,10.15,0,0,27.2,0.0,0.0,2,0.74,5.72,84.17
2023-09-26,S002,P005,Electronics,15,94,293.56,0,0,20.6,4.7,0.0,9,0.76,163.08,1957.2
2023-09-26,S003,P001,Clothing,27,117,42.89,0,0,15.2,0.6,0.0,5,0.75,22.95,538.38
2023-09-26,S003,P002,Food,26,100,458.97,0,0,,0.0,0.0,11,0.95,196.73,6818.24
2023-09-26,S003,P003,Home,25,84,82.55,0,0,15.9,4.8,0.0,5,0.83,62.99,489.0
2023-09-26,S003,P004,Toys,23,106,277.72,0,0,19.0,6.2,0.0,8,0.73,136.6,3245.76
2023-09-26,S003,P005,Electronics,20,77,108.03,0,0,15.8,0.0,0.0,10,0.74,49.23,1176.0
2023-09-27,S001,P001,Clothing,25,103,73.1,0,0,15.6,0.0,0.0,3,0.84,37.34,894.0
2023-09-27,S001,P002,Food,16,98,55.76,0,0,-4.4,0.0,0.0,6,0.88,22.64,529.92
2023-09-27,S001,P003,Home,23,75,221.89,0,0,32.3,4.6,0.0,12,0.93,156.08,1513.63
2023-09-27,S001,P004,Toys,21,115,427.3,0,1,17.3,0.0,0.0,1,0.9,210.08,4561.62
2023-09-27,S001,P005,Electronics,31,105,56.35,0,0,21.8,2.2,0.0,4,0.98,25.0,971.85
2023-09-27,S002,P001,Clothing,16,92,305.19,0,0,15.6,0.0,0.0,7,0.82,171.74,2135.2
2023-09-27,S002,P002,Food,22,128,27.52,0,0,20.1,,0.0,8,0.83,19.39,178.86
2023-09-27,S002,P003,Home,25,118,99.13,1,0,15.8,7.3,0.12,1,0.97,41.89,1133.61
2023-09-27,S002,P004,Toys,22,83,230.73,1,0,14.1,6.2,0.09,13,0.8,151.54,1285.33
2023-09-27,S002,P005,Electronics,26,117,92.27,0,0,7.9,4.3,0.0,2,0.87,50.42,1088.1
2023-09-27,S003,P001,Clothing,29,91,309.49,0,0,21.0,3.8,0.0,13,,245.96,1842.37
2023-09-27,S003,P002,Food,19,113,323.97,0,0,31.4,5.4,0.0,6,,189.68,2551.51
2023-09-27,S003,P003,Home,28,102,22.8,1,0,22.1,,0.24,13,0.71,14.71,73.3
2023-09-27,S003,P004,Toys,17,78,189.26,0,0,18.4,,0.0,5,0.91,135.27,917.83
2023-09-27,S003,P005,Electronics,28,83,266.11,1,0,20.1,8.1,0.22,4,0.97,116.92,2538.08
2023-09-28,S001,P001,Clothing,22,91,425.76,0,0,17.2,0.8,0.0,6,0.87,290.05,2985.62
2023-09-28,S001,P002,Food,21,113,192.92,0,0,10.1,0.0,0.0,7,,134.31,1230.81
2023-09-28,S001,P003,Home,18,106,223.41,0,0,19.8,0.0,0.0,11,0.79,142.88,1449.54
2023-09-28,S001,P004,Toys,21,106,108.62,0,0,26.3,0.2,0.0,8,0.98,55.57,1114.05
2023-09-28,S001,P005,Electronics,22,128,306.49,1,0,28.3,,0.26,2,0.95,169.71,1256.04
2023-09-28,S002,P001,Clothing,20,67,428.07,0,0,25.6,1.7,0.0,2,0.95,273.21,3097.2
2023-09-28,S002,P002,Food,24,88,469.4,0,0,15.6,10.4,0.0,12,0.86,334.25,3243.6
2023-09-28,S002,P003,Home,135,95,352.53,0,0,36.7,4.7,0.0,3,0.74,215.5,3699.81
2023-09-28,S002,P004,Toys,23,117,342.1,0,0,25.1,2.6,0.0,3,0.96,253.42,2039.64
2023-09-28,S002,P005,Electronics,13,94,492.76,0,0,2.5,2.3,0.0,4,0.87,305.55,2433.73
2023-09-28,S003,P001,Clothing,24,65,46.79,0,0,21.5,6.5,0.0,1,0.85,30.22,397.68
2023-09-28,S003,P002,Food,31,82,302.64,1,0,35.4,,0.16,6,1.0,171.74,2556.81
2023-09-28,S003,P003,Home,16,131,281.92,0,0,25.7,,0.0,11,0.83,123.7,2531.52
2023-09-28,S003,P004,Toys,27,81,258.48,0,0,,2.4,0.0,2,0.91,103.72,4178.52
2023-09-28,S003,P005,Electronics,16,74,163.67,0,0,32.4,0.0,0.0,13,0.88,96.34,1077.28
2023-09-29,S001,P001,Clothing,18,104,478.58,0,0,18.9,6.5,0.0,8,0.76,288.9,3414.24
2023-09-29,S001,P002,Food,16,131,271.53,0,0,,,0.0,8,0.93,190.95,1289.28
2023-09-29,S001,P003,Home,100,73,52.66,0,0,9.5,9.8,0.0,10,0.88,40.73,238.6
2023-09-29,S001,P004,Toys,24,123,146.92,1,0,7.8,0.0,0.18,11,0.98,78.78,1000.67
2023-09-29,S001,P005,Electronics,25,111,465.7,0,0,26.7,6.4,0.0,8,0.8,327.13,3464.25
2023-09-29,S002,P001,Clothing,19,119,338.92,0,0,21.2,0.0,0.0,10,1.0,135.58,3863.46
2023-09-29,S002,P002,Food,18,98,320.56,0,0,35.7,2.0,0.0,5,0.85,131.61,3401.1
2023-09-29,S002,P003,Home,17,125,73.07,0,0,23.3,0.0,0.0,8,0.71,37.29,608.26
2023-09-29,S002,P004,Toys,26,100,136.57,0,0,3.8,0.0,0.0,11,0.94,108.46,730.86
2023-09-29,S002,P005,Electronics,11,115,245.33,0,0,18.9,0.0,0.0,8,0.93,155.99,982.74
2023-09-29,S003,P001,Clothing,24,94,289.04,0,0,15.1,0.0,0.0,1,0.85,160.11,3094.32
2023-09-29,S003,P002,Food,27,121,21.45,0,0,27.5,3.5,0.0,4,0.95,9.25,329.4
2023-09-29,S003,P003,Home,90,119,292.59,0,0,15.8,5.1,0.0,4,0.72,129.81,2930.04
2023-09-29,S003,P004,Toys,17,78,441.71,0,0,29.5,0.4,0.0,8,0.87,242.37,3388.78
2023-09-29,S003,P005,Electronics,23,104,406.27,0,0,26.0,3.7,0.0,2,0.99,187.34,5035.39
2023-09-30,S001,P001,Clothing,20,66,454.5,0,0,10.2,1.5,0.0,11,0.89,301.69,3056.2
2023-09-30,S001,P001,Clothing,20,66,454.5,0,0,10.2,1.5,0.0,11,0.89,301.69,3056.2
2023-09-30,S001,P002,Food,27,68,45.97,0,0,25.1,3.8,0.0,2,0.85,31.94,378.81
2023-09-30,S001,P003,Home,25,105,113.74,0,0,10.9,0.0,0.0,8,0.99,80.23,837.75
2023-09-30,S001,P004,Toys,20,51,444.19,0,0,,0.0,0.0,8,0.82,227.22,4339.4
2023-09-30,S001,P005,Electronics,26,35,82.28,0,0,23.7,0.0,0.0,13,0.96,46.03,942.5
2023-09-30,S002,P001,Clothing,28,103,377.05,0,0,15.7,0.0,0.0,13,0.84,277.3,2793.0
2023-09-30,S002,P002,Food,24,67,206.27,0,0,16.1,0.0,0.0,5,0.84,132.24,1776.72
2023-09-30,S002,P003,Home,20,118,271.66,0,0,21.2,2.2,0.0,5,0.98,135.14,2730.4
2023-09-30,S002,P004,Toys,26,72,61.26,0,0,9.5,0.0,0.0,13,0.85,41.91,503.1
2023-09-30,S002,P005,Electronics,54,132,66.6,1,0,22.7,9.0,0.12,5,0.82,29.99,1545.37
2023-09-30,S003,P001,Clothing,24,107,199.65,0,0,23.8,,0.0,5,0.7,107.72,2206.32
2023-09-30,S003,P002,Food,25,90,200.31,0,1,,,0.0,1,,103.72,2414.75
2023-09-30,S003,P003,Home,17,64,434.01,0,0,13.1,4.5,0.0,2,0.89,213.55,3747.82
2023-09-30,S003,P004,Toys,11,104,94.13,0,0,24.1,,0.0,10,0.79,65.4,316.03
2023-09-30,S003,P005,Electronics,18,104,222.61,0,0,36.6,7.7,0.0,1,0.71,114.97,1937.52
2023-10-01,S001,P001,Clothing,23,78,448.56,0,0,,0.0,0.0,12,0.74,205.78,5583.94
2023-10-01,S001,P002,Food,22,86,153.89,0,0,25.1,9.4,0.0,12,0.82,108.28,1003.42
2023-10-01,S001,P003,Home,30,66,492.79,0,0,47.1,0.0,0.0,5,0.97,219.57,8196.6
2023-10-01,S001,P004,Toys,20,98,224.14,0,0,18.0,7.3,0.0,10,0.93,169.63,1090.2
2023-10-01,S001,P005,Electronics,15,98,98.8,0,0,1.6,9.2,0.0,10,0.86,67.09,475.65
2023-10-01,S002,P001,Clothing,28,135,157.02,0,0,31.6,0.0,0.0,11,0.96,108.21,1366.68
2023-10-01,S002,P002,Food,20,87,263.87,0,0,19.6,0.0,0.0,10,0.78,209.83,1080.8
2023-10-01,S002,P003,Home,17,91,37.02,0,0,1.4,0.0,0.0,2,0.92,26.18,184.28
2023-10-01,S002,P004,Toys,35,113,32.32,0,0,-0.5,0.5,0.0,12,0.93,14.66,618.1
2023-10-01,S002,P005,Electronics,17,138,117.61,0,0,43.5,4.7,0.0,12,0.72,84.97,554.88
2023-10-01,S003,P001,Clothing,20,94,406.3,0,0,23.1,0.0,0.0,9,0.83,229.08,3544.4
2023-10-01,S003,P002,Food,30,102,441.74,0,0,25.8,0.0,0.0,5,0.75,303.43,4149.3
2023-10-01,S003,P003,Home,35,81,486.39,0,0,16.5,0.0,0.0,10,0.92,262.81,7825.3
2023-10-01,S003,P004,Toys,17,112,455.32,0,0,16.9,2.5,0.0,8,0.78,248.11,3522.57
2023-10-01,S003,P005,Electronics,22,146,276.18,0,0,3.1,3.4,0.0,11,0.82,139.94,2997.28
2023-10-02,S001,P001,Clothing,19,94,43.11,0,0,22.3,0.0,0.0,5,0.75,31.37,223.06
2023-10-02,S001,P002,Food,19,85,163.61,0,0,18.9,,0.0,3,0.91,73.66,1709.05
2023-10-02,S001,P003,Home,36,90,324.13,1,0,3.6,3.9,0.23,11,0.83,150.49,3567.24
2023-10-02,S001,P004,Toys,21,126,381.82,0,0,19.9,0.0,0.0,9,0.71,292.76,1870.26
2023-10-02,S001,P005,Electronics,19,63,310.77,0,1,7.2,3.8,0.0,4,0.82,231.98,1497.01
2023-10-02,S002,P001,Clothing,25,61,417.64,0,0,26.6,6.2,0.0,4,,312.6,2626.0
2023-10-02,S002,P002,Food,21,115,328.26,0,0,21.2,0.0,0.0,8,0.91,174.39,3231.27
2023-10-02,S002,P003,Home,12,106,446.89,0,0,40.2,5.0,0.0,6,0.75,203.47,2921.04
2023-10-02,S002,P004,Toys,22,75,161.1,0,0,19.8,2.0,0.0,3,0.96,97.46,1400.08
2023-10-02,S002,P005,Electronics,17,136,13.91,0,0,16.1,4.3,0.0,1,0.78,11.11,47.6
2023-10-02,S003,P001,Clothing,27,123,474.58,0,0,30.6,6.1,0.0,11,0.74,323.87,4069.17
2023-10-02,S003,P002,Food,17,120,112.44,0,0,14.1,6.5,0.0,3,0.88,46.53,1120.47
2023-10-02,S003,P003,Home,19,139,327.17,0,0,20.1,16.3,0.0,2,0.83,245.88,1544.51
2023-10-02,S003,P004,Toys,11,103,57.38,0,0,37.2,3.9,0.0,12,0.75,41.45,175.23
2023-10-02,S003,P005,Electronics,21,51,199.64,0,0,16.0,1.3,0.0,11,0.87,87.89,2346.75
2023-10-03,S001,P001,Clothing,24,102,308.13,0,0,15.1,11.2,0.0,12,0.91,148.74,3825.36
2023-10-03,S001,P002,Food,28,75,244.13,1,0,24.7,0.0,0.2,2,0.81,181.38,389.87
2023-10-03,S001,P003,Home,13,127,451.57,0,0,12.0,3.0,0.0,12,0.75,202.93,3232.32
2023-10-03,S001,P004,Toys,18,114,245.87,0,0,9.6,8.0,0.0,10,0.98,135.36,1989.18
2023-10-03,S001,P005,Electronics,17,92,419.68,0,0,21.5,9.9,0.0,6,0.89,220.23,3390.65
2023-10-03,S002,P001,Clothing,36,112,335.97,1,0,16.5,5.4,0.24,8,0.76,150.53,3773.06
2023-10-03,S002,P002,Food,13,110,458.22,0,0,30.1,16.4,0.0,6,0.89,337.06,1575.08
2023-10-03,S002,P003,Home,29,135,45.4,0,0,11.8,0.0,0.0,2,0.73,29.31,466.61
2023-10-03,S002,P004,Toys,22,103,330.62,1,0,22.4,3.9,0.22,1,0.9,220.49,822.66
2023-10-03,S002,P005,Electronics,14,97,309.71,0,0,20.5,0.0,0.0,10,0.71,213.06,1353.1
2023-10-03,S003,P001,Clothing,21,126,497.57,0,0,27.3,1.4,0.0,2,0.91,213.66,5962.11
2023-10-03,S003,P002,Food,19,117,127.68,0,0,18.8,0.0,0.0,3,0.71,54.14,1397.26
2023-10-03,S003,P003,Home,29,101,248.61,0,0,14.8,7.0,0.0,3,0.77,121.99,3671.98
2023-10-03,S003,P004,Toys,21,85,347.39,0,0,31.5,5.6,0.0,6,0.94,183.62,3439.17
2023-10-03,S003,P005,Electronics,18,107,11.99,0,0,4.1,4.6,0.0,9,0.95,6.42,100.26
2023-10-04,S001,P001,Clothing,28,111,343.54,0,0,41.4,6.6,0.0,12,0.85,199.67,4028.36
2023-10-04,S001,P002,Food,28,115,243.4,0,1,18.3,3.6,0.0,2,0.84,122.14,3395.28
2023-10-04,S001,P003,Home,22,98,144.61,0,0,26.7,0.0,0.0,12,0.91,79.74,1427.14
2023-10-04,S001,P004,Toys,12,101,65.26,0,0,29.4,4.6,0.0,7,0.71,35.26,360.0
2023-10-04,S001,P005,Electronics,25,134,396.74,0,0,17.2,17.0,0.0,2,0.91,219.92,4420.5
2023-10-04,S002,P001,Clothing,33,78,241.5,0,0,12.1,9.8,0.0,10,0.75,119.99,4009.83
2023-10-04,S002,P002,Food,29,86,106.14,0,0,21.2,0.0,0.0,12,0.82,68.02,1105.48
2023-10-04,S002,P003,Home,17,96,90.46,0,0,20.8,0.0,0.0,10,,42.12,821.78
2023-10-04,S002,P004,Toys,22,112,246.08,0,0,31.0,0.0,0.0,11,,118.67,2803.02
2023-10-04,S002,P005,Electronics,20,116,371.63,0,0,1.9,11.2,0.0,12,0.9,195.09,3530.8
2023-10-04,S003,P001,Clothing,15,113,133.03,0,0,23.3,2.0,0.0,5,0.86,76.96,841.05
2023-10-04,S003,P002,Food,20,81,30.95,0,0,-11.0,0.0,0.0,5,0.79,20.81,202.8
2023-10-04,S003,P003,Home,23,108,82.12,0,0,42.4,8.9,0.0,2,0.94,59.81,513.13
2023-10-04,S003,P004,Toys,19,139,190.38,0,0,3.0,5.0,0.0,10,0.72,89.59,1915.01
2023-10-04,S003,P005,Electronics,20,101,141.22,0,0,33.9,0.0,0.0,12,0.74,74.82,1328.0
2023-10-05,S001,P001,Clothing,24,92,339.82,0,0,14.6,1.5,0.0,8,0.86,221.73,2834.16
2023-10-05,S001,P002,Food,25,88,173.25,0,0,33.5,0.0,0.0,9,0.95,117.39,1396.5
2023-10-05,S001,P003,Home,13,84,228.95,0,0,34.2,2.1,0.0,13,0.86,173.8,716.95
2023-10-05,S001,P004,Toys,20,94,413.86,0,0,,7.3,0.0,8,0.73,262.49,3027.4
2023-10-05,S001,P005,Electronics,25,99,466.02,0,0,23.1,7.2,0.0,7,,213.29,6318.25
2023-10-05,S002,P001,Clothing,21,96,120.79,0,0,32.3,2.6,0.0,7,0.79,83.02,793.17
2023-10-05,S002,P002,Food,18,67,131.03,0,0,22.5,0.0,0.0,2,0.87,77.36,966.06
2023-10-05,S002,P003,Home,20,113,187.06,0,0,12.0,1.5,0.0,7,0.86,119.9,1343.2
2023-10-05,S002,P004,Toys,23,111,205.67,0,0,13.2,0.0,0.0,4,0.96,128.31,1779.28
2023-10-05,S002,P005,Electronics,20,70,273.09,0,0,21.2,1.3,0.0,10,0.89,116.37,3134.4
2023-10-05,S003,P001,Clothing,18,118,61.11,0,0,35.4,0.0,0.0,4,0.86,42.73,330.84
2023-10-05,S003,P002,Food,20,139,100.82,0,0,21.1,4.7,0.0,11,0.71,54.66,923.2
2023-10-05,S003,P003,Home,21,131,292.31,0,0,15.8,1.8,0.0,4,0.89,156.58,2850.33
2023-10-05,S003,P004,Toys,48,118,260.1,1,0,26.9,8.2,0.18,1,0.8,201.57,562.18
2023-10-05,S003,P005,Electronics,9,101,113.97,0,0,25.7,1.9,0.0,2,0.79,80.2,303.93
2023-10-06,S001,P001,Clothing,19,122,328.49,0,0,21.5,1.0,0.0,4,,144.23,3500.94
2023-10-06,S001,P002,Food,29,92,418.25,0,0,3.6,0.0,0.0,2,0.76,293.97,3604.12
2023-10-06,S001,P003,Home,30,55,85.46,0,0,26.9,0.6,0.0,5,0.93,39.49,1379.1
2023-10-06,S001,P004,Toys,16,99,328.04,0,1,21.6,0.0,0.0,7,0.8,179.36,2378.88
2023-10-06,S001,P005,Electronics,21,88,422.19,0,0,21.8,0.2,0.0,2,0.88,328.64,1964.55
2023-10-06,S002,P001,Clothing,23,119,381.54,0,0,14.2,3.7,0.0,9,0.7,257.87,2844.41
2023-10-06,S002,P002,Food,21,125,20.89,0,0,8.2,5.5,0.0,12,0.76,10.65,215.04
2023-10-06,S002,P003,Home,20,112,338.57,0,0,29.7,,0.0,2,0.97,150.3,3765.4
2023-10-06,S002,P004,Toys,19,81,283.65,0,0,30.1,5.8,0.0,8,0.98,184.1,1891.45
2023-10-06,S002,P005,Electronics,25,62,184.22,0,0,12.2,11.1,0.0,12,0.79,113.39,1770.75
2023-10-06,S003,P001,Clothing,22,108,54.16,0,0,9.8,6.3,0.0,9,0.76,26.42,610.28
2023-10-06,S003,P002,Food,21,114,216.36,0,1,16.6,0.0,0.0,2,0.94,151.21,1368.15
2023-10-06,S003,P003,Home,12,91,209.62,0,0,18.6,5.7,0.0,6,0.97,89.75,1438.44
2023-10-06,S003,P004,Toys,19,96,299.85,0,0,28.3,1.0,0.0,6,0.86,210.49,1697.84
2023-10-06,S003,P005,Electronics,18,74,424.23,0,0,25.0,0.0,0.0,10,0.93,278.09,2630.52
2023-10-07,S001,P001,Clothing,25,118,320.74,0,0,-8.5,0.0,0.0,10,0.84,250.82,1748.0
2023-10-07,S001,P002,Food,25,111,125.52,0,0,16.5,9.1,0.0,10,0.85,98.55,674.25
2023-10-07,S001,P003,Home,21,78,264.18,0,1,12.9,5.7,0.0,13,0.88,129.76,2822.82
2023-10-07,S001,P004,Toys,17,97,443.04,0,0,20.3,0.0,0.0,8,0.92,297.72,2470.44
2023-10-07,S001,P005,Electronics,16,123,160.69,0,0,10.7,0.0,0.0,2,0.79,110.6,801.44
2023-10-07,S002,P001,Clothing,18,149,120.89,0,0,12.9,7.8,0.0,4,0.8,68.65,940.32
2023-10-07,S002,P002,Food,23,95,384.88,0,0,10.9,0.0,0.0,5,0.99,174.38,4841.5
2023-10-07,S002,P003,Home,24,96,394.98,1,0,30.0,0.0,0.08,3,0.8,248.36,2760.52
2023-10-07,S002,P004,Toys,26,107,271.1,0,0,11.5,0.0,0.0,12,0.83,109.18,4209.92
2023-10-07,S002,P005,Electronics,9,132,416.07,0,0,24.9,0.0,0.0,12,0.95,268.3,1329.93
2023-10-07,S003,P001,Clothing,13,97,74.28,0,0,20.5,1.2,0.0,9,0.96,34.31,519.61
2023-10-07,S003,P002,Food,16,95,160.08,0,0,22.6,3.9,0.0,10,0.85,86.91,1170.72
2023-10-07,S003,P003,Home,25,105,126.59,0,0,,0.0,0.0,5,0.72,87.29,982.5
2023-10-07,S003,P004,Toys,20,69,312.89,0,0,19.8,1.4,0.0,5,0.86,187.0,2517.8
2023-10-07,S003,P005,Electronics,14,88,192.2,0,0,28.6,0.0,0.0,10,0.75,132.62,834.12
2023-10-08,S001,P001,Clothing,18,92,36.76,0,1,30.8,6.1,0.0,2,0.91,19.32,313.92
2023-10-08,S001,P002,Food,13,105,99.44,0,0,9.5,5.6,0.0,11,0.92,79.44,260.0
2023-10-08,S001,P003,Home,27,108,78.62,0,0,17.2,1.7,0.0,1,0.82,51.49,732.51
2023-10-08,S001,P004,Toys,23,96,29.37,0,0,25.4,7.2,0.0,1,0.9,11.81,403.88
2023-10-08,S001,P005,Electronics,37,81,27.4,0,0,23.4,6.4,0.0,6,0.95,12.16,563.88
2023-10-08,S002,P001,Clothing,16,114,89.72,0,0,31.3,0.0,0.0,10,0.71,43.57,738.4
2023-10-08,S002,P002,Food,18,75,19.96,1,0,32.5,9.7,0.12,3,0.87,8.04,171.45
2023-10-08,S002,P003,Home,19,118,356.3,0,0,36.2,3.1,0.0,9,0.93,242.14,2169.04
2023-10-08,S002,P004,Toys,18,90,56.3,0,0,29.6,0.0,0.0,9,0.83,40.6,282.6
2023-10-08,S002,P005,Electronics,20,90,144.0,0,0,28.1,0.0,0.0,9,0.99,61.07,1658.6
2023-10-08,S003,P001,Clothing,29,103,43.28,0,0,27.2,8.6,0.0,6,0.88,31.01,355.83
2023-10-08,S003,P002,Food,24,107,48.6,0,0,25.3,4.8,0.0,3,0.75,31.33,414.48
2023-10-08,S003,P003,Home,31,73,55.55,1,0,24.2,0.0,0.12,2,0.85,36.31,389.79
2023-10-08,S003,P004,Toys,24,82,296.03,0,0,31.8,4.9,0.0,5,0.86,225.5,1692.72
2023-10-08,S003,P005,Electronics,20,107,342.86,0,0,,0.0,0.0,2,0.77,187.6,3105.2
2023-10-09,S001,P001,Clothing,25,66,197.04,0,0,34.5,8.2,0.0,5,0.76,147.19,1246.25
2023-10-09,S001,P002,Food,22,91,460.46,0,0,30.6,12.6,0.0,11,0.92,189.4,5963.32
2023-10-09,S001,P003,Home,31,116,386.44,1,0,28.5,0.0,0.26,10,0.94,306.8,-645.87
2023-10-09,S001,P004,Toys,14,111,194.84,0,0,,0.0,0.0,4,,137.46,803.32
2023-10-09,S001,P005,Electronics,23,72,204.95,0,0,27.0,8.5,0.0,9,0.87,156.34,1118.03
2023-10-09,S002,P001,Clothing,26,98,407.74,0,0,39.8,0.0,0.0,11,0.78,224.23,4771.26
2023-10-09,S002,P002,Food,24,119,227.68,0,0,16.7,6.9,0.0,4,0.86,146.8,1941.12
2023-10-09,S002,P003,Home,14,126,451.03,0,0,24.6,7.1,0.0,5,0.71,264.17,2616.04
2023-10-09,S002,P004,Toys,16,95,136.96,0,0,23.1,10.3,0.0,4,0.99,86.45,808.16
2023-10-09,S002,P005,Electronics,18,121,378.05,0,0,17.3,0.0,0.0,2,0.94,174.65,3661.2
2023-10-09,S003,P001,Clothing,25,93,449.8,0,0,8.9,12.8,0.0,7,0.73,352.01,2444.75
2023-10-09,S003,P002,Food,24,93,245.76,0,0,9.4,0.0,0.0,7,0.86,145.75,2400.24
2023-10-09,S003,P003,Home,17,114,468.56,0,0,31.6,6.3,0.0,3,0.78,248.78,3736.26
2023-10-09,S003,P004,Toys,20,90,272.27,0,0,27.5,0.0,0.0,2,0.77,216.48,1115.8
2023-10-09,S003,P005,Electronics,19,71,109.2,0,0,28.2,7.4,0.0,4,1.0,74.69,655.69
2023-10-10,S001,P001,Clothing,15,117,301.42,0,0,29.2,9.1,0.0,13,0.97,212.52,1333.5
2023-10-10,S001,P002,Food,30,76,342.38,0,0,18.9,0.6,0.0,11,0.97,265.26,2313.6
2023-10-10,S001,P003,Home,26,104,448.96,0,1,20.0,1.8,0.0,12,0.96,267.08,4728.88
2023-10-10,S001,P004,Toys,19,139,298.63,0,0,26.2,0.3,0.0,8,0.97,150.53,2813.9
2023-10-10,S001,P005,Electronics,22,105,308.85,0,0,18.8,0.0,0.0,1,0.94,125.33,4037.44
2023-10-10,S002,P001,Clothing,20,93,203.76,0,0,10.8,0.0,0.0,2,0.75,129.35,1488.2
2023-10-10,S002,P002,Food,20,136,21.79,0,0,36.3,0.6,0.0,2,0.88,11.98,196.2
2023-10-10,S002,P003,Home,22,112,361.3,0,0,29.9,3.3,0.0,12,0.72,189.43,3781.14
2023-10-10,S002,P004,Toys,24,132,341.34,0,0,22.2,1.5,0.0,7,,172.94,4041.6
2023-10-10,S002,P005,Electronics,18,110,224.29,0,0,13.4,0.0,0.0,13,0.98,135.25,1602.72
2023-10-10,S003,P001,Clothing,20,59,158.95,0,0,28.9,9.7,0.0,6,0.98,122.54,728.2
2023-10-10,S003,P002,Food,14,71,304.68,0,0,16.4,0.0,0.0,8,0.77,155.96,2082.08
2023-10-10,S003,P003,Home,19,150,147.15,0,0,19.3,4.3,0.0,3,0.89,61.46,1628.11
2023-10-10,S003,P004,Toys,23,122,179.37,0,0,23.3,6.8,0.0,3,0.99,79.59,2294.94
2023-10-10,S003,P005,Electronics,19,79,472.21,0,0,,8.5,0.0,4,0.82,294.25,3381.24
2023-10-11,S001,P001,Clothing,20,100,221.36,0,0,,0.0,0.0,11,0.86,97.77,2471.8
2023-10-11,S001,P002,Food,15,94,456.11,0,0,2.5,2.7,0.0,8,0.76,354.31,1527.0
2023-10-11,S001,P003,Home,16,143,255.85,0,0,17.1,0.0,0.0,1,1.0,170.27,1369.28
2023-10-11,S001,P004,Toys,28,102,70.97,0,0,13.8,8.0,0.0,4,0.75,43.62,765.8
2023-10-11,S001,P005,Electronics,34,81,125.65,1,0,,7.2,0.1,5,0.96,77.69,1203.43
2023-10-11,S002,P001,Clothing,14,91,44.84,0,0,30.3,10.3,0.0,9,0.88,26.78,252.84
2023-10-11,S002,P002,Food,16,96,354.72,0,0,23.5,7.0,0.0,10,0.98,264.75,1439.52
2023-10-11,S002,P003,Home,19,73,383.28,0,0,19.9,0.0,0.0,6,0.71,193.18,3611.9
2023-10-11,S002,P004,Toys,19,121,79.79,0,0,21.2,0.0,0.0,7,0.71,43.91,681.72
2023-10-11,S002,P005,Electronics,19,96,443.34,0,0,20.2,0.0,0.0,13,0.71,334.19,2073.85
2023-10-11,S003,P001,Clothing,19,61,459.34,0,0,-13.4,4.7,0.0,10,1.0,185.98,5193.84
2023-10-11,S003,P002,Food,18,83,273.46,0,0,24.6,1.5,0.0,10,0.82,194.32,1424.52
2023-10-11,S003,P003,Home,19,120,129.41,0,0,11.6,2.4,0.0,8,0.77,79.92,940.31
2023-10-11,S003,P004,Toys,33,125,416.32,1,0,21.2,13.6,0.24,5,0.87,330.56,-467.17
2023-10-11,S003,P005,Electronics,18,115,353.02,0,0,29.6,9.1,0.0,9,0.85,231.42,2188.8
2023-10-12,S001,P001,Clothing,45,101,409.75,1,1,24.6,0.0,0.08,12,0.97,276.15,4536.9
2023-10-12,S001,P002,Food,20,97,450.32,0,0,27.9,4.9,0.0,5,0.89,334.53,2315.8
2023-10-12,S001,P003,Home,19,112,58.0,1,0,46.2,2.0,0.25,2,0.83,40.75,52.25
2023-10-12,S001,P004,Toys,20,102,328.18,0,0,18.7,0.0,0.0,2,,163.26,3298.4
2023-10-12,S001,P005,Electronics,21,83,82.54,0,0,29.4,0.0,0.0,9,0.73,62.75,415.59
2023-10-12,S002,P001,Clothing,24,112,330.8,0,0,14.7,6.5,0.0,4,0.9,180.45,3608.4
2023-10-12,S002,P002,Food,21,99,322.87,0,0,12.8,4.8,0.0,5,0.73,246.97,1593.9
2023-10-12,S002,P003,Home,16,113,480.77,0,0,13.8,0.0,0.0,2,1.0,232.27,3976.0
2023-10-12,S002,P004,Toys,21,116,227.58,1,0,32.3,0.0,0.06,1,0.73,124.77,1872.26
2023-10-12,S002,P005,Electronics,20,107,131.17,0,0,7.1,2.6,0.0,5,0.81,64.0,1343.4
2023-10-12,S003,P001,Clothing,15,107,461.58,0,0,43.8,7.8,0.0,5,0.85,235.6,3389.7
2023-10-12,S003,P002,Food,21,115,321.15,0,0,16.7,0.3,0.0,10,0.85,132.1,3970.05
2023-10-12,S003,P003,Home,16,127,383.15,0,0,36.0,0.0,0.0,4,0.72,238.49,2314.56
2023-10-12,S003,P004,Toys,34,84,76.86,1,0,24.2,0.0,0.24,11,,49.1,316.66
2023-10-12,S003,P005,Electronics,22,102,319.27,0,1,31.8,7.0,0.0,1,0.73,167.29,3343.56
2023-10-13,S001,P001,Clothing,20,119,481.81,0,0,29.3,0.0,0.0,8,0.91,240.45,4827.2
2023-10-13,S001,P002,Food,26,87,149.25,0,0,13.0,0.0,0.0,11,0.74,109.73,1027.52
2023-10-13,S001,P003,Home,25,111,291.99,0,0,21.7,4.1,0.0,1,0.87,159.75,3306.0
2023-10-13,S001,P004,Toys,21,115,437.69,0,0,43.4,0.0,0.0,9,0.91,194.44,5108.25
2023-10-13,S001,P005,Electronics,20,55,170.1,0,0,,5.3,0.0,10,0.92,112.78,1146.4
2023-10-13,S002,P001,Clothing,19,76,321.04,0,0,10.8,6.6,0.0,13,0.82,240.4,1532.16
2023-10-13,S002,P002,Food,23,99,30.27,0,0,33.0,7.5,0.0,7,0.86,12.92,399.05
2023-10-13,S002,P003,Home,22,115,421.92,0,0,39.2,0.0,0.0,13,0.98,314.02,2373.8
2023-10-13,S002,P004,Toys,23,117,230.18,0,0,36.7,,0.0,8,0.7,143.68,1989.5
2023-10-13,S002,P005,Electronics,34,64,490.04,0,1,14.0,3.6,0.0,7,0.78,201.83,9799.14
2023-10-13,S003,P001,Clothing,18,66,288.45,0,0,18.5,0.2,0.0,10,0.8,214.3,1334.7
2023-10-13,S003,P002,Food,21,93,327.48,0,0,25.3,5.0,0.0,5,0.96,201.64,2642.64
2023-10-13,S003,P003,Home,24,117,315.11,0,0,,9.2,0.0,5,0.94,127.61,4500.0
2023-10-13,S003,P004,Toys,14,96,362.72,0,0,5.2,7.4,0.0,4,0.77,283.62,1107.4
2023-10-13,S003,P005,Electronics,26,71,125.37,0,0,30.7,3.8,0.0,4,0.82,65.88,1546.74
2023-10-14,S001,P001,Clothing,16,114,404.56,0,0,37.1,2.2,0.0,6,0.72,300.73,1661.28
2023-10-14,S001,P002,Food,20,111,248.78,0,0,24.6,0.9,0.0,4,0.89,141.5,2145.6
2023-10-14,S001,P003,Home,49,73,489.01,1,0,1.9,,0.29,5,0.98,280.32,3276.98
2023-10-14,S001,P004,Toys,46,90,452.47,1,0,21.9,3.2,0.21,3,0.96,352.82,213.04
2023-10-14,S001,P005,Electronics,23,93,200.68,0,0,19.7,5.9,0.0,9,0.77,126.76,1700.16
2023-10-14,S002,P001,Clothing,110,100,29.53,0,0,13.2,0.0,0.0,5,0.7,15.17,315.92
2023-10-14,S002,P002,Food,34,126,40.65,0,0,8.0,0.0,0.0,11,0.81,30.49,345.44
2023-10-14,S002,P003,Home,26,87,374.93,0,0,13.7,2.6,0.0,8,0.94,159.84,5592.34
2023-10-14,S002,P004,Toys,24,72,385.82,0,0,27.5,0.0,0.0,10,0.92,240.34,3491.52
2023-10-14,S002,P005,Electronics,29,88,485.16,0,0,19.0,0.0,0.0,13,0.95,285.04,5803.48
2023-10-14,S003,P001,Clothing,24,130,143.15,0,0,22.6,6.0,0.0,9,0.92,109.49,807.84
2023-10-14,S003,P002,Food,25,105,424.97,0,0,13.8,0.0,0.0,2,0.85,309.0,2899.25
2023-10-14,S003,P003,Home,29,99,329.43,0,0,19.5,0.0,0.0,2,0.94,187.9,4104.37
2023-10-14,S003,P004,Toys,23,124,286.29,0,0,13.5,1.5,0.0,6,0.79,182.78,2380.73
2023-10-14,S003,P005,Electronics,20,89,16.74,0,0,9.0,3.7,0.0,13,0.72,9.64,142.0
2023-10-15,S001,P001,Clothing,37,88,226.39,1,1,47.8,6.8,0.16,8,0.84,134.74,2050.82
2023-10-15,S001,P002,Food,24,84,376.07,0,0,41.5,5.1,0.0,11,0.76,153.12,5350.8
2023-10-15,S001,P003,Home,19,82,411.12,0,1,13.0,,0.0,3,0.88,164.95,4677.23
2023-10-15,S001,P004,Toys,18,104,177.31,0,0,29.9,0.9,0.0,11,0.91,103.83,1322.64
2023-10-15,S001,P005,Electronics,23,91,193.59,0,0,16.3,8.6,0.0,12,0.71,137.51,1289.84
2023-10-15,S002,P001,Clothing,28,110,184.48,1,0,39.8,1.3,0.21,13,0.94,122.97,637.54
2023-10-15,S002,P002,Food,31,84,405.13,0,1,13.8,3.8,0.0,10,0.91,166.97,7382.96
2023-10-15,S002,P003,Home,19,99,63.59,0,0,,1.6,0.0,10,0.74,39.68,454.29
2023-10-15,S002,P004,Toys,20,63,163.3,0,0,,4.5,0.0,3,0.79,119.75,871.0
2023-10-15,S002,P005,Electronics,70,121,395.19,0,0,13.4,0.0,0.0,6,1.0,266.62,1799.98
2023-10-15,S003,P001,Clothing,25,88,475.99,0,0,18.0,3.9,0.0,7,0.94,208.18,6695.25
2023-10-15,S003,P002,Food,26,83,468.31,0,0,28.8,4.9,0.0,11,0.76,260.51,5402.8
2023-10-15,S003,P003,Home,19,91,275.5,0,0,9.3,11.6,0.0,7,0.73,155.85,2273.35
2023-10-15,S003,P004,Toys,19,52,118.07,0,0,16.2,0.0,0.0,4,0.71,74.57,826.5
2023-10-15,S003,P005,Electronics,20,83,216.63,0,0,16.7,0.6,0.0,5,0.83,113.87,2055.2
2023-10-16,S001,P001,Clothing,22,75,490.92,0,0,11.6,9.8,0.0,1,0.92,221.41,5929.22
2023-10-16,S001,P002,Food,23,59,213.63,0,0,45.2,0.0,0.0,9,0.85,123.29,2077.82
2023-10-16,S001,P003,Home,19,96,396.0,0,0,22.4,0.6,0.0,3,0.8,179.05,4122.05
2023-10-16,S001,P004,Toys,22,122,403.7,0,0,29.2,5.3,0.0,4,0.97,317.52,1895.96
2023-10-16,S001,P005,Electronics,23,112,368.72,0,0,38.2,3.3,0.0,13,0.73,276.51,2120.83
2023-10-16,S002,P001,Clothing,14,83,125.27,0,0,24.8,1.2,0.0,8,0.82,82.44,599.62
2023-10-16,S002,P002,Food,20,83,14.42,0,0,30.2,0.0,0.0,7,0.8,10.55,77.4
2023-10-16,S002,P003,Home,17,71,262.15,0,0,22.7,13.2,0.0,11,0.78,110.51,2577.88
2023-10-16,S002,P004,Toys,29,87,219.62,0,0,13.8,2.1,0.0,13,0.96,111.87,3124.75
2023-10-16,S002,P005,Electronics,22,113,421.85,0,1,18.8,0.9,0.0,5,0.77,224.31,4345.88
2023-10-16,S003,P001,Clothing,29,110,469.34,0,0,-4.4,10.2,0.0,3,0.85,295.84,5031.5
2023-10-16,S003,P002,Food,18,105,229.18,0,0,18.1,4.6,0.0,11,0.86,115.37,2048.58
2023-10-16,S003,P003,Home,17,80,374.24,0,0,9.0,5.8,0.0,8,0.87,241.23,2261.17
2023-10-16,S003,P004,Toys,20,47,232.81,0,0,22.7,3.1,0.0,2,0.96,121.79,2220.4
2023-10-16,S003,P005,Electronics,21,107,162.62,0,0,-6.9,6.2,0.0,5,0.88,106.96,1168.86
2023-10-17,S001,P001,Clothing,15,77,206.42,0,1,20.8,2.8,0.0,7,0.7,155.66,761.4
2023-10-17,S001,P002,Food,14,79,44.99,0,0,4.0,0.0,0.0,2,0.75,30.65,200.76
2023-10-17,S001,P003,Home,36,80,387.46,1,0,,9.6,0.18,13,0.74,204.48,4076.54
2023-10-17,S001,P004,Toys,26,105,352.05,0,0,19.2,1.7,0.0,8,0.83,204.93,3825.12
2023-10-17,S001,P005,Electronics,18,121,202.62,0,0,30.0,2.8,0.0,4,0.78,111.15,1646.46
2023-10-17,S002,P001,Clothing,16,106,190.79,1,0,16.7,4.1,0.18,5,0.79,77.23,1267.48
2023-10-17,S002,P002,Food,15,92,275.51,0,0,32.0,,0.0,1,,132.12,2150.85
2023-10-17,S002,P003,Home,19,110,117.27,0,0,19.0,0.0,0.0,10,0.82,89.86,520.79
2023-10-17,S002,P004,Toys,15,138,145.84,0,0,25.9,5.5,0.0,3,0.75,67.7,1172.1
2023-10-17,S002,P005,Electronics,18,128,69.97,0,0,7.4,0.0,0.0,6,0.77,37.38,586.62
2023-10-17,S003,P001,Clothing,22,110,404.61,0,0,14.7,0.0,0.0,10,0.71,268.06,3004.1
2023-10-17,S003,P002,Food,19,110,257.38,0,0,9.6,,0.0,2,0.95,126.63,2484.25
2023-10-17,S003,P003,Home,14,75,68.4,0,0,13.7,0.8,0.0,9,0.93,49.24,268.24
2023-10-17,S003,P004,Toys,19,121,285.72,0,0,-3.6,0.0,0.0,4,0.97,187.72,1862.0
2023-10-17,S003,P005,Electronics,20,113,401.59,0,1,9.3,0.6,0.0,12,,181.82,4395.4
2023-10-18,S001,P001,Clothing,23,110,378.79,0,0,25.3,3.7,0.0,4,0.84,168.79,4830.0
2023-10-18,S001,P002,Food,21,127,279.16,0,0,7.1,8.2,0.0,8,0.93,162.88,2441.88
2023-10-18,S001,P003,Home,28,109,185.24,0,0,22.3,0.7,0.0,3,0.84,119.14,1850.8
2023-10-18,S001,P004,Toys,22,82,26.92,0,1,18.2,2.1,0.0,7,0.74,20.81,134.42
2023-10-18,S001,P005,Electronics,24,91,272.7,0,1,27.6,0.0,0.0,4,0.82,198.58,1778.88
2023-10-18,S002,P001,Clothing,31,83,459.15,1,0,22.7,1.5,0.15,11,0.87,202.16,5831.64
2023-10-18,S002,P002,Food,15,116,42.56,0,0,5.8,,0.0,12,0.76,32.58,149.7
2023-10-18,S002,P003,Home,24,84,284.51,0,0,23.2,15.7,0.0,8,0.93,136.66,3548.4
2023-10-18,S002,P004,Toys,19,108,35.5,0,0,23.1,5.1,0.0,6,0.84,28.3,136.8
2023-10-18,S002,P005,Electronics,16,105,441.25,0,0,7.0,3.8,0.0,9,0.97,275.61,2650.24
2023-10-18,S003,P001,Clothing,29,89,326.93,0,0,19.3,5.9,0.0,4,0.75,250.58,2214.15
2023-10-18,S003,P002,Food,14,140,197.04,0,0,19.5,0.0,0.0,1,0.83,122.77,1039.78
2023-10-18,S003,P003,Home,18,138,88.59,0,0,2.3,0.0,0.0,8,0.93,44.44,794.7
2023-10-18,S003,P004,Toys,18,88,153.09,0,0,11.6,,0.0,7,0.97,99.49,964.8
2023-10-18,S003,P005,Electronics,27,98,413.69,0,0,35.9,2.7,0.0,4,0.99,171.16,6548.31
2023-10-19,S001,P001,Clothing,18,77,69.25,0,0,4.8,0.0,0.0,12,0.93,44.25,450.0
2023-10-19,S001,P002,Food,22,80,419.82,0,0,17.4,4.4,0.0,1,0.74,250.86,3717.12
2023-10-19,S001,P003,Home,17,123,279.31,0,0,9.1,0.0,0.0,2,0.94,177.07,1738.08
2023-10-19,S001,P004,Toys,25,98,382.13,0,0,31.4,9.6,0.0,1,0.96,156.18,5648.75
2023-10-19,S001,P005,Electronics,11,68,154.95,0,0,28.8,6.7,0.0,13,0.72,71.42,918.83
2023-10-19,S002,P001,Clothing,14,70,416.34,0,0,16.5,7.2,0.0,12,0.93,243.66,2417.52
2023-10-19,S002,P002,Food,19,100,286.02,0,0,16.8,3.7,0.0,3,0.89,188.78,1847.56
2023-10-19,S002,P003,Home,26,77,268.8,0,0,7.1,0.0,0.0,11,0.94,110.66,4111.64
2023-10-19,S002,P004,Toys,22,99,366.56,0,0,3.6,1.2,0.0,9,0.75,256.98,2410.76
2023-10-19,S002,P005,Electronics,20,111,24.35,0,0,4.5,0.9,0.0,6,0.8,10.47,277.6
2023-10-19,S003,P001,Clothing,15,109,76.34,0,0,5.3,7.2,0.0,5,0.85,45.26,466.2
2023-10-19,S003,P002,Food,22,81,40.61,0,0,9.5,3.9,0.0,3,0.93,23.6,374.22
2023-10-19,S003,P003,Home,15,82,140.21,0,0,22.4,2.4,0.0,6,0.96,72.04,1022.55
2023-10-19,S003,P004,Toys,22,98,170.45,0,0,23.6,2.1,0.0,11,0.97,121.01,1087.68
2023-10-19,S003,P005,Electronics,13,154,26.38,0,0,30.0,0.0,0.0,12,0.75,17.21,119.21
2023-10-20,S001,P001,Clothing,27,114,299.0,0,0,16.1,0.0,0.0,1,0.8,129.86,4566.78
2023-10-20,S001,P002,Food,22,79,491.43,0,0,,7.2,0.0,2,0.83,349.8,3115.86
2023-10-20,S001,P003,Home,26,95,399.77,0,0,38.4,5.6,0.0,7,0.81,253.46,3804.06
2023-10-20,S001,P004,Toys,26,77,466.04,0,0,24.2,8.9,0.0,5,,200.19,6912.1
2023-10-20,S001,P005,Electronics,16,91,176.46,0,0,6.0,2.5,0.0,13,0.89,102.89,1177.12
2023-10-20,S002,P001,Clothing,16,106,221.44,0,0,-11.3,4.0,0.0,2,0.83,125.92,1528.32
2023-10-20,S002,P002,Food,25,137,353.92,0,0,29.9,0.0,0.0,12,0.81,248.87,2626.25
2023-10-20,S002,P003,Home,22,82,240.25,0,0,29.3,6.3,0.0,8,0.96,121.64,2609.42
2023-10-20,S002,P003,Home,22,82,240.25,0,0,29.3,6.3,0.0,8,0.96,121.64,2609.42
2023-10-20,S002,P004,Toys,24,79,24.68,0,0,21.3,6.3,0.0,9,0.74,15.72,215.04
2023-10-20,S002,P005,Electronics,21,72,434.19,0,0,22.1,8.3,0.0,8,,344.38,1886.01
2023-10-20,S003,P001,Clothing,18,104,261.59,0,0,19.2,0.0,0.0,9,0.77,172.65,1600.92
2023-10-20,S003,P002,Food,25,92,139.73,0,0,26.4,17.5,0.0,3,0.87,80.27,1486.5
2023-10-20,S003,P003,Home,28,83,106.05,1,0,16.2,0.0,0.15,6,0.87,43.21,1314.11
2023-10-20,S003,P004,Toys,180,116,296.73,1,0,39.2,0.9,0.17,9,0.85,126.94,4296.45
2023-10-20,S003,P005,Electronics,19,100,89.41,0,0,40.4,0.0,0.0,1,0.89,52.74,696.73
2023-10-21,S001,P001,Clothing,14,87,176.39,0,0,15.8,1.2,0.0,7,0.91,121.62,766.78
2023-10-21,S001,P002,Food,31,69,258.01,0,0,13.0,0.0,0.0,5,0.85,157.97,3101.24
2023-10-21,S001,P003,Home,25,103,373.04,0,1,28.7,0.0,0.0,10,0.95,258.55,2862.25
2023-10-21,S001,P004,Toys,34,124,117.21,0,0,39.8,4.4,0.0,13,0.88,86.32,1050.26
2023-10-21,S001,P005,Electronics,20,138,134.57,0,0,8.5,11.9,0.0,8,0.73,75.56,1180.2
2023-10-21,S002,P001,Clothing,33,89,199.59,0,0,11.3,4.6,0.0,12,0.75,97.74,3361.05
2023-10-21,S002,P002,Food,17,84,274.24,0,0,16.3,0.0,0.0,10,0.88,180.58,1592.22
2023-10-21,S002,P003,Home,20,83,182.59,0,0,19.8,0.0,0.0,13,0.82,82.67,1998.4
2023-10-21,S002,P004,Toys,39,100,281.55,1,0,12.2,11.9,0.11,1,0.98,123.12,4970.92
2023-10-21,S002,P005,Electronics,22,150,92.54,0,0,5.4,1.7,0.0,3,0.79,53.6,856.68
2023-10-21,S003,P001,Clothing,28,134,337.7,0,0,26.9,4.0,0.0,11,0.75,140.47,5522.44
2023-10-21,S003,P002,Food,29,89,316.12,0,0,23.4,5.3,0.0,6,0.8,213.86,2965.54
2023-10-21,S003,P003,Home,20,132,243.99,0,0,13.1,,0.0,13,0.87,122.57,2428.4
2023-10-21,S003,P004,Toys,19,100,364.44,0,0,25.3,9.7,0.0,2,0.81,206.53,3000.29
2023-10-21,S003,P005,Electronics,31,118,354.51,0,1,3.3,2.1,0.0,10,0.75,211.99,4418.12
2023-10-22,S001,P001,Clothing,24,100,370.9,0,0,41.6,0.0,0.0,12,0.91,265.06,2540.16
2023-10-22,S001,P002,Food,20,89,98.7,0,0,38.4,0.0,0.0,9,0.7,45.57,1062.6
2023-10-22,S001,P003,Home,24,84,303.0,0,0,20.4,0.8,0.0,11,0.73,130.24,4146.24
2023-10-22,S001,P004,Toys,25,89,232.84,0,0,29.8,1.5,0.0,13,0.89,113.05,2994.75
2023-10-22,S001,P005,Electronics,37,94,61.88,1,1,6.2,0.0,0.28,9,0.84,25.14,718.3
2023-10-22,S002,P001,Clothing,19,63,362.47,0,0,18.1,0.0,0.0,3,0.91,148.16,4071.89
2023-10-22,S002,P002,Food,17,103,202.19,0,0,16.8,8.0,0.0,5,0.99,128.46,1253.41
2023-10-22,S002,P003,Home,25,91,177.93,0,0,23.9,3.0,0.0,6,0.89,141.15,919.5
2023-10-22,S002,P004,Toys,35,84,217.51,0,0,,0.0,0.0,11,0.88,170.75,1636.6
2023-10-22,S002,P005,Electronics,27,116,256.64,0,0,23.8,0.0,0.0,13,0.87,132.82,3343.14
2023-10-22,S003,P001,Clothing,28,66,408.03,0,0,,15.0,0.0,3,0.78,272.08,3806.6
2023-10-22,S003,P002,Food,24,81,269.12,0,0,,0.0,0.0,10,0.98,126.28,3428.16
2023-10-22,S003,P003,Home,22,97,97.58,0,0,23.1,2.4,0.0,2,0.9,54.64,944.68
2023-10-22,S003,P004,Toys,17,86,51.04,0,0,5.2,9.0,0.0,7,0.99,35.93,256.87
2023-10-22,S003,P005,Electronics,14,77,168.69,0,0,26.9,1.3,0.0,11,0.86,76.78,1286.74
2023-10-23,S001,P001,Clothing,19,85,470.31,0,0,40.0,0.0,0.0,8,0.94,307.63,3090.92
2023-10-23,S001,P002,Food,16,94,367.14,0,0,12.8,0.0,0.0,5,0.85,154.02,3409.92
2023-10-23,S001,P003,Home,17,112,305.22,0,0,16.3,6.0,0.0,4,0.88,164.26,2396.32
2023-10-23,S001,P004,Toys,24,102,350.86,0,0,21.7,0.0,0.0,4,0.88,231.85,2856.24
2023-10-23,S001,P005,Electronics,21,93,305.32,0,0,,0.0,0.0,5,0.83,220.25,1786.47
2023-10-23,S002,P001,Clothing,15,62,450.42,0,0,2.0,,0.0,1,0.86,288.56,2427.9
2023-10-23,S002,P001,Clothing,15,62,450.42,0,0,2.0,,0.0,1,0.86,288.56,2427.9
2023-10-23,S002,P002,Food,17,131,273.25,0,0,6.2,2.9,0.0,8,0.85,142.98,2214.59
2023-10-23,S002,P003,Home,14,74,48.74,0,0,30.4,1.5,0.0,1,0.71,26.2,315.56
2023-10-23,S002,P004,Toys,22,105,304.25,0,0,29.3,4.3,0.0,10,0.97,223.43,1778.04
2023-10-23,S002,P005,Electronics,17,70,33.62,0,0,-10.1,0.1,0.0,4,0.89,20.39,224.91
2023-10-23,S003,P001,Clothing,20,96,50.48,0,0,-2.6,2.0,0.0,13,0.71,25.12,507.2
2023-10-23,S003,P002,Food,22,98,68.71,0,0,-1.4,0.0,0.0,11,0.78,53.44,335.94
2023-10-23,S003,P003,Home,15,123,389.58,0,0,21.6,2.9,0.0,13,0.72,241.36,2223.3
2023-10-23,S003,P004,Toys,17,52,294.73,0,0,36.7,1.8,0.0,3,0.92,127.25,2847.16
2023-10-23,S003,P005,Electronics,20,95,238.53,0,0,19.0,0.0,0.0,1,0.87,147.45,1821.6
2023-10-24,S001,P001,Clothing,19,71,469.7,0,0,17.5,0.0,0.0,7,0.97,308.83,3056.53
2023-10-24,S001,P002,Food,17,96,291.21,0,0,14.9,1.1,0.0,2,0.94,177.45,1933.92
2023-10-24,S001,P003,Home,17,135,109.43,0,0,23.5,0.0,0.0,6,0.87,65.38,748.85
2023-10-24,S001,P004,Toys,23,91,28.46,0,0,33.7,0.0,0.0,7,1.0,14.21,327.75
2023-10-24,S001,P005,Electronics,21,94,137.92,0,0,24.9,2.4,0.0,5,0.71,69.8,1430.52
2023-10-24,S002,P001,Clothing,22,76,329.41,1,0,19.3,0.0,0.07,11,0.99,194.71,2456.11
2023-10-24,S002,P002,Food,22,122,98.9,0,0,30.2,0.6,0.0,3,0.96,50.46,1065.68
2023-10-24,S002,P003,Home,16,112,159.7,0,0,25.1,6.0,0.0,5,0.74,82.35,1237.6
2023-10-24,S002,P004,Toys,22,79,43.52,0,0,21.4,5.4,0.0,9,0.87,31.01,275.22
2023-10-24,S002,P005,Electronics,22,73,50.38,0,0,35.9,5.4,0.0,1,0.8,39.31,243.54
2023-10-24,S003,P001,Clothing,28,102,353.3,0,0,26.7,0.3,0.0,8,0.93,225.31,3583.72
2023-10-24,S003,P002,Food,23,111,289.74,0,0,10.9,10.8,0.0,7,0.72,218.32,1642.66
2023-10-24,S003,P003,Home,22,100,174.13,0,0,1.8,0.0,0.0,4,0.83,84.93,1962.4
2023-10-24,S003,P004,Toys,23,72,306.97,0,0,23.4,0.0,0.0,1,0.86,146.44,3692.19
2023-10-24,S003,P005,Electronics,15,104,283.64,0,0,19.0,0.0,0.0,8,0.75,159.7,1859.1
2023-10-25,S001,P001,Clothing,15,120,92.06,0,0,18.3,0.6,0.0,12,0.74,48.53,652.95
2023-10-25,S001,P002,Food,23,122,329.25,0,0,19.8,9.6,0.0,10,0.7,220.14,2509.53
2023-10-25,S001,P003,Home,23,134,361.42,0,0,19.9,0.0,0.0,12,0.89,273.91,2012.73
2023-10-25,S001,P004,Toys,17,91,331.93,0,0,29.8,,0.0,6,0.76,174.95,2668.66
2023-10-25,S001,P005,Electronics,20,82,339.56,0,0,6.9,7.7,0.0,13,0.95,164.76,3496.0
2023-10-25,S002,P001,Clothing,24,139,195.84,1,0,,7.9,0.15,4,0.7,135.87,734.26
2023-10-25,S002,P002,Food,23,69,214.92,0,0,6.6,6.0,0.0,11,0.82,116.09,2273.09
2023-10-25,S002,P003,Home,100,84,190.84,0,0,25.8,8.5,0.0,3,0.85,139.52,1026.4
2023-10-25,S002,P004,Toys,30,108,432.66,1,0,14.1,0.0,0.21,11,0.79,269.03,2183.14
2023-10-25,S002,P005,Electronics,14,75,284.33,0,0,,8.0,0.0,6,0.78,182.22,1429.54
2023-10-25,S003,P001,Clothing,40,62,43.27,1,0,14.5,0.0,0.09,1,0.99,30.41,358.63
2023-10-25,S003,P002,Food,33,94,17.6,1,0,29.9,0.9,0.27,11,0.8,12.12,24.02
2023-10-25,S003,P003,Home,26,107,53.79,0,0,33.4,4.3,0.0,9,0.73,28.06,668.98
2023-10-25,S003,P004,Toys,22,130,65.49,0,0,9.9,,0.0,7,0.94,43.07,493.24
2023-10-25,S003,P005,Electronics,19,91,321.23,0,0,,1.5,0.0,7,0.84,153.28,3191.05
2023-10-26,S001,P001,Clothing,23,125,36.66,0,0,8.2,7.8,0.0,13,0.74,27.59,208.61
2023-10-26,S001,P002,Food,25,45,230.4,0,0,7.9,,0.0,4,0.99,147.18,2080.5
2023-10-26,S001,P003,Home,20,127,140.37,0,0,21.7,6.6,0.0,9,0.93,82.54,1156.6
2023-10-26,S001,P004,Toys,18,110,214.15,0,0,21.8,4.1,0.0,5,0.91,101.33,2030.76
2023-10-26,S001,P005,Electronics,22,94,223.86,0,1,16.4,5.9,0.0,11,0.87,158.03,1448.26
2023-10-26,S002,P001,Clothing,22,102,180.97,0,0,13.9,6.1,0.0,11,0.97,86.19,2085.16
2023-10-26,S002,P002,Food,17,88,149.74,0,0,16.7,0.0,0.0,9,0.91,64.9,1442.28
2023-10-26,S002,P003,Home,19,92,278.42,0,0,3.9,9.5,0.0,12,0.72,169.72,2065.3
2023-10-26,S002,P004,Toys,19,126,434.91,0,0,11.2,,0.0,9,0.97,219.57,4091.46
2023-10-26,S002,P005,Electronics,18,110,24.43,0,0,25.8,0.0,0.0,10,0.8,18.19,112.32
2023-10-26,S003,P001,Clothing,20,109,271.91,0,0,,0.0,0.0,3,0.95,197.38,1490.6
2023-10-26,S003,P002,Food,19,134,243.24,0,0,,1.4,0.0,13,0.84,169.88,1393.84
2023-10-26,S003,P003,Home,19,124,412.96,0,0,25.3,0.0,0.0,2,0.83,304.81,2054.85
2023-10-26,S003,P004,Toys,17,76,490.27,0,0,22.0,3.1,0.0,4,0.93,198.05,4967.74
2023-10-26,S003,P005,Electronics,20,110,27.38,0,0,30.1,4.6,0.0,1,0.98,11.98,308.0
2023-10-27,S001,P001,Clothing,19,90,250.28,0,0,19.7,11.2,0.0,9,0.97,178.4,1365.72
2023-10-27,S001,P002,Food,14,126,208.27,0,0,22.0,1.9,0.0,12,0.88,161.91,649.04
2023-10-27,S001,P003,Home,21,102,102.25,0,0,17.1,0.0,0.0,6,0.86,46.59,1168.86
2023-10-27,S001,P004,Toys,25,133,396.96,0,0,5.0,0.0,0.0,7,0.96,187.92,5226.0
2023-10-27,S001,P005,Electronics,30,76,88.92,1,0,20.6,5.9,0.25,8,0.91,56.44,307.5
2023-10-27,S002,P001,Clothing,16,100,251.54,0,0,23.5,0.0,0.0,7,0.92,102.52,2384.32
2023-10-27,S002,P002,Food,21,90,453.79,0,0,15.8,7.1,0.0,11,0.94,280.93,3630.06
2023-10-27,S002,P003,Home,13,101,246.81,0,0,8.5,0.0,0.0,2,0.92,194.04,686.01
2023-10-27,S002,P004,Toys,16,99,368.99,0,0,3.9,1.5,0.0,3,0.7,232.13,2189.76
2023-10-27,S002,P005,Electronics,11,80,324.89,0,0,17.7,0.8,0.0,4,0.99,224.31,1106.38
2023-10-27,S003,P001,Clothing,26,72,365.5,0,0,41.3,6.3,0.0,5,0.77,243.54,3170.96
2023-10-27,S003,P002,Food,22,103,269.29,0,0,16.7,0.0,0.0,5,0.97,204.35,1428.68
2023-10-27,S003,P003,Home,20,99,252.47,0,0,20.6,2.8,0.0,9,,135.43,2340.8
2023-10-27,S003,P004,Toys,18,102,183.84,0,0,4.6,0.0,0.0,12,0.92,96.63,1569.78
2023-10-27,S003,P005,Electronics,19,97,49.56,0,0,27.6,0.7,0.0,1,0.8,36.27,252.51
2023-10-27,S003,P005,Electronics,19,97,49.56,0,0,27.6,0.7,0.0,1,0.8,36.27,252.51
2023-10-28,S001,P001,Clothing,20,105,85.13,0,0,25.5,0.0,0.0,9,,46.55,771.6
2023-10-28,S001,P002,Food,28,100,360.34,0,0,,4.2,0.0,1,0.98,160.5,5595.52
2023-10-28,S001,P003,Home,24,123,131.35,0,0,30.3,5.0,0.0,3,0.95,80.47,1221.12
2023-10-28,S001,P004,Toys,19,81,150.13,0,0,,0.0,0.0,4,0.99,62.65,1662.12
2023-10-28,S001,P005,Electronics,25,107,114.92,0,0,18.7,4.1,0.0,2,0.86,74.46,1011.5
2023-10-28,S002,P001,Clothing,27,103,115.33,0,0,18.2,3.6,0.0,1,0.76,92.04,628.83
2023-10-28,S002,P002,Food,25,113,147.82,0,0,18.9,0.0,0.0,5,0.92,75.09,1818.25
2023-10-28,S002,P003,Home,20,123,481.0,0,0,16.1,0.9,0.0,12,0.93,254.64,4527.2
2023-10-28,S002,P004,Toys,15,85,403.69,0,0,24.0,7.2,0.0,1,0.94,222.38,2719.65
2023-10-28,S002,P005,Electronics,25,111,361.86,0,0,11.4,5.2,0.0,9,0.91,175.71,4653.75
2023-10-28,S003,P001,Clothing,25,134,300.3,0,0,15.5,6.0,0.0,7,0.94,197.43,2571.75
2023-10-28,S003,P002,Food,18,80,120.9,0,0,11.7,0.2,0.0,11,0.85,80.07,734.94
2023-10-28,S003,P003,Home,23,122,62.14,0,0,24.0,3.4,0.0,1,0.95,27.65,793.27
2023-10-28,S003,P004,Toys,22,94,113.22,0,0,19.2,1.9,0.0,12,0.98,76.06,817.52
2023-10-28,S003,P005,Electronics,22,83,433.43,0,0,35.2,1.4,0.0,6,0.73,245.23,4140.4
2023-10-29,S001,P001,Clothing,18,108,495.79,0,0,36.5,0.0,0.0,4,,391.35,1879.92
2023-10-29,S001,P002,Food,22,80,423.23,0,0,23.1,3.3,0.0,7,0.85,176.12,5436.42
2023-10-29,S001,P003,Home,19,84,190.77,0,0,11.6,3.6,0.0,10,0.96,103.84,1651.67
2023-10-29,S001,P004,Toys,29,120,432.23,1,0,22.2,6.3,0.16,11,0.89,343.91,555.73
2023-10-29,S001,P005,Electronics,26,123,289.58,0,0,30.0,1.0,0.0,6,0.94,192.52,2523.56
2023-10-29,S002,P001,Clothing,16,134,432.14,0,0,17.0,12.4,0.0,12,0.94,196.04,3777.6
2023-10-29,S002,P002,Food,28,89,129.62,0,0,21.3,0.0,0.0,6,0.95,82.03,1332.52
2023-10-29,S002,P003,Home,16,105,119.48,0,0,2.9,0.0,0.0,2,0.91,67.74,827.84
2023-10-29,S002,P004,Toys,20,60,159.23,0,0,,0.0,0.0,5,0.78,94.43,1296.0
2023-10-29,S002,P005,Electronics,34,112,66.72,0,1,22.7,1.0,0.0,9,0.86,33.43,1131.86
2023-10-29,S003,P001,Clothing,22,108,455.12,0,0,19.7,4.7,0.0,6,0.76,185.75,5926.14
2023-10-29,S003,P002,Food,19,108,431.78,0,0,39.4,7.3,0.0,2,0.92,188.87,4615.29
2023-10-29,S003,P003,Home,22,79,183.11,0,0,3.6,5.5,0.0,12,0.95,142.81,886.6
2023-10-29,S003,P004,Toys,31,121,163.44,1,0,19.6,7.3,0.23,7,,121.6,131.71
2023-10-29,S003,P005,Electronics,19,87,236.31,0,0,2.8,2.8,0.0,11,0.84,148.59,1666.68
2023-10-30,S001,P001,Clothing,19,120,366.39,0,0,22.9,0.0,0.0,11,0.94,151.86,4076.07
2023-10-30,S001,P002,Food,21,84,47.52,0,0,14.3,11.9,0.0,1,,24.3,487.62
2023-10-30,S001,P003,Home,17,105,249.57,0,0,21.3,6.2,0.0,1,0.92,186.6,1070.49
2023-10-30,S001,P004,Toys,20,95,465.49,0,0,31.1,0.0,0.0,7,0.93,363.48,2040.2
2023-10-30,S001,P005,Electronics,21,87,350.93,0,0,20.4,6.1,0.0,11,0.79,170.85,3781.68
2023-10-30,S002,P001,Clothing,18,106,264.06,0,0,,9.2,0.0,11,0.79,146.4,2117.88
2023-10-30,S002,P002,Food,22,114,395.11,0,0,11.0,0.0,0.0,10,0.84,215.03,3961.76
2023-10-30,S002,P003,Home,19,120,242.13,0,0,23.7,9.4,0.0,2,0.89,176.48,1247.35
2023-10-30,S002,P004,Toys,25,89,259.57,0,0,44.5,0.0,0.0,9,0.86,130.7,3221.75
2023-10-30,S002,P005,Electronics,19,140,212.28,0,0,26.6,0.0,0.0,4,0.98,123.22,1692.14
2023-10-30,S003,P001,Clothing,18,108,364.72,0,0,24.9,0.0,0.0,1,0.87,260.16,1882.08
2023-10-30,S003,P002,Food,145,100,244.52,0,0,28.4,0.7,0.0,3,0.95,153.23,2647.41
2023-10-30,S003,P003,Home,23,76,342.6,0,0,,0.0,0.0,6,0.96,246.68,2206.16
2023-10-30,S003,P004,Toys,26,95,310.88,0,0,16.1,1.9,0.0,12,0.94,187.97,3195.66
2023-10-30,S003,P005,Electronics,15,86,19.49,0,0,12.7,3.8,0.0,10,0.77,10.86,129.45
2023-10-31,S001,P001,Clothing,18,78,262.61,0,0,19.2,0.2,0.0,13,0.8,142.75,2157.48
2023-10-31,S001,P002,Food,15,105,309.41,0,0,12.9,0.0,0.0,1,0.89,221.41,1320.0
2023-10-31,S001,P003,Home,16,107,205.84,0,0,23.3,1.8,0.0,11,0.81,156.3,792.64
2023-10-31,S001,P004,Toys,21,116,256.57,0,0,,1.6,0.0,11,0.9,186.62,1468.95
2023-10-31,S001,P005,Electronics,27,124,368.29,0,1,18.9,3.7,0.0,9,0.88,220.57,3988.44
2023-10-31,S002,P001,Clothing,15,129,172.2,0,0,14.3,0.0,0.0,5,0.99,116.09,841.65
2023-10-31,S002,P002,Food,37,105,447.48,1,0,11.4,0.0,0.19,3,0.92,355.35,263.03
2023-10-31,S002,P003,Home,25,115,412.19,0,1,26.7,13.6,0.0,11,0.8,308.85,2583.5
2023-10-31,S002,P004,Toys,25,87,158.13,0,0,,5.1,0.0,11,0.86,107.16,1274.25
2023-10-31,S002,P005,Electronics,13,100,94.75,0,0,19.4,7.3,0.0,3,0.86,47.3,616.85
2023-10-31,S003,P001,Clothing,18,86,64.69,0,0,26.5,1.6,0.0,13,0.93,50.98,246.78
2023-10-31,S003,P002,Food,22,123,122.89,1,0,19.3,2.6,0.24,4,0.78,96.49,-68.06
2023-10-31,S003,P003,Home,18,90,296.85,0,0,38.7,0.3,0.0,7,0.88,190.11,1921.32
2023-10-31,S003,P004,Toys,28,101,400.84,0,0,,8.0,0.0,6,0.89,311.53,2500.68
2023-10-31,S003,P005,Electronics,20,107,404.8,0,0,24.7,0.0,0.0,1,0.85,165.89,4778.2
2023-11-01,S001,P001,Clothing,37,113,272.19,1,0,11.5,0.0,0.19,1,0.81,109.39,4110.1
2023-11-01,S001,P002,Food,17,128,483.5,0,0,37.6,0.0,0.0,1,,346.71,2325.43
2023-11-01,S001,P003,Home,21,89,215.84,0,0,6.9,4.4,0.0,12,0.96,98.81,2457.63
2023-11-01,S001,P004,Toys,20,98,251.02,0,0,39.0,7.7,0.0,8,0.75,154.3,1934.4
2023-11-01,S001,P005,Electronics,21,79,93.29,0,0,15.4,0.0,0.0,4,0.7,73.66,412.23
2023-11-01,S002,P001,Clothing,14,99,29.49,0,0,23.3,0.0,0.0,2,0.84,13.34,226.1
2023-11-01,S002,P002,Food,25,95,63.08,0,0,17.8,,0.0,4,0.92,41.54,538.5
2023-11-01,S002,P003,Home,24,116,331.31,1,0,17.8,10.3,0.18,12,0.78,227.15,1068.58
2023-11-01,S002,P004,Toys,34,97,251.76,1,0,17.6,0.0,0.25,10,0.9,105.72,2825.4
2023-11-01,S002,P005,Electronics,31,93,435.08,0,0,,1.7,0.0,5,0.82,302.9,4097.58
2023-11-01,S003,P001,Clothing,15,130,316.73,0,0,31.5,7.0,0.0,11,0.84,196.57,1802.4
2023-11-01,S003,P002,Food,28,134,236.09,0,0,15.2,0.0,0.0,13,0.71,173.97,1739.36
2023-11-01,S003,P003,Home,17,68,324.06,0,0,25.4,4.1,0.0,12,0.78,131.99,3265.19
2023-11-01,S003,P004,Toys,17,133,308.86,0,0,25.7,7.5,0.0,13,0.82,228.14,1372.24
2023-11-01,S003,P005,Electronics,13,106,291.49,0,0,13.2,6.9,0.0,6,0.72,176.28,1497.73
2023-11-02,S001,P001,Clothing,27,95,384.4,0,0,33.3,6.5,0.0,3,,219.03,4464.99
2023-11-02,S001,P002,Food,16,103,488.44,0,0,23.2,0.0,0.0,2,0.81,257.45,3695.84
2023-11-02,S001,P003,Home,14,102,347.05,0,0,22.1,5.0,0.0,2,,164.37,2557.52
2023-11-02,S001,P004,Toys,15,84,101.06,0,0,11.3,2.7,0.0,3,0.95,41.05,900.15
2023-11-02,S001,P005,Electronics,30,92,328.43,1,0,26.1,4.8,0.23,7,0.94,235.2,530.73
2023-11-02,S002,P001,Clothing,14,148,415.04,0,0,-9.5,0.0,0.0,12,0.82,176.16,3344.32
2023-11-02,S002,P002,Food,28,87,156.13,0,0,25.7,5.5,0.0,1,0.83,117.13,1092.0
2023-11-02,S002,P002,Food,28,87,156.13,0,0,25.7,5.5,0.0,1,0.83,117.13,1092.0
2023-11-02,S002,P003,Home,27,81,58.65,0,0,3.5,0.0,0.0,3,,38.59,541.62
2023-11-02,S002,P004,Toys,17,52,377.2,0,0,,1.4,0.0,3,0.94,187.7,3221.5
2023-11-02,S002,P005,Electronics,34,79,247.39,1,0,17.9,0.9,0.11,8,0.95,112.85,3649.12
2023-11-02,S003,P001,Clothing,27,117,219.58,1,0,33.5,5.7,0.18,12,0.95,120.35,1612.05
2023-11-02,S003,P002,Food,19,97,335.85,0,0,25.5,8.2,0.0,3,0.82,163.32,3278.07
2023-11-02,S003,P003,Home,17,109,460.11,0,0,31.1,5.2,0.0,1,0.9,291.99,2858.04
2023-11-02,S003,P004,Toys,20,140,392.15,0,0,18.0,0.0,0.0,5,0.87,186.02,4122.6
2023-11-02,S003,P005,Electronics,15,89,108.06,0,0,29.2,8.4,0.0,11,0.81,69.75,574.65
2023-11-03,S001,P001,Clothing,19,82,385.98,0,0,19.2,6.2,0.0,13,0.99,223.79,3081.61
2023-11-03,S001,P002,Food,19,113,147.89,0,0,24.2,0.0,0.0,2,0.85,117.21,582.92
2023-11-03,S001,P003,Home,24,139,65.48,0,0,27.2,6.3,0.0,2,0.99,41.69,570.96
2023-11-03,S001,P004,Toys,21,99,197.39,0,0,,6.1,0.0,6,0.87,128.52,1446.27
2023-11-03,S001,P005,Electronics,18,100,250.65,0,0,23.2,2.1,0.0,13,0.87,191.06,1072.62
2023-11-03,S002,P001,Clothing,17,122,260.63,0,0,38.2,3.6,0.0,13,0.75,199.63,1037.0
2023-11-03,S002,P002,Food,17,98,260.45,0,0,24.0,3.7,0.0,1,0.7,174.78,1456.39
2023-11-03,S002,P003,Home,22,103,10.68,0,0,19.2,0.0,0.0,4,0.73,5.24,119.68
2023-11-03,S002,P004,Toys,17,103,129.02,0,0,13.2,4.2,0.0,7,0.89,83.97,765.85
2023-11-03,S002,P005,Electronics,16,105,220.18,0,0,10.2,0.0,0.0,4,0.71,123.22,1551.36
2023-11-03,S003,P001,Clothing,19,115,185.18,0,0,21.5,0.0,0.0,1,,110.67,1415.69
2023-11-03,S003,P002,Food,19,124,481.49,0,0,30.8,7.0,0.0,13,0.96,384.49,1843.0
2023-11-03,S003,P003,Home,18,60,58.19,0,0,7.6,5.7,0.0,7,0.91,44.32,249.66
2023-11-03,S003,P004,Toys,17,133,200.6,0,0,23.0,5.3,0.0,6,0.73,108.59,1564.17
2023-11-03,S003,P005,Electronics,20,120,290.45,0,0,-7.0,0.0,0.0,1,0.94,134.23,3124.4
2023-11-04,S001,P001,Clothing,24,97,54.25,0,0,2.6,0.0,0.0,13,0.74,26.49,666.24
2023-11-04,S001,P002,Food,26,84,275.18,0,0,10.6,1.7,0.0,12,0.78,168.08,2784.6
2023-11-04,S001,P003,Home,29,107,439.61,0,0,8.9,3.6,0.0,11,0.85,208.13,6712.92
2023-11-04,S001,P004,Toys,125,126,37.13,0,0,13.3,0.0,0.0,3,0.95,25.26,296.75
2023-11-04,S001,P005,Electronics,20,100,139.98,0,0,28.2,8.7,0.0,13,0.77,60.31,1593.4
2023-11-04,S002,P001,Clothing,22,56,236.58,0,1,34.0,0.0,0.0,11,0.81,186.94,1092.08
2023-11-04,S002,P002,Food,14,116,454.9,0,0,,,0.0,3,0.99,244.31,2948.26
2023-11-04,S002,P003,Home,18,107,342.77,0,0,8.5,6.4,0.0,12,0.97,270.14,1307.34
2023-11-04,S002,P004,Toys,23,44,136.63,0,0,22.9,2.7,0.0,13,0.98,80.48,1291.45
2023-11-04,S002,P005,Electronics,33,115,79.23,0,1,17.8,0.0,0.0,13,,49.0,997.59
2023-11-04,S003,P001,Clothing,16,120,355.05,0,0,21.1,8.8,0.0,12,0.99,142.54,3400.16
2023-11-04,S003,P002,Food,11,127,306.26,0,0,37.1,,0.0,10,0.93,184.38,1340.68
2023-11-04,S003,P003,Home,16,132,70.3,0,0,14.7,7.6,0.0,12,0.71,55.67,234.08
2023-11-04,S003,P004,Toys,33,118,199.81,0,0,,4.6,0.0,1,0.97,112.85,2869.68
2023-11-04,S003,P005,Electronics,27,88,317.35,0,0,33.4,1.2,0.0,12,0.71,191.72,3392.01
2023-11-05,S001,P001,Clothing,24,67,227.96,0,0,22.7,0.0,0.0,7,0.72,145.63,1975.92
2023-11-05,S001,P002,Food,23,65,63.94,1,0,21.4,0.0,0.2,5,0.82,48.14,69.28
2023-11-05,S001,P003,Home,24,115,63.95,0,0,15.6,8.3,0.0,7,0.82,30.7,798.0
2023-11-05,S001,P004,Toys,20,69,41.0,0,0,35.5,0.0,0.0,7,0.77,19.52,429.6
2023-11-05,S001,P005,Electronics,29,88,424.24,1,0,21.7,3.1,0.07,12,0.79,292.55,2957.8
2023-11-05,S002,P001,Clothing,14,139,161.99,0,1,27.6,0.0,0.0,10,0.96,100.31,863.52
2023-11-05,S002,P002,Food,19,97,140.82,0,0,17.8,0.0,0.0,13,0.8,88.5,994.08
2023-11-05,S002,P003,Home,20,78,355.82,0,0,6.8,8.2,0.0,7,0.95,225.32,2610.0
2023-11-05,S002,P004,Toys,18,115,57.34,0,0,17.1,3.6,0.0,9,0.91,32.96,438.84
2023-11-05,S002,P005,Electronics,14,106,380.21,0,0,14.4,5.0,0.0,12,0.94,289.48,1270.22
2023-11-05,S003,P001,Clothing,19,104,262.04,0,1,27.7,0.0,0.0,12,0.99,121.35,2673.11
2023-11-05,S003,P002,Food,30,117,430.6,0,0,15.7,5.5,0.0,8,0.97,323.69,3207.3
2023-11-05,S003,P003,Home,23,136,450.45,0,0,38.6,,0.0,13,0.96,285.62,3791.09
2023-11-05,S003,P004,Toys,13,103,16.84,0,0,13.5,0.0,0.0,4,,6.78,130.78
2023-11-05,S003,P005,Electronics,47,97,442.21,1,0,27.7,0.0,0.22,10,0.82,267.19,3653.49
2023-11-06,S001,P001,Clothing,22,102,161.97,0,0,8.4,0.0,0.0,5,0.94,120.75,906.84
2023-11-06,S001,P002,Food,12,143,160.33,0,0,27.4,8.3,0.0,13,0.89,112.74,571.08
2023-11-06,S001,P003,Home,34,102,376.97,1,1,18.1,4.1,0.27,3,0.9,289.98,-502.92
2023-11-06,S001,P004,Toys,24,122,243.83,0,0,20.7,0.0,0.0,13,0.78,174.09,1673.76
2023-11-06,S001,P005,Electronics,20,130,422.33,0,0,24.6,9.2,0.0,9,0.83,263.03,3186.0
2023-11-06,S002,P001,Clothing,22,103,31.33,0,0,13.0,,0.0,4,0.74,13.83,385.0
2023-11-06,S002,P002,Food,20,62,63.53,0,0,23.0,0.0,0.0,2,,30.29,664.8
2023-11-06,S002,P003,Home,16,112,437.99,0,0,7.6,8.5,0.0,1,0.94,179.95,4128.64
2023-11-06,S002,P004,Toys,18,119,230.31,0,0,8.9,0.6,0.0,3,0.83,112.81,2115.0
2023-11-06,S002,P005,Electronics,21,108,233.17,0,0,8.2,4.7,0.0,6,0.97,127.97,2209.2
2023-11-06,S003,P001,Clothing,24,115,470.98,0,0,,0.0,0.0,4,0.97,231.23,5754.0
2023-11-06,S003,P002,Food,13,113,167.68,0,0,35.3,6.1,0.0,8,0.96,99.28,889.2
2023-11-06,S003,P003,Home,17,103,290.07,0,0,21.8,0.0,0.0,8,0.85,189.08,1716.83
2023-11-06,S003,P004,Toys,22,113,441.87,0,0,15.5,0.0,0.0,11,0.86,185.66,5636.62
2023-11-06,S003,P005,Electronics,24,88,191.97,0,0,15.3,6.8,0.0,9,,79.88,2690.16
2023-11-07,S001,P001,Clothing,16,118,232.67,0,0,5.3,0.0,0.0,12,0.75,161.93,1131.84
2023-11-07,S001,P002,Food,20,121,136.51,0,0,,0.0,0.0,2,0.74,57.65,1577.2
2023-11-07,S001,P003,Home,11,98,183.11,0,0,11.1,,0.0,10,0.77,86.54,1062.27
2023-11-07,S001,P004,Toys,13,78,337.49,0,0,12.5,6.2,0.0,7,0.95,166.66,2220.79
2023-11-07,S001,P005,Electronics,16,83,484.37,0,0,20.0,3.6,0.0,1,,360.54,1981.28
2023-11-07,S002,P001,Clothing,22,81,245.29,0,0,-3.4,0.0,0.0,12,0.84,120.82,2738.34
2023-11-07,S002,P002,Food,32,117,481.02,0,0,9.0,6.2,0.0,13,0.91,217.34,8437.76
2023-11-07,S002,P003,Home,15,74,292.32,0,0,20.3,5.3,0.0,12,0.95,188.31,1560.15
2023-11-07,S002,P004,Toys,20,102,178.23,0,0,14.5,8.8,0.0,12,0.83,107.02,1424.2
2023-11-07,S002,P005,Electronics,36,109,203.69,1,0,22.4,0.9,0.1,5,0.9,151.67,1139.44
2023-11-07,S003,P001,Clothing,19,126,235.34,0,0,8.6,1.2,0.0,4,0.82,116.02,2267.08
2023-11-07,S003,P002,Food,18,138,183.2,0,0,21.5,3.6,0.0,2,0.86,138.91,797.22
2023-11-07,S003,P003,Home,18,67,201.04,0,0,9.0,0.0,0.0,8,0.92,135.31,1183.14
2023-11-07,S003,P004,Toys,20,103,52.6,0,0,14.5,0.0,0.0,5,0.82,34.03,371.4
2023-11-07,S003,P005,Electronics,23,82,371.71,0,0,24.3,,0.0,11,0.98,287.67,1932.92
2023-11-08,S001,P001,Clothing,22,130,191.34,0,0,14.1,10.1,0.0,2,0.79,120.72,1553.64
2023-11-08,S001,P002,Food,23,82,328.69,0,0,16.9,0.3,0.0,12,0.92,240.99,2017.1
2023-11-08,S001,P003,Home,22,71,77.12,1,0,24.2,2.7,0.09,12,0.91,32.57,827.4
2023-11-08,S001,P004,Toys,27,60,327.06,0,0,13.8,8.5,0.0,4,0.73,230.05,2619.27
2023-11-08,S001,P005,Electronics,25,91,384.69,0,1,21.5,5.0,0.0,13,0.76,242.59,3552.5
2023-11-08,S002,P001,Clothing,19,106,46.72,0,0,21.3,4.3,0.0,1,0.92,25.52,402.8
2023-11-08,S002,P002,Food,14,111,255.11,0,0,16.1,3.2,0.0,6,1.0,119.9,1892.94
2023-11-08,S002,P003,Home,17,108,43.12,0,0,10.9,3.7,0.0,9,0.81,32.58,179.18
2023-11-08,S002,P004,Toys,16,122,280.36,0,0,23.7,6.0,0.0,6,0.73,132.71,2362.4
2023-11-08,S002,P005,Electronics,17,72,457.44,0,0,21.2,2.2,0.0,4,0.76,296.6,2734.28
2023-11-08,S003,P001,Clothing,25,119,35.3,0,0,33.9,1.0,0.0,2,,24.79,262.75
2023-11-08,S003,P002,Food,15,88,171.05,0,0,7.7,0.0,0.0,1,0.99,124.45,699.0
2023-11-08,S003,P003,Home,24,88,161.5,0,0,,0.0,0.0,9,0.76,116.48,1080.48
2023-11-08,S003,P004,Toys,22,79,413.79,0,0,31.6,3.5,0.0,2,,183.24,5072.1
2023-11-08,S003,P005,Electronics,24,82,199.49,0,0,15.2,11.0,0.0,3,0.82,104.89,2270.4
2023-11-09,S001,P001,Clothing,10,93,360.98,0,0,19.9,2.8,0.0,10,0.73,187.09,1738.9
2023-11-09,S001,P002,Food,19,72,67.18,0,1,16.1,1.6,0.0,13,0.76,41.85,481.27
2023-11-09,S001,P003,Home,14,93,338.87,0,0,24.6,1.5,0.0,6,0.79,146.91,2687.44
2023-11-09,S001,P004,Toys,25,69,51.19,0,0,21.8,0.0,0.0,10,0.83,36.21,374.5
2023-11-09,S001,P005,Electronics,37,121,202.52,1,0,16.7,0.0,0.17,13,0.9,134.74,1234.01
2023-11-09,S002,P001,Clothing,100,95,432.27,0,0,2.5,0.0,0.0,7,0.82,177.48,5095.8
2023-11-09,S002,P002,Food,17,138,134.7,0,0,13.8,3.6,0.0,13,0.94,87.2,807.5
2023-11-09,S002,P003,Home,32,63,299.28,0,0,19.6,0.0,0.0,12,,233.43,2107.2
2023-11-09,S002,P004,Toys,18,84,193.9,0,0,13.4,0.0,0.0,11,0.78,82.55,2004.3
2023-11-09,S002,P005,Electronics,27,111,308.17,0,0,23.8,1.7,0.0,12,0.97,157.89,4057.56
2023-11-09,S003,P001,Clothing,15,110,98.09,0,0,23.2,0.0,0.0,10,0.72,61.92,542.55
2023-11-09,S003,P002,Food,19,88,130.18,0,0,34.8,0.0,0.0,4,0.78,66.48,1210.3
2023-11-09,S003,P003,Home,20,67,305.83,0,1,22.5,,0.0,9,0.95,241.47,1287.2
2023-11-09,S003,P004,Toys,26,131,496.41,0,0,19.2,8.0,0.0,6,0.82,298.67,5141.24
2023-11-09,S003,P005,Electronics,21,109,234.29,0,1,25.2,4.6,0.0,3,0.86,142.32,1931.37
2023-11-10,S001,P001,Clothing,16,85,475.47,0,0,15.5,3.3,0.0,5,0.82,193.96,4504.16
2023-11-10,S001,P002,Food,15,91,155.5,0,0,12.2,2.0,0.0,5,0.7,101.87,804.45
2023-11-10,S001,P003,Home,28,126,403.86,1,0,11.7,8.7,0.22,4,0.71,299.64,430.38
2023-11-10,S001,P004,Toys,18,99,173.58,0,0,26.2,0.0,0.0,13,0.88,120.44,956.52
2023-11-10,S001,P005,Electronics,19,111,192.97,0,1,6.6,5.6,0.0,5,0.99,146.99,873.62
2023-11-10,S002,P001,Clothing,22,124,320.81,0,0,16.7,3.1,0.0,8,0.98,252.26,1508.1
2023-11-10,S002,P002,Food,21,105,45.29,0,0,10.4,0.0,0.0,12,0.96,28.82,345.87
2023-11-10,S002,P003,Home,31,88,80.27,1,0,38.6,6.4,0.27,8,0.82,41.67,524.74
2023-11-10,S002,P004,Toys,21,135,275.23,0,0,13.2,1.9,0.0,6,0.79,137.99,2882.04
2023-11-10,S002,P005,Electronics,33,167,319.26,1,0,21.7,6.0,0.13,4,0.98,192.95,2798.6
2023-11-10,S003,P001,Clothing,22,80,163.67,0,0,24.8,13.6,0.0,5,0.89,98.35,1437.04
2023-11-10,S003,P002,Food,28,93,302.07,0,1,42.4,0.0,0.0,4,0.76,206.29,2681.84
2023-11-10,S003,P003,Home,75,102,260.47,0,0,34.4,0.0,0.0,6,0.93,183.95,1147.8
2023-11-10,S003,P004,Toys,30,105,439.01,1,0,17.1,0.0,0.26,10,,303.59,638.32
2023-11-10,S003,P005,Electronics,42,103,466.83,1,0,17.1,14.6,0.17,12,0.85,231.48,6551.53
2023-11-11,S001,P001,Clothing,145,135,194.42,1,0,21.7,0.6,0.12,5,0.94,89.43,2368.13
2023-11-11,S001,P002,Food,24,96,402.39,0,0,30.7,0.0,0.0,13,0.9,255.44,3526.8
2023-11-11,S001,P003,Home,18,98,67.67,0,0,6.0,5.5,0.0,3,0.76,27.34,725.94
2023-11-11,S001,P004,Toys,18,77,289.83,0,0,27.8,7.2,0.0,6,0.7,180.91,1960.56
2023-11-11,S001,P005,Electronics,31,104,320.43,0,0,17.4,0.0,0.0,5,0.94,180.17,4348.06
2023-11-11,S002,P001,Clothing,17,104,254.63,0,0,23.8,4.4,0.0,2,0.9,150.07,1777.52
2023-11-11,S002,P002,Food,17,95,204.49,0,0,29.0,0.0,0.0,11,0.98,92.95,1896.18
2023-11-11,S002,P003,Home,26,113,446.05,0,0,8.6,0.0,0.0,3,0.76,283.18,4234.62
2023-11-11,S002,P004,Toys,16,59,259.52,0,0,3.9,0.0,0.0,11,0.9,125.78,2139.84
2023-11-11,S002,P005,Electronics,29,115,57.94,1,0,29.6,9.8,0.19,8,0.72,39.35,219.86
2023-11-11,S003,P001,Clothing,25,85,283.39,0,0,20.6,0.0,0.0,2,0.84,175.76,2690.75
2023-11-11,S003,P002,Food,25,128,331.23,0,0,23.4,4.7,0.0,6,0.75,196.5,3368.25
2023-11-11,S003,P003,Home,22,76,461.18,0,0,33.7,3.3,0.0,13,0.86,310.95,3305.06
2023-11-11,S003,P004,Toys,19,105,365.54,0,0,22.3,0.0,0.0,8,0.98,246.17,2268.03
2023-11-11,S003,P005,Electronics,26,118,120.03,0,0,29.7,8.2,0.0,11,0.83,52.7,1750.58
2023-11-12,S001,P001,Clothing,23,114,162.78,0,0,41.1,13.8,0.0,4,1.0,78.21,1945.11
2023-11-12,S001,P002,Food,26,86,115.61,0,0,35.4,,0.0,12,0.84,61.01,1419.6
2023-11-12,S001,P003,Home,31,75,473.53,0,1,18.2,3.3,0.0,8,0.72,344.73,3992.8
2023-11-12,S001,P004,Toys,31,115,151.37,1,1,12.9,3.7,0.06,6,0.71,66.85,2338.57
2023-11-12,S001,P005,Electronics,36,65,309.47,0,1,14.2,5.5,0.0,2,0.97,162.59,5287.68
2023-11-12,S002,P001,Clothing,18,110,266.57,1,0,23.3,0.0,0.18,1,1.0,188.26,545.89
2023-11-12,S002,P002,Food,16,114,407.11,0,0,24.4,0.2,0.0,2,0.89,270.74,2181.92
2023-11-12,S002,P003,Home,14,84,208.92,0,0,25.6,7.5,0.0,5,0.95,162.52,649.6
2023-11-12,S002,P004,Toys,24,98,417.66,0,0,10.7,6.5,0.0,13,0.92,169.07,5966.16
2023-11-12,S002,P005,Electronics,31,114,180.67,1,0,26.6,0.2,0.09,11,0.98,103.78,1879.52
2023-11-12,S003,P001,Clothing,17,75,196.23,0,0,30.1,0.0,0.0,3,0.74,120.77,1282.82
2023-11-12,S003,P002,Food,22,74,55.43,0,0,,3.9,0.0,11,0.72,30.1,557.26
2023-11-12,S003,P003,Home,36,88,217.62,0,0,31.7,1.3,0.0,7,,158.99,2110.68
2023-11-12,S003,P004,Toys,17,118,250.83,0,0,30.1,5.8,0.0,5,0.94,118.16,2255.39
2023-11-12,S003,P005,Electronics,19,72,316.07,0,1,,11.7,0.0,5,0.75,169.58,2783.31
2023-11-13,S001,P001,Clothing,120,99,34.43,0,0,21.7,0.0,0.0,2,0.9,16.21,437.28
2023-11-13,S001,P002,Food,17,125,449.9,0,0,14.1,5.2,0.0,11,0.93,292.29,2679.37
2023-11-13,S001,P003,Home,16,125,287.67,0,0,34.1,3.7,0.0,1,0.94,202.79,1358.08
2023-11-13,S001,P004,Toys,22,58,154.93,0,0,20.9,0.0,0.0,2,0.92,116.18,852.5
2023-11-13,S001,P005,Electronics,15,87,39.16,0,0,31.0,4.9,0.0,10,0.84,27.52,174.6
2023-11-13,S002,P001,Clothing,23,103,299.78,0,0,9.0,1.9,0.0,8,0.77,238.11,1418.41
2023-11-13,S002,P002,Food,22,97,443.93,0,0,26.3,1.2,0.0,1,0.8,282.67,3547.72
2023-11-13,S002,P003,Home,14,88,392.19,0,0,11.9,0.0,0.0,1,0.78,223.8,2357.46
2023-11-13,S002,P004,Toys,19,89,280.1,0,0,4.4,4.0,0.0,10,0.94,135.31,2751.01
2023-11-13,S002,P005,Electronics,23,100,442.73,0,0,16.4,0.0,0.0,8,0.85,250.47,4421.98
2023-11-13,S003,P001,Clothing,23,138,60.99,0,0,16.2,0.0,0.0,9,0.92,31.62,675.51
2023-11-13,S003,P002,Food,19,78,122.46,0,0,20.6,0.0,0.0,3,0.87,88.24,650.18
2023-11-13,S003,P003,Home,26,93,36.65,0,0,20.9,0.0,0.0,9,0.84,25.06,301.34
2023-11-13,S003,P004,Toys,28,99,175.79,0,0,17.5,0.0,0.0,11,0.85,138.29,1050.0
2023-11-13,S003,P005,Electronics,18,44,66.03,0,0,19.8,0.0,0.0,6,0.94,48.86,309.06
2023-11-14,S001,P001,Clothing,25,61,339.19,0,0,27.8,0.0,0.0,6,0.92,223.77,2885.5
2023-11-14,S001,P002,Food,22,81,434.87,0,0,18.3,6.2,0.0,2,0.81,230.25,4501.64
2023-11-14,S001,P003,Home,16,105,399.74,0,0,12.5,4.7,0.0,13,0.74,179.84,3518.4
2023-11-14,S001,P004,Toys,22,96,41.89,0,0,13.4,5.9,0.0,7,0.82,23.07,414.04
2023-11-14,S001,P005,Electronics,23,116,79.34,0,0,11.6,0.0,0.0,13,0.75,53.63,591.33
2023-11-14,S002,P001,Clothing,20,105,381.36,0,0,4.8,0.0,0.0,12,0.8,290.98,1807.6
2023-11-14,S002,P002,Food,16,113,323.8,0,0,28.2,1.6,0.0,6,0.91,158.11,2651.04
2023-11-14,S002,P003,Home,23,148,21.26,0,0,27.5,,0.0,7,0.93,13.41,180.55
2023-11-14,S002,P004,Toys,19,84,246.31,0,0,10.6,6.3,0.0,4,0.74,182.09,1220.18
2023-11-14,S002,P005,Electronics,28,156,244.13,0,0,31.0,0.0,0.0,11,,155.55,2480.24
2023-11-14,S003,P001,Clothing,15,108,178.77,0,0,16.8,4.6,0.0,4,0.76,138.99,596.7
2023-11-14,S003,P002,Food,18,88,84.5,0,0,16.7,0.0,0.0,1,0.7,54.33,543.06
2023-11-14,S003,P003,Home,28,113,469.07,0,0,26.5,0.0,0.0,4,0.96,328.95,3923.36
2023-11-14,S003,P004,Toys,24,97,336.19,0,0,23.9,0.0,0.0,2,0.92,195.17,3384.48
2023-11-14,S003,P005,Electronics,17,77,292.89,0,0,5.4,0.7,0.0,4,0.86,177.2,1966.73
2023-11-15,S001,P001,Clothing,19,75,293.37,0,0,6.9,,0.0,8,0.95,129.6,3111.63
2023-11-15,S001,P002,Food,16,100,260.69,0,0,13.7,6.4,0.0,10,0.96,197.82,1005.92
2023-11-15,S001,P003,Home,17,61,107.57,0,0,29.2,13.9,0.0,3,0.91,58.08,841.33
2023-11-15,S001,P004,Toys,36,64,123.76,1,0,21.6,0.7,0.06,6,0.89,89.6,962.44
2023-11-15,S001,P005,Electronics,20,117,407.54,0,0,23.4,3.5,0.0,11,0.84,290.3,2344.8
2023-11-15,S002,P001,Clothing,26,96,136.04,0,0,16.0,0.0,0.0,2,0.81,80.61,1441.18
2023-11-15,S002,P002,Food,21,83,240.78,0,0,26.3,3.8,0.0,1,0.71,134.71,2227.47
2023-11-15,S002,P003,Home,14,86,103.37,0,0,28.2,7.3,0.0,12,0.97,71.63,444.36
2023-11-15,S002,P004,Toys,15,99,368.25,0,0,18.4,0.0,0.0,11,0.87,254.15,1711.5
2023-11-15,S002,P005,Electronics,33,110,166.87,1,0,,0.0,0.16,2,0.74,83.54,1868.82
2023-11-15,S003,P001,Clothing,18,63,498.09,0,0,28.7,1.5,0.0,5,0.91,392.46,1901.34
2023-11-15,S003,P002,Food,23,66,421.64,0,0,9.0,,0.0,10,0.97,260.3,3710.82
2023-11-15,S003,P003,Home,18,74,193.25,0,0,23.8,0.0,0.0,5,0.74,119.59,1325.88
2023-11-15,S003,P004,Toys,20,114,342.19,0,0,10.6,2.6,0.0,6,0.77,197.18,2900.2
2023-11-15,S003,P005,Electronics,25,102,204.23,0,0,33.1,3.5,0.0,3,0.83,160.05,1104.5
2023-11-16,S001,P001,Clothing,21,123,222.96,0,0,27.7,6.0,0.0,3,0.95,146.76,1600.2
2023-11-16,S001,P002,Food,19,73,361.5,0,0,,0.0,0.0,9,0.89,240.82,2292.92
2023-11-16,S001,P003,Home,20,83,480.63,0,0,22.0,0.0,0.0,4,0.88,302.69,3558.8
2023-11-16,S001,P004,Toys,15,92,138.27,0,0,13.0,11.1,0.0,12,0.9,70.57,1015.5
2023-11-16,S001,P005,Electronics,21,109,216.78,0,0,30.1,2.5,0.0,6,0.77,117.37,2087.61
2023-11-16,S002,P001,Clothing,18,98,190.76,0,0,44.0,7.5,0.0,10,0.99,89.96,1814.4
2023-11-16,S002,P002,Food,135,72,83.02,0,0,17.2,0.0,0.0,5,0.89,55.04,755.46
2023-11-16,S002,P003,Home,19,91,332.28,0,0,12.5,0.0,0.0,5,,179.31,2906.43
2023-11-16,S002,P004,Toys,23,92,225.94,0,0,31.8,3.9,0.0,1,0.74,158.3,1555.72
2023-11-16,S002,P005,Electronics,20,117,10.74,0,0,25.6,1.6,0.0,11,0.87,4.7,120.8
2023-11-16,S003,P001,Clothing,10,110,151.15,0,0,,5.4,0.0,9,0.77,113.02,381.3
2023-11-16,S003,P002,Food,22,110,13.26,0,0,22.7,8.2,0.0,9,0.8,9.95,72.82
2023-11-16,S003,P003,Home,17,92,324.6,0,0,36.8,8.1,0.0,9,0.77,217.23,1825.29
2023-11-16,S003,P004,Toys,24,74,344.32,0,0,25.3,0.7,0.0,3,0.97,248.24,2305.92
2023-11-16,S003,P005,Electronics,28,90,11.58,0,0,32.4,0.0,0.0,6,0.76,5.64,166.32
2023-11-17,S001,P001,Clothing,25,109,266.3,0,0,22.8,0.0,0.0,11,0.95,189.71,1914.75
2023-11-17,S001,P002,Food,30,85,461.53,1,0,10.2,,0.11,1,0.97,294.83,3477.95
2023-11-17,S001,P003,Home,17,103,459.43,0,0,25.9,2.7,0.0,10,0.73,345.41,1938.34
2023-11-17,S001,P004,Toys,17,91,360.83,0,0,19.2,8.3,0.0,12,0.99,224.59,2316.08
2023-11-17,S001,P005,Electronics,20,90,240.51,0,0,13.9,0.0,0.0,7,0.9,166.68,1476.6
2023-11-17,S002,P001,Clothing,22,108,96.54,0,1,32.0,1.0,0.0,2,0.97,63.41,728.86
2023-11-17,S002,P001,Clothing,22,108,96.54,0,1,32.0,1.0,0.0,2,0.97,63.41,728.86
2023-11-17,S002,P002,Food,15,99,446.14,0,0,29.1,6.1,0.0,11,0.77,317.33,1932.15
2023-11-17,S002,P003,Home,24,95,497.97,0,0,18.1,1.6,0.0,1,0.94,306.3,4600.08
2023-11-17,S002,P004,Toys,17,92,60.96,0,0,25.2,4.7,0.0,3,0.96,35.12,439.28
2023-11-17,S002,P005,Electronics,18,91,354.65,0,0,9.8,0.0,0.0,5,0.79,144.35,3785.4
2023-11-17,S003,P001,Clothing,19,108,285.62,0,0,,4.8,0.0,10,0.78,194.18,1737.36
2023-11-17,S003,P002,Food,23,87,241.23,0,0,-1.7,7.6,0.0,6,0.89,123.39,2710.32
2023-11-17,S003,P003,Home,23,111,477.33,0,0,21.0,1.2,0.0,10,0.85,201.67,6340.18
2023-11-17,S003,P004,Toys,19,109,375.29,0,0,24.8,0.0,0.0,11,0.84,239.83,2573.74
2023-11-17,S003,P005,Electronics,25,85,23.03,0,0,15.2,2.8,0.0,10,0.93,13.71,233.0
2023-11-18,S001,P001,Clothing,28,77,304.33,1,0,11.8,4.2,0.15,11,0.9,209.33,1381.81
2023-11-18,S001,P002,Food,13,94,411.82,0,0,34.4,7.8,0.0,6,0.95,209.86,2625.48
2023-11-18,S001,P003,Home,17,55,347.0,0,0,20.9,12.0,0.0,6,0.82,276.67,1195.61
2023-11-18,S001,P004,Toys,16,108,235.98,0,0,17.0,0.0,0.0,9,0.95,175.71,964.32
2023-11-18,S001,P005,Electronics,17,132,461.12,0,0,21.1,8.2,0.0,12,0.78,192.11,4573.17
2023-11-18,S002,P001,Clothing,26,112,482.9,0,0,27.5,0.0,0.0,3,0.75,379.65,2684.5
2023-11-18,S002,P002,Food,26,83,265.62,0,1,23.1,7.1,0.0,10,0.85,179.26,2245.36
2023-11-18,S002,P003,Home,15,66,53.63,0,0,19.7,0.0,0.0,2,0.74,41.6,180.45
2023-11-18,S002,P004,Toys,23,89,326.77,0,0,25.2,3.3,0.0,5,0.75,247.01,1834.48
2023-11-18,S002,P005,Electronics,19,121,393.51,0,0,19.3,1.9,0.0,1,0.83,239.3,2929.99
2023-11-18,S003,P001,Clothing,23,118,361.86,0,0,15.7,3.8,0.0,12,0.78,179.18,4201.64
2023-11-18,S003,P002,Food,19,79,386.73,0,1,19.4,2.4,0.0,1,0.92,198.36,3579.03
2023-11-18,S003,P003,Home,26,98,11.48,0,0,34.4,4.4,0.0,10,0.75,8.94,66.04
2023-11-18,S003,P004,Toys,23,75,410.05,0,0,4.6,,0.0,3,0.83,305.4,2406.95
2023-11-18,S003,P005,Electronics,31,106,425.75,1,0,26.3,0.0,0.16,8,0.76,232.78,3870.35
2023-11-19,S001,P001,Clothing,19,98,404.12,0,0,10.4,0.0,0.0,2,,173.61,4379.69
2023-11-19,S001,P002,Food,22,73,408.58,0,0,24.8,4.2,0.0,8,0.72,274.49,2949.98
2023-11-19,S001,P003,Home,18,94,80.08,0,0,9.1,,0.0,11,0.71,61.13,341.1
2023-11-19,S001,P004,Toys,25,99,31.7,0,0,12.8,1.5,0.0,13,0.91,19.0,317.5
2023-11-19,S001,P005,Electronics,24,58,220.4,0,0,0.1,4.8,0.0,8,0.77,111.02,2625.12
2023-11-19,S002,P001,Clothing,25,118,486.31,0,0,31.4,0.0,0.0,2,0.84,207.16,6978.75
2023-11-19,S002,P002,Food,18,79,20.13,0,0,17.4,3.8,0.0,2,0.75,9.51,191.16
2023-11-19,S002,P003,Home,15,89,242.65,0,0,33.0,9.5,0.0,4,0.79,177.02,984.45
2023-11-19,S002,P004,Toys,26,98,150.16,0,1,19.2,5.4,0.0,10,0.9,90.38,1554.28
2023-11-19,S002,P005,Electronics,15,79,229.4,0,0,2.0,0.0,0.0,2,0.77,98.03,1970.55
2023-11-19,S003,P001,Clothing,31,100,183.71,0,0,12.4,4.1,0.0,3,0.71,114.78,2136.83
2023-11-19,S003,P002,Food,13,92,171.42,0,0,31.5,8.6,0.0,9,0.89,129.69,542.49
2023-11-19,S003,P003,Home,28,79,287.31,0,0,14.7,0.5,0.0,13,0.78,227.35,1678.88
2023-11-19,S003,P004,Toys,15,93,452.06,0,0,28.9,,0.0,5,,300.44,2274.3
2023-11-19,S003,P005,Electronics,29,102,355.07,0,1,35.0,1.4,0.0,8,0.74,279.33,2196.46
2023-11-20,S001,P001,Clothing,15,118,350.04,0,0,18.6,11.8,0.0,5,0.86,187.6,2436.6
2023-11-20,S001,P002,Food,18,103,437.83,0,0,43.6,10.7,0.0,2,0.7,176.23,4708.8
2023-11-20,S001,P003,Home,18,69,218.75,0,0,0.9,5.6,0.0,9,0.86,133.61,1532.52
2023-11-20,S001,P004,Toys,24,137,108.23,0,0,24.9,14.4,0.0,4,0.92,72.34,861.36
2023-11-20,S001,P005,Electronics,22,96,112.54,0,0,28.5,,0.0,11,0.97,52.72,1316.04
2023-11-20,S002,P001,Clothing,16,143,358.72,0,0,31.1,0.0,0.0,5,0.94,172.08,2986.24
2023-11-20,S002,P002,Food,21,154,456.19,0,0,12.6,5.3,0.0,9,0.89,201.49,5348.7
2023-11-20,S002,P003,Home,22,85,207.21,0,0,,11.8,0.0,9,0.74,109.83,2142.36
2023-11-20,S002,P004,Toys,39,150,230.61,1,0,30.3,,0.29,12,0.96,128.75,1364.34
2023-11-20,S002,P005,Electronics,21,83,465.43,0,1,33.6,0.9,0.0,3,0.73,342.15,2588.88
2023-11-20,S003,P001,Clothing,19,132,332.77,0,0,15.5,0.1,0.0,9,0.7,241.06,1742.49
2023-11-20,S003,P002,Food,24,106,372.39,0,0,16.5,0.9,0.0,9,0.93,235.2,3292.56
2023-11-20,S003,P003,Home,18,86,268.6,0,0,22.2,7.3,0.0,5,0.91,125.65,2573.1
2023-11-20,S003,P004,Toys,15,105,134.05,0,0,23.7,5.4,0.0,5,0.93,106.23,417.3
2023-11-20,S003,P005,Electronics,22,119,144.04,0,0,23.2,8.3,0.0,2,0.75,58.58,1880.12
2023-11-21,S001,P001,Clothing,21,116,427.29,0,0,26.5,14.3,0.0,2,0.93,272.86,3243.03
2023-11-21,S001,P002,Food,13,92,75.65,0,0,,0.0,0.0,10,0.89,40.79,453.18
2023-11-21,S001,P002,Food,13,92,75.65,0,0,,0.0,0.0,10,0.89,40.79,453.18
2023-11-21,S001,P003,Home,19,88,435.42,0,1,,4.1,0.0,3,0.91,180.2,4849.18
2023-11-21,S001,P004,Toys,115,82,49.29,0,0,5.7,0.0,0.0,6,0.85,20.8,655.27
2023-11-21,S001,P005,Electronics,30,73,289.13,1,0,,0.0,0.09,8,0.77,157.94,3155.05
2023-11-21,S002,P001,Clothing,16,89,293.86,0,0,18.3,7.2,0.0,6,0.92,148.31,2328.8
2023-11-21,S002,P002,Food,24,122,43.31,1,0,31.1,7.0,0.16,6,0.84,33.66,65.29
2023-11-21,S002,P003,Home,18,119,40.01,0,0,35.5,8.9,0.0,9,0.86,20.2,356.58
2023-11-21,S002,P004,Toys,14,85,81.32,0,0,17.5,2.6,0.0,1,0.73,40.1,577.08
2023-11-21,S002,P005,Electronics,33,97,15.42,1,0,25.2,2.9,0.06,4,0.99,10.43,134.14
2023-11-21,S003,P001,Clothing,15,105,475.58,0,1,20.4,0.0,0.0,12,0.91,203.04,4088.1
2023-11-21,S003,P002,Food,17,135,422.88,0,0,35.0,5.1,0.0,10,0.73,238.81,3129.19
2023-11-21,S003,P003,Home,22,132,213.13,0,0,22.3,7.9,0.0,13,0.88,152.24,1339.58
2023-11-21,S003,P004,Toys,18,101,202.95,0,0,19.3,0.0,0.0,10,0.91,135.9,1206.9
2023-11-21,S003,P005,Electronics,19,51,188.71,1,0,28.4,1.2,0.3,4,0.72,79.66,996.3
2023-11-22,S001,P001,Clothing,32,89,108.33,0,0,,7.0,0.0,11,0.99,71.19,1188.48
2023-11-22,S001,P002,Food,12,87,316.15,0,0,15.4,0.0,0.0,9,0.79,142.01,2089.68
2023-11-22,S001,P003,Home,18,85,384.97,0,0,17.6,1.0,0.0,9,0.93,218.56,2995.38
2023-11-22,S001,P004,Toys,28,148,192.35,1,0,21.9,9.7,0.12,9,0.93,130.16,1095.02
2023-11-22,S001,P005,Electronics,19,95,211.87,0,0,19.4,5.3,0.0,9,1.0,153.86,1102.19
2023-11-22,S002,P001,Clothing,29,107,452.65,0,0,19.5,0.0,0.0,5,0.8,188.5,7660.35
2023-11-22,S002,P002,Food,11,93,391.45,0,0,37.4,,0.0,5,0.74,215.93,1930.72
2023-11-22,S002,P003,Home,24,70,55.9,0,0,0.9,,0.0,2,0.8,31.83,577.68
2023-11-22,S002,P004,Toys,14,127,145.86,0,0,28.7,5.2,0.0,8,0.88,63.12,1158.36
2023-11-22,S002,P005,Electronics,18,94,161.55,0,0,18.8,0.0,0.0,1,0.92,103.8,1039.5
2023-11-22,S003,P001,Clothing,27,93,377.1,1,0,13.2,2.8,0.17,9,0.77,212.28,2719.25
2023-11-22,S003,P002,Food,20,113,307.24,0,0,22.0,0.0,0.0,6,0.74,225.51,1634.6
2023-11-22,S003,P003,Home,24,92,232.98,0,0,37.8,1.9,0.0,9,1.0,148.64,2024.16
2023-11-22,S003,P004,Toys,10,127,141.04,0,0,24.2,2.4,0.0,2,,57.46,835.8
2023-11-22,S003,P005,Electronics,16,87,222.94,0,0,25.8,2.4,0.0,7,0.89,147.45,1207.84
2023-11-23,S001,P001,Clothing,23,114,379.17,0,0,42.1,0.0,0.0,11,0.91,281.76,2240.43
2023-11-23,S001,P002,Food,26,100,390.12,0,0,25.6,6.2,0.0,7,0.73,283.01,2784.86
2023-11-23,S001,P003,Home,17,95,410.67,0,0,21.9,,0.0,6,0.9,211.27,3389.8
2023-11-23,S001,P004,Toys,14,114,25.89,0,0,13.2,5.6,0.0,3,0.74,11.14,206.5
2023-11-23,S001,P005,Electronics,27,85,263.59,1,0,21.9,0.0,0.18,1,0.84,161.66,1471.06
2023-11-23,S002,P001,Clothing,19,106,321.9,0,0,14.1,7.3,0.0,4,0.93,250.47,1357.17
2023-11-23,S002,P002,Food,18,109,121.29,0,0,14.6,4.4,0.0,10,0.81,82.96,689.94
2023-11-23,S002,P003,Home,25,113,324.7,0,0,21.0,3.3,0.0,2,0.91,246.55,1953.75
2023-11-23,S002,P004,Toys,15,88,83.87,0,0,35.0,0.0,0.0,11,0.9,46.93,554.1
2023-11-23,S002,P005,Electronics,20,74,385.91,0,0,4.6,3.6,0.0,7,0.71,231.51,3088.0
2023-11-23,S003,P001,Clothing,15,135,299.24,0,0,31.7,1.3,0.0,2,0.86,159.04,2103.0
2023-11-23,S003,P002,Food,20,100,244.48,0,0,11.5,9.5,0.0,9,,193.0,1029.6
2023-11-23,S003,P003,Home,13,105,393.16,0,0,35.3,4.6,0.0,10,,220.79,2240.81
2023-11-23,S003,P004,Toys,22,124,189.19,0,0,37.5,0.0,0.0,9,0.98,81.11,2377.76
2023-11-23,S003,P005,Electronics,20,72,355.3,0,0,19.5,0.0,0.0,8,0.88,154.18,4022.4
2023-11-24,S001,P001,Clothing,30,92,471.57,0,1,28.4,0.0,0.0,9,0.79,221.29,7508.4
2023-11-24,S001,P002,Food,16,110,295.14,0,0,9.2,0.0,0.0,2,0.83,189.83,1684.96
2023-11-24,S001,P003,Home,33,86,261.84,1,0,19.1,4.4,0.17,12,0.95,177.82,1303.74
2023-11-24,S001,P004,Toys,25,84,55.49,0,0,34.8,0.0,0.0,11,0.85,33.78,542.75
2023-11-24,S001,P005,Electronics,27,87,483.95,0,0,24.8,9.5,0.0,2,0.88,220.74,7106.67
2023-11-24,S002,P001,Clothing,27,82,51.16,0,0,26.8,10.4,0.0,10,0.8,39.52,314.28
2023-11-24,S002,P002,Food,29,116,112.65,0,0,15.1,4.1,0.0,10,1.0,56.49,1628.64
2023-11-24,S002,P003,Home,75,119,205.59,0,0,11.1,5.3,0.0,8,,122.13,1251.9
2023-11-24,S002,P004,Toys,20,86,402.35,0,0,33.5,3.1,0.0,2,0.92,175.59,4535.2
2023-11-24,S002,P005,Electronics,21,97,251.36,0,0,35.5,2.1,0.0,4,0.8,147.1,2189.46
2023-11-24,S003,P001,Clothing,26,102,346.77,0,0,,3.5,0.0,7,0.77,248.17,2563.6
2023-11-24,S003,P002,Food,18,98,497.75,0,0,1.0,,0.0,4,0.89,391.71,1908.72
2023-11-24,S003,P003,Home,16,92,58.87,0,0,25.5,0.0,0.0,2,0.72,38.18,331.04
2023-11-24,S003,P004,Toys,39,75,272.22,1,1,14.7,,0.18,7,0.75,152.83,2745.23
2023-11-24,S003,P005,Electronics,16,121,465.02,0,0,19.8,3.2,0.0,1,0.71,197.4,4281.92
2023-11-25,S001,P001,Clothing,20,74,202.02,0,0,8.5,8.8,0.0,12,0.79,111.29,1814.6
2023-11-25,S001,P002,Food,17,59,307.38,0,0,36.0,14.1,0.0,4,0.86,217.46,1528.64
2023-11-25,S001,P003,Home,33,123,327.45,1,0,7.6,0.0,0.3,4,0.9,191.67,1238.98
2023-11-25,S001,P004,Toys,22,113,221.55,0,0,-0.4,1.0,0.0,12,0.85,96.08,2760.34
2023-11-25,S001,P005,Electronics,22,104,241.27,0,0,24.7,0.0,0.0,13,0.94,181.56,1313.62
2023-11-25,S002,P001,Clothing,18,126,48.77,0,0,21.6,2.8,0.0,4,0.92,31.33,313.92
2023-11-25,S002,P002,Food,19,83,279.22,0,0,3.6,6.6,0.0,5,0.89,206.35,1384.53
2023-11-25,S002,P003,Home,31,92,354.42,0,0,25.0,0.0,0.0,4,,252.1,3171.92
2023-11-25,S002,P004,Toys,23,103,309.81,0,0,38.4,4.0,0.0,2,0.79,183.19,2912.26
2023-11-25,S002,P005,Electronics,23,98,386.23,0,0,11.7,0.0,0.0,9,0.85,184.5,4639.79
2023-11-25,S003,P001,Clothing,17,76,27.3,0,0,14.9,13.1,0.0,3,0.84,18.36,151.98
2023-11-25,S003,P002,Food,28,79,343.42,0,0,3.2,0.0,0.0,2,0.74,178.96,4604.88
2023-11-25,S003,P003,Home,110,108,423.98,0,0,7.3,0.0,0.0,1,0.76,182.7,5308.16
2023-11-25,S003,P004,Toys,18,83,355.42,0,0,20.1,5.7,0.0,10,0.92,186.83,3034.62
2023-11-25,S003,P005,Electronics,17,94,412.86,0,0,14.5,7.6,0.0,8,0.92,230.79,3095.19
2023-11-26,S001,P001,Clothing,25,99,39.01,0,0,,9.1,0.0,7,0.94,27.57,286.0
2023-11-26,S001,P002,Food,27,69,137.67,0,0,18.2,0.0,0.0,7,0.76,81.41,1519.02
2023-11-26,S001,P003,Home,25,106,429.67,0,0,11.0,5.2,0.0,9,0.74,225.39,5107.0
2023-11-26,S001,P004,Toys,26,101,117.61,0,0,13.1,6.7,0.0,7,0.82,49.75,1764.36
2023-11-26,S001,P005,Electronics,25,45,262.54,0,0,9.6,1.5,0.0,4,0.8,152.41,2753.25
2023-11-26,S002,P001,Clothing,26,78,279.78,0,0,16.3,4.2,0.0,10,0.83,182.51,2529.02
2023-11-26,S002,P002,Food,17,123,447.65,0,0,,1.8,0.0,5,0.91,342.07,1794.86
2023-11-26,S002,P003,Home,16,66,335.34,0,0,4.4,,0.0,11,0.9,215.38,1919.36
2023-11-26,S002,P004,Toys,23,111,430.79,0,0,16.2,0.0,0.0,2,0.76,340.01,2087.94
2023-11-26,S002,P005,Electronics,23,112,353.45,0,0,14.2,0.0,0.0,11,0.91,172.02,4172.89
2023-11-26,S003,P001,Clothing,18,74,155.68,0,0,23.2,4.5,0.0,7,1.0,109.2,836.64
2023-11-26,S003,P002,Food,26,67,16.8,0,0,29.3,7.2,0.0,11,0.83,7.15,250.9
2023-11-26,S003,P003,Home,37,133,400.17,1,0,44.9,5.5,0.1,2,0.76,270.86,3303.84
2023-11-26,S003,P004,Toys,22,95,56.35,0,0,24.9,5.1,0.0,4,0.82,28.59,610.72
2023-11-26,S003,P005,Electronics,13,140,181.01,0,0,24.6,6.1,0.0,9,0.8,135.43,592.54
2023-11-27,S001,P001,Clothing,19,41,143.07,0,0,31.1,0.3,0.0,11,0.76,103.1,759.43
2023-11-27,S001,P002,Food,39,78,86.83,0,0,25.6,0.7,0.0,6,0.75,52.01,1357.98
2023-11-27,S001,P003,Home,20,112,47.08,0,0,,8.5,0.0,4,0.79,35.32,235.2
2023-11-27,S001,P004,Toys,23,92,18.57,0,0,11.9,,0.0,6,0.91,9.61,206.08
2023-11-27,S001,P005,Electronics,21,91,373.02,0,0,,6.1,0.0,9,,183.59,3978.03
2023-11-27,S002,P001,Clothing,28,91,380.42,0,0,19.5,1.2,0.0,7,0.89,170.54,5876.64
2023-11-27,S002,P002,Food,17,131,70.14,0,0,28.7,0.0,0.0,12,0.73,34.21,610.81
2023-11-27,S002,P003,Home,33,124,229.87,0,1,,7.1,0.0,13,0.94,146.36,2755.83
2023-11-27,S002,P004,Toys,45,131,197.09,1,0,28.2,6.0,0.16,1,0.99,118.48,2118.4
2023-11-27,S002,P005,Electronics,33,99,438.58,0,0,30.7,,0.0,13,0.76,322.73,3823.05
2023-11-27,S003,P001,Clothing,27,81,435.73,0,0,23.1,8.1,0.0,3,0.83,312.96,3314.79
2023-11-27,S003,P002,Food,20,93,309.67,0,0,13.1,2.5,0.0,9,0.72,156.41,3065.2
2023-11-27,S003,P003,Home,29,82,135.99,0,0,35.0,2.0,0.0,1,0.78,67.33,1991.14
2023-11-27,S003,P004,Toys,26,123,45.12,0,0,21.2,5.9,0.0,2,0.86,25.06,521.56
2023-11-27,S003,P005,Electronics,25,96,473.6,0,0,13.0,0.0,0.0,6,0.75,362.06,2788.5
2023-11-28,S001,P001,Clothing,17,108,117.42,0,0,7.1,,0.0,10,0.85,92.19,428.91
2023-11-28,S001,P002,Food,23,94,476.18,0,0,7.0,3.9,0.0,11,0.82,344.49,3028.87
2023-11-28,S001,P003,Home,14,106,44.8,0,1,15.1,1.3,0.0,12,0.82,34.44,145.04
2023-11-28,S001,P004,Toys,19,89,445.74,0,0,25.7,2.5,0.0,13,0.97,272.64,3288.9
2023-11-28,S001,P005,Electronics,19,96,169.96,0,0,0.8,2.4,0.0,10,0.75,83.91,1634.95
2023-11-28,S002,P001,Clothing,34,91,93.91,1,1,,3.3,0.23,7,0.7,50.55,739.86
2023-11-28,S002,P002,Food,17,124,445.76,0,0,25.5,0.0,0.0,3,0.8,226.14,3733.54
2023-11-28,S002,P003,Home,25,63,86.49,0,0,18.3,0.0,0.0,2,0.73,49.41,927.0
2023-11-28,S002,P004,Toys,18,103,49.93,0,0,13.8,3.5,0.0,9,0.89,34.02,286.38
2023-11-28,S002,P005,Electronics,19,120,18.9,0,0,7.2,1.2,0.0,7,0.83,10.42,161.12
2023-11-28,S003,P001,Clothing,15,69,424.18,0,0,17.6,8.0,0.0,11,0.79,309.51,1720.05
2023-11-28,S003,P002,Food,16,74,73.28,0,0,19.2,0.7,0.0,11,0.93,43.45,477.28
2023-11-28,S003,P003,Home,21,94,258.82,0,0,16.1,7.3,0.0,7,0.74,185.64,1536.78
2023-11-28,S003,P004,Toys,17,103,271.54,0,0,18.0,0.0,0.0,9,0.84,110.81,2732.41
2023-11-28,S003,P005,Electronics,10,84,250.11,0,0,,0.0,0.0,7,0.82,167.86,822.5
2023-11-29,S001,P001,Clothing,12,80,448.75,0,0,25.3,3.4,0.0,7,0.97,226.97,2661.36
2023-11-29,S001,P002,Food,17,95,275.38,0,0,,0.0,0.0,2,0.91,145.74,2203.88
2023-11-29,S001,P003,Home,22,107,92.93,0,0,15.4,,0.0,8,,53.23,873.4
2023-11-29,S001,P004,Toys,17,105,132.07,0,0,21.0,4.8,0.0,4,0.85,93.31,658.92
2023-11-29,S001,P004,Toys,17,105,132.07,0,0,21.0,4.8,0.0,4,0.85,93.31,658.92
2023-11-29,S001,P005,Electronics,24,114,496.9,0,0,7.4,1.6,0.0,5,0.76,378.07,2851.92
2023-11-29,S002,P001,Clothing,16,100,152.68,0,0,38.4,7.6,0.0,7,0.92,109.82,685.76
2023-11-29,S002,P002,Food,24,98,312.98,0,1,27.9,,0.0,8,0.74,177.54,3250.56
2023-11-29,S002,P003,Home,16,87,472.23,0,0,6.8,5.7,0.0,6,0.72,308.51,2619.52
2023-11-29,S002,P004,Toys,18,117,280.77,0,0,33.1,0.0,0.0,1,0.86,131.66,2683.98
2023-11-29,S002,P005,Electronics,22,75,419.3,0,0,10.1,4.5,0.0,6,0.8,230.1,4162.4
2023-11-29,S003,P001,Clothing,19,98,109.7,0,0,16.1,0.0,0.0,6,0.89,71.67,722.57
2023-11-29,S003,P002,Food,24,108,469.94,0,0,23.6,0.0,0.0,6,0.98,220.86,5977.92
2023-11-29,S003,P003,Home,23,100,83.81,0,0,27.6,3.7,0.0,7,0.78,44.95,893.78
2023-11-29,S003,P004,Toys,22,100,51.46,0,0,10.3,4.3,0.0,8,0.82,30.15,468.82
2023-11-29,S003,P005,Electronics,36,99,85.28,0,0,28.9,10.6,0.0,10,0.71,39.59,1644.84
2023-11-30,S001,P001,Clothing,20,96,172.9,0,0,23.2,7.1,0.0,2,0.77,124.36,970.8
2023-11-30,S001,P002,Food,25,111,99.85,0,0,26.4,0.0,0.0,1,0.86,56.39,1086.5
2023-11-30,S001,P003,Home,26,119,440.68,0,0,24.2,0.0,0.0,12,0.81,338.99,2643.94
2023-11-30,S001,P004,Toys,17,78,135.18,0,0,8.3,0.0,0.0,2,0.75,59.55,1285.71
2023-11-30,S001,P005,Electronics,20,97,39.52,0,0,,10.9,0.0,5,0.83,19.85,393.4
2023-11-30,S002,P001,Clothing,25,100,28.17,0,0,14.3,1.5,0.0,7,0.74,18.94,230.75
2023-11-30,S002,P002,Food,25,79,342.05,0,0,-9.7,,0.0,2,0.99,197.58,3611.75
2023-11-30,S002,P003,Home,15,101,51.13,0,0,9.5,1.3,0.0,10,0.81,31.35,296.7
2023-11-30,S002,P004,Toys,17,156,118.79,0,0,17.4,0.0,0.0,3,0.71,59.52,1007.59
2023-11-30,S002,P005,Electronics,22,100,272.04,0,0,19.1,0.0,0.0,9,0.75,131.7,3087.48
2023-11-30,S003,P001,Clothing,19,89,400.1,0,0,35.7,9.8,0.0,3,0.95,240.13,3039.43
2023-11-30,S003,P002,Food,110,118,195.44,0,0,28.5,1.0,0.0,9,0.83,94.49,2220.9
2023-11-30,S003,P003,Home,9,83,436.72,0,0,18.1,0.0,0.0,5,0.96,243.42,1739.7
2023-11-30,S003,P004,Toys,17,94,295.4,0,0,6.1,0.0,0.0,6,0.83,157.38,2346.34
2023-11-30,S003,P005,Electronics,28,52,71.07,1,0,0.5,1.4,0.26,6,0.98,44.86,216.49
2023-12-01,S001,P001,Clothing,24,109,156.84,0,1,,0.0,0.0,9,0.99,85.3,1716.96
2023-12-01,S001,P002,Food,30,116,131.43,1,0,32.7,7.9,0.18,6,0.98,77.86,897.38
2023-12-01,S001,P003,Home,23,96,234.77,0,0,32.1,13.4,0.0,1,0.8,122.59,2580.14
2023-12-01,S001,P004,Toys,15,119,332.79,0,0,24.5,0.0,0.0,5,0.9,265.64,1007.25
2023-12-01,S001,P005,Electronics,23,99,446.13,0,0,23.4,12.8,0.0,9,0.84,199.83,5664.9
2023-12-01,S002,P001,Clothing,17,127,300.54,0,0,13.7,0.0,0.0,10,0.84,230.93,1183.37
2023-12-01,S002,P002,Food,22,108,304.32,0,0,47.3,,0.0,6,0.96,140.73,3598.98
2023-12-01,S002,P003,Home,20,77,423.04,0,0,28.5,0.0,0.0,5,0.94,266.48,3131.2
2023-12-01,S002,P004,Toys,21,90,132.6,0,0,,0.2,0.0,6,,55.24,1624.56
2023-12-01,S002,P005,Electronics,21,142,295.4,0,0,17.3,2.9,0.0,11,0.79,141.61,3229.59
2023-12-01,S003,P001,Clothing,18,85,222.84,0,0,-4.2,1.4,0.0,4,0.8,141.47,1464.66
2023-12-01,S003,P002,Food,8,110,102.08,0,0,10.9,0.0,0.0,12,0.96,48.36,429.76
2023-12-01,S003,P003,Home,23,71,200.77,0,0,19.8,,0.0,8,0.94,94.61,2441.68
2023-12-01,S003,P004,Toys,24,76,277.96,0,0,29.4,7.8,0.0,9,0.9,132.42,3492.96
2023-12-01,S003,P005,Electronics,17,88,57.8,0,0,29.7,4.7,0.0,12,0.72,33.88,406.64
2023-12-02,S001,P001,Clothing,25,121,450.08,0,0,5.0,0.0,0.0,6,0.73,263.65,4660.75
2023-12-02,S001,P002,Food,27,99,266.13,0,0,3.3,7.5,0.0,10,0.78,153.24,3048.03
2023-12-02,S001,P003,Home,24,128,115.79,1,0,3.9,6.4,0.18,8,0.8,48.34,1118.59
2023-12-02,S001,P004,Toys,23,94,315.53,0,0,7.8,2.6,0.0,9,1.0,206.51,2507.46
2023-12-02,S001,P005,Electronics,19,152,395.09,0,0,17.1,0.0,0.0,3,0.93,192.98,3840.09
2023-12-02,S002,P001,Clothing,24,93,339.96,0,0,14.1,0.7,0.0,7,0.82,232.09,2588.88
2023-12-02,S002,P002,Food,26,88,323.37,0,0,18.2,0.0,0.0,11,0.86,210.39,2937.48
2023-12-02,S002,P003,Home,24,138,23.05,0,0,17.9,3.9,0.0,9,0.86,14.09,215.04
2023-12-02,S002,P004,Toys,19,111,442.62,0,0,11.4,1.2,0.0,13,0.76,289.87,2902.25
2023-12-02,S002,P005,Electronics,15,111,350.92,0,0,26.6,3.5,0.0,1,0.9,228.38,1838.1
2023-12-02,S003,P001,Clothing,17,99,319.54,0,0,33.5,5.5,0.0,4,0.94,237.73,1390.77
2023-12-02,S003,P002,Food,18,81,266.64,0,0,14.6,0.0,0.0,9,0.9,212.92,966.96
2023-12-02,S003,P003,Home,20,92,366.99,0,0,-0.1,0.0,0.0,9,0.96,212.61,3087.6
2023-12-02,S003,P004,Toys,18,109,168.68,0,0,31.3,15.5,0.0,4,0.93,95.59,1315.62
2023-12-02,S003,P005,Electronics,28,67,37.1,1,0,25.5,0.0,0.22,4,0.77,19.59,261.74
2023-12-03,S001,P001,Clothing,34,104,329.03,1,0,31.6,0.0,0.24,9,0.97,241.43,293.52
2023-12-03,S001,P002,Food,23,74,42.93,0,0,23.3,1.6,0.0,3,0.74,22.11,478.86
2023-12-03,S001,P003,Home,37,74,439.88,1,0,19.9,1.6,0.16,1,0.9,206.44,6033.19
2023-12-03,S001,P004,Toys,39,74,497.62,1,0,46.3,9.1,0.11,2,0.87,385.71,2229.7
2023-12-03,S001,P005,Electronics,27,104,146.92,0,0,24.9,0.0,0.0,6,0.9,109.53,1009.53
2023-12-03,S002,P001,Clothing,26,82,38.08,0,0,19.9,7.3,0.0,13,0.84,23.27,385.06
2023-12-03,S002,P002,Food,19,81,203.01,0,0,16.2,0.0,0.0,11,0.87,123.51,1510.5
2023-12-03,S002,P003,Home,23,115,452.43,0,0,14.5,0.4,0.0,4,0.7,204.66,5698.71
2023-12-03,S002,P004,Toys,17,95,104.03,0,0,37.9,2.8,0.0,5,0.93,49.46,927.69
2023-12-03,S002,P005,Electronics,25,102,307.94,0,0,40.9,5.9,0.0,3,0.93,224.95,2074.75
2023-12-03,S003,P001,Clothing,21,82,223.17,1,0,27.0,0.0,0.2,7,0.73,156.66,459.4
2023-12-03,S003,P002,Food,26,118,309.31,0,0,15.4,0.7,0.0,9,0.81,193.45,3012.36
2023-12-03,S003,P003,Home,19,83,101.16,0,0,16.7,15.6,0.0,12,0.94,60.25,777.29
2023-12-03,S003,P004,Toys,18,84,64.23,0,0,14.1,3.6,0.0,7,0.94,32.46,571.86
2023-12-03,S003,P005,Electronics,26,74,188.76,0,0,32.3,0.0,0.0,11,,106.16,2147.6
2023-12-04,S001,P001,Clothing,15,108,231.8,0,0,22.4,12.0,0.0,5,0.94,115.5,1744.5
2023-12-04,S001,P002,Food,100,134,206.01,0,0,22.4,6.9,0.0,11,,120.07,1718.8
2023-12-04,S001,P003,Home,19,75,137.84,0,0,6.4,4.0,0.0,9,,90.73,895.09
2023-12-04,S001,P004,Toys,21,113,187.7,0,0,23.2,5.8,0.0,9,0.83,110.38,1623.72
2023-12-04,S001,P005,Electronics,23,95,325.31,0,0,-0.4,5.5,0.0,11,0.92,235.42,2067.47
2023-12-04,S002,P001,Clothing,22,83,388.34,0,0,,0.0,0.0,2,0.99,293.92,2077.24
2023-12-04,S002,P002,Food,18,113,152.56,0,0,4.1,3.0,0.0,7,0.91,113.8,697.68
2023-12-04,S002,P003,Home,28,86,38.83,0,0,22.3,0.1,0.0,6,0.76,19.79,533.12
2023-12-04,S002,P004,Toys,27,115,241.39,0,0,15.1,0.0,0.0,10,0.92,146.64,2558.25
2023-12-04,S002,P005,Electronics,18,92,265.9,0,0,35.2,0.9,0.0,7,0.79,162.01,1870.02
2023-12-04,S003,P001,Clothing,12,113,387.35,0,0,25.6,1.5,0.0,4,0.75,224.63,1952.64
2023-12-04,S003,P002,Food,23,120,303.2,0,0,25.1,0.0,0.0,4,0.88,161.07,3268.99
2023-12-04,S003,P003,Home,25,93,16.16,1,1,32.4,0.0,0.09,6,,8.7,150.14
2023-12-04,S003,P004,Toys,24,98,130.51,0,0,18.1,0.2,0.0,12,0.73,86.89,1046.88
2023-12-04,S003,P005,Electronics,17,77,174.26,0,0,,0.0,0.0,10,0.76,95.76,1334.5
2023-12-05,S001,P001,Clothing,27,66,116.74,1,0,3.8,0.0,0.08,2,0.81,75.51,861.05
2023-12-05,S001,P002,Food,19,85,183.58,0,0,11.0,2.3,0.0,4,0.76,93.69,1707.91
2023-12-05,S001,P003,Home,25,104,395.98,0,0,,2.7,0.0,1,0.74,232.8,4079.5
2023-12-05,S001,P004,Toys,18,92,422.49,0,0,17.2,4.0,0.0,10,0.92,200.14,4002.3
2023-12-05,S001,P005,Electronics,18,103,462.92,0,0,21.0,2.5,0.0,4,0.87,225.21,4278.78
2023-12-05,S002,P001,Clothing,19,73,106.42,0,0,,0.0,0.0,2,0.99,58.71,906.49
2023-12-05,S002,P002,Food,16,122,170.96,0,0,15.6,2.5,0.0,8,0.84,120.09,813.92
2023-12-05,S002,P003,Home,15,118,347.46,0,0,13.1,2.5,0.0,5,0.8,274.75,1090.65
2023-12-05,S002,P004,Toys,17,105,289.39,0,0,35.4,0.0,0.0,7,0.78,161.05,2181.78
2023-12-05,S002,P005,Electronics,20,117,29.52,0,0,17.3,2.0,0.0,12,0.92,16.3,264.4
2023-12-05,S003,P001,Clothing,14,131,470.87,0,0,32.3,1.9,0.0,13,0.88,213.46,3603.74
2023-12-05,S003,P002,Food,16,81,204.56,0,1,11.1,0.0,0.0,6,0.97,162.27,676.64
2023-12-05,S003,P003,Home,14,92,62.89,0,0,10.7,,0.0,10,0.84,38.83,336.84
2023-12-05,S003,P004,Toys,23,102,267.69,0,0,27.4,4.7,0.0,8,0.73,213.87,1237.86
2023-12-05,S003,P005,Electronics,20,81,56.41,0,0,22.7,0.0,0.0,12,0.9,23.5,658.2
2023-12-06,S001,P001,Clothing,17,98,102.85,0,0,23.0,2.9,0.0,7,0.99,78.29,417.52
2023-12-06,S001,P002,Food,16,120,213.48,0,0,9.3,8.7,0.0,13,0.74,159.75,859.68
2023-12-06,S001,P003,Home,21,94,286.02,0,0,21.8,3.3,0.0,7,0.91,197.64,1855.98
2023-12-06,S001,P004,Toys,12,99,408.57,0,0,27.8,0.0,0.0,2,0.9,236.02,2070.6
2023-12-06,S001,P005,Electronics,28,133,338.72,1,0,14.8,4.8,0.21,13,0.88,178.97,2481.33
2023-12-06,S002,P001,Clothing,24,93,486.19,0,0,16.8,7.5,0.0,6,0.74,282.22,4895.28
2023-12-06,S002,P002,Food,16,89,205.02,0,0,17.3,0.0,0.0,10,0.74,88.29,1867.68
2023-12-06,S002,P003,Home,22,101,364.97,0,0,11.3,9.3,0.0,12,0.99,196.95,3696.44
2023-12-06,S002,P004,Toys,33,81,414.31,1,0,18.2,1.1,0.12,4,0.99,209.92,5104.2
2023-12-06,S002,P005,Electronics,21,110,455.14,0,0,12.2,1.4,0.0,4,0.86,358.91,2020.83
2023-12-06,S003,P001,Clothing,22,84,270.55,0,0,4.4,8.2,0.0,10,0.96,207.15,1394.8
2023-12-06,S003,P002,Food,14,101,326.05,0,0,24.1,6.2,0.0,11,0.76,191.47,1884.12
2023-12-06,S003,P003,Home,14,91,238.58,0,0,28.4,2.5,0.0,9,0.83,103.82,1886.64
2023-12-06,S003,P004,Toys,15,128,50.48,0,0,31.2,6.0,0.0,10,0.94,40.22,153.9
2023-12-06,S003,P005,Electronics,18,123,12.31,0,0,,14.6,0.0,3,0.98,8.3,72.18
2023-12-07,S001,P001,Clothing,21,117,205.98,0,0,,1.8,0.0,3,0.87,93.27,2366.91
2023-12-07,S001,P002,Food,18,105,180.29,0,0,19.4,0.3,0.0,3,0.93,108.75,1287.72
2023-12-07,S001,P003,Home,24,115,388.73,0,0,27.4,0.0,0.0,1,0.72,306.4,1975.92
2023-12-07,S001,P004,Toys,18,99,334.55,0,0,24.0,5.1,0.0,7,0.98,153.53,3258.36
2023-12-07,S001,P005,Electronics,13,111,115.95,0,0,25.6,0.0,0.0,10,0.72,66.7,640.25
2023-12-07,S002,P001,Clothing,21,106,186.73,0,0,,1.5,0.0,4,0.78,88.24,2068.29
2023-12-07,S002,P002,Food,25,129,277.69,1,0,28.3,0.0,0.17,1,0.93,180.86,1240.57
2023-12-07,S002,P003,Home,26,81,269.22,0,0,13.7,6.2,0.0,8,0.95,144.81,3234.66
2023-12-07,S002,P004,Toys,26,62,30.52,0,0,35.5,3.3,0.0,6,0.98,22.02,221.0
2023-12-07,S002,P005,Electronics,18,70,157.7,0,0,29.0,1.8,0.0,5,0.72,92.9,1166.4
2023-12-07,S003,P001,Clothing,14,61,221.75,0,0,4.5,,0.0,9,0.92,128.48,1305.78
2023-12-07,S003,P002,Food,25,98,81.2,0,1,,2.6,0.0,5,0.89,40.07,1028.25
2023-12-07,S003,P003,Home,18,71,139.58,0,0,20.7,2.9,0.0,9,0.99,61.26,1409.76
2023-12-07,S003,P004,Toys,36,95,383.64,1,0,27.2,0.0,0.14,7,0.7,238.26,3300.13
2023-12-07,S003,P005,Electronics,21,84,454.61,0,0,25.6,0.0,0.0,1,0.77,215.12,5029.29
2023-12-08,S001,P001,Clothing,22,80,426.56,0,0,13.1,0.0,0.0,8,0.99,278.02,3267.88
2023-12-08,S001,P002,Food,18,114,267.44,0,0,8.2,3.9,0.0,13,0.84,183.93,1503.18
2023-12-08,S001,P003,Home,26,65,237.08,0,0,28.2,1.4,0.0,3,0.9,98.39,3605.94
2023-12-08,S001,P004,Toys,23,87,167.47,0,0,13.8,0.0,0.0,13,0.94,91.21,1753.98
2023-12-08,S001,P005,Electronics,22,72,33.88,0,0,9.9,0.0,0.0,5,0.84,25.58,182.6
2023-12-08,S002,P001,Clothing,25,85,255.79,0,0,18.1,9.3,0.0,10,0.8,151.79,2600.0
2023-12-08,S002,P002,Food,15,99,290.81,0,0,21.2,3.7,0.0,13,,145.12,2185.35
2023-12-08,S002,P003,Home,13,74,249.11,0,0,30.9,6.9,0.0,4,0.78,196.51,683.8
2023-12-08,S002,P004,Toys,15,114,410.22,0,0,8.4,0.0,0.0,1,0.99,224.37,2787.75
2023-12-08,S002,P005,Electronics,28,128,155.02,1,0,18.4,5.4,0.28,11,0.74,109.26,65.92
2023-12-08,S003,P001,Clothing,21,55,489.66,1,0,19.8,2.3,0.14,3,0.98,276.63,3034.03
2023-12-08,S003,P002,Food,20,79,221.66,0,0,19.2,0.0,0.0,2,0.97,124.26,1948.0
2023-12-08,S003,P003,Home,16,90,26.95,0,0,28.7,0.7,0.0,9,0.85,17.52,150.88
2023-12-08,S003,P004,Toys,17,90,85.64,0,0,7.1,0.0,0.0,1,1.0,58.43,462.57
2023-12-08,S003,P005,Electronics,17,108,87.88,0,0,11.4,2.6,0.0,1,0.97,52.22,606.22
2023-12-09,S001,P001,Clothing,22,57,56.65,0,0,17.7,0.0,0.0,13,0.7,32.96,521.18
2023-12-09,S001,P002,Food,95,97,137.42,0,0,,6.9,0.0,4,0.96,91.55,871.53
2023-12-09,S001,P003,Home,19,92,126.89,0,0,25.0,,0.0,12,0.75,64.89,1178.0
2023-12-09,S001,P004,Toys,25,113,234.19,0,0,22.2,2.9,0.0,8,,185.74,1211.25
2023-12-09,S001,P005,Electronics,19,130,183.94,0,0,14.9,1.6,0.0,9,0.98,129.34,1037.4
2023-12-09,S002,P001,Clothing,185,136,483.96,1,0,23.8,5.3,0.24,2,0.93,204.31,6049.49
2023-12-09,S002,P001,Clothing,185,136,483.96,1,0,23.8,5.3,0.24,2,0.93,204.31,6049.49
2023-12-09,S002,P002,Food,36,91,393.81,0,0,11.9,0.0,0.0,12,0.81,292.08,3662.28
2023-12-09,S002,P003,Home,19,112,489.85,0,0,21.0,0.0,0.0,8,0.81,283.82,3914.57
2023-12-09,S002,P004,Toys,18,75,498.66,0,0,20.5,0.0,0.0,2,0.91,300.81,3561.3
2023-12-09,S002,P005,Electronics,25,90,368.65,0,0,23.9,5.9,0.0,8,0.87,228.17,3512.0
2023-12-09,S003,P001,Clothing,14,129,416.58,0,1,27.5,1.8,0.0,6,0.8,299.43,1640.1
2023-12-09,S003,P002,Food,19,119,411.37,0,0,32.2,6.4,0.0,1,0.97,196.34,4085.57
2023-12-09,S003,P003,Home,28,114,144.9,1,0,28.2,8.1,0.11,10,0.86,105.35,661.11
2023-12-09,S003,P004,Toys,16,97,459.34,0,0,39.0,0.0,0.0,6,0.79,268.81,3048.48
2023-12-09,S003,P005,Electronics,19,95,312.85,0,0,,0.9,0.0,4,0.86,137.72,3327.47
2023-12-10,S001,P001,Clothing,41,107,60.61,1,0,,6.5,0.13,12,0.88,34.61,742.95
2023-12-10,S001,P002,Food,23,84,445.84,0,0,19.8,3.5,0.0,3,0.91,216.57,5273.21
2023-12-10,S001,P003,Home,29,108,359.21,0,0,27.1,0.0,0.0,13,0.82,189.49,4921.88
2023-12-10,S001,P004,Toys,19,97,155.53,0,0,29.1,7.2,0.0,1,0.83,92.74,1193.01
2023-12-10,S001,P005,Electronics,44,85,177.84,1,0,22.5,0.0,0.09,9,0.88,92.64,3044.55
2023-12-10,S002,P001,Clothing,24,96,11.71,0,0,36.7,7.3,0.0,2,0.78,7.65,97.44
2023-12-10,S002,P002,Food,19,93,246.42,0,0,28.1,6.5,0.0,9,0.83,142.89,1967.07
2023-12-10,S002,P003,Home,22,98,343.88,0,0,14.5,1.8,0.0,10,0.74,241.8,2245.76
2023-12-10,S002,P004,Toys,18,138,497.9,0,0,23.7,0.0,0.0,8,0.97,297.19,3612.78
2023-12-10,S002,P005,Electronics,18,124,245.7,0,0,22.4,0.0,0.0,9,0.96,157.14,1594.08
2023-12-10,S003,P001,Clothing,26,102,348.67,0,0,24.0,1.4,0.0,6,0.99,215.49,3462.68
2023-12-10,S003,P002,Food,37,94,436.25,1,0,19.8,2.0,0.13,11,0.72,280.25,3673.64
2023-12-10,S003,P003,Home,19,68,99.04,0,0,20.7,2.9,0.0,13,0.87,74.16,472.72
2023-12-10,S003,P004,Toys,18,100,454.48,0,0,-1.1,0.1,0.0,2,0.8,237.49,3905.82
2023-12-10,S003,P005,Electronics,24,113,122.74,0,0,14.9,2.5,0.0,8,0.76,98.01,593.52
2023-12-11,S001,P001,Clothing,14,116,452.91,0,0,5.3,6.4,0.0,5,0.72,183.72,3768.66
2023-12-11,S001,P002,Food,17,98,21.65,0,0,19.5,3.6,0.0,3,0.72,10.48,189.89
2023-12-11,S001,P003,Home,24,101,302.77,0,0,13.6,0.0,0.0,13,0.7,226.1,1840.08
2023-12-11,S001,P004,Toys,28,110,465.56,0,0,,0.0,0.0,6,0.89,325.01,3935.4
2023-12-11,S001,P005,Electronics,18,139,328.33,0,0,,4.8,0.0,8,0.97,189.08,2506.5
2023-12-11,S002,P001,Clothing,19,117,129.7,0,0,13.5,2.3,0.0,4,0.92,99.33,577.03
2023-12-11,S002,P002,Food,21,106,231.41,0,0,,0.0,0.0,7,0.81,135.26,2019.15
2023-12-11,S002,P003,Home,17,98,138.43,0,0,19.1,5.3,0.0,4,0.79,71.05,1145.46
2023-12-11,S002,P004,Toys,23,119,311.06,0,0,17.0,6.2,0.0,3,0.91,234.25,1766.63
2023-12-11,S002,P005,Electronics,21,105,98.48,0,0,6.3,0.0,0.0,4,0.95,71.03,576.45
2023-12-11,S003,P001,Clothing,13,99,164.86,0,0,6.4,3.9,0.0,3,0.74,91.36,955.5
2023-12-11,S003,P002,Food,24,89,314.24,0,0,35.9,0.4,0.0,6,,227.61,2079.12
2023-12-11,S003,P003,Home,14,80,214.77,0,0,12.8,3.2,0.0,11,0.91,142.52,1011.5
2023-12-11,S003,P004,Toys,19,108,430.04,0,0,12.8,1.0,0.0,4,0.91,324.07,2013.43
2023-12-11,S003,P005,Electronics,26,89,248.67,0,0,17.7,11.8,0.0,11,0.77,177.64,1846.78
2023-12-12,S001,P001,Clothing,16,135,272.24,0,0,23.7,1.3,0.0,9,0.71,159.89,1797.6
2023-12-12,S001,P002,Food,26,74,109.85,0,0,,0.0,0.0,13,0.86,54.59,1436.76
2023-12-12,S001,P003,Home,13,76,309.17,0,0,11.7,1.3,0.0,10,0.73,214.62,1229.15
2023-12-12,S001,P004,Toys,27,65,100.33,0,0,19.6,0.7,0.0,10,0.81,67.23,893.7
2023-12-12,S001,P005,Electronics,24,107,372.75,0,1,27.7,3.4,0.0,3,,150.37,5337.12
2023-12-12,S002,P001,Clothing,24,70,104.93,0,0,14.6,7.9,0.0,12,0.91,57.36,1141.68
2023-12-12,S002,P002,Food,20,76,454.41,0,0,10.4,3.8,0.0,2,0.76,305.94,2969.4
2023-12-12,S002,P003,Home,20,106,137.73,0,0,17.7,2.7,0.0,3,0.78,57.78,1599.0
2023-12-12,S002,P004,Toys,23,100,47.11,1,1,21.1,2.7,0.12,6,0.75,33.63,180.02
2023-12-12,S002,P005,Electronics,28,105,146.24,1,0,33.7,12.9,0.12,13,0.72,110.2,517.75
2023-12-12,S003,P001,Clothing,25,104,319.53,0,0,24.0,0.3,0.0,1,0.73,254.15,1634.5
2023-12-12,S003,P002,Food,22,64,344.12,0,0,3.8,0.0,0.0,13,0.9,211.95,2907.74
2023-12-12,S003,P003,Home,16,112,343.14,0,0,31.4,4.8,0.0,1,0.85,257.71,1366.88
2023-12-12,S003,P004,Toys,21,120,149.87,0,0,35.4,1.2,0.0,12,0.92,111.51,805.56
2023-12-12,S003,P005,Electronics,25,121,389.51,0,0,24.2,3.8,0.0,13,0.85,256.08,3335.75
2023-12-13,S001,P001,Clothing,22,105,83.26,0,0,19.9,0.0,0.0,12,0.88,60.01,511.5
2023-12-13,S001,P002,Food,18,94,122.75,0,0,20.6,,0.0,12,0.8,65.78,1025.46
2023-12-13,S001,P003,Home,25,105,196.13,0,0,-10.7,0.0,0.0,5,0.88,123.57,1814.0
2023-12-13,S001,P004,Toys,16,100,441.43,0,0,,5.1,0.0,6,0.91,314.49,2031.04
2023-12-13,S001,P005,Electronics,90,101,27.16,0,0,23.5,7.5,0.0,4,0.76,12.84,257.76
2023-12-13,S002,P001,Clothing,17,118,111.98,0,0,,0.0,0.0,10,,66.02,781.32
2023-12-13,S002,P002,Food,17,128,97.0,0,0,35.2,0.0,0.0,2,0.81,72.54,415.82
2023-12-13,S002,P003,Home,75,94,433.4,0,1,12.3,8.6,0.0,3,0.89,328.92,1567.2
2023-12-13,S002,P004,Toys,13,104,53.93,0,0,11.0,5.7,0.0,7,0.96,24.7,379.99
2023-12-13,S002,P005,Electronics,20,99,458.85,0,0,,0.0,0.0,1,0.82,357.8,2021.0
2023-12-13,S003,P001,Clothing,26,82,31.5,0,1,,4.6,0.0,1,0.9,23.78,200.72
2023-12-13,S003,P002,Food,21,84,462.43,0,0,48.3,2.9,0.0,11,1.0,282.34,3781.89
2023-12-13,S003,P003,Home,17,86,264.42,0,0,35.6,0.0,0.0,5,0.91,120.26,2450.72
2023-12-13,S003,P004,Toys,19,73,191.93,0,0,12.5,0.0,0.0,8,0.96,122.17,1325.44
2023-12-13,S003,P005,Electronics,14,92,118.86,0,0,29.8,5.0,0.0,7,0.9,89.43,412.02
2023-12-14,S001,P001,Clothing,19,86,387.82,0,0,24.0,4.1,0.0,8,0.7,281.93,2011.91
2023-12-14,S001,P002,Food,31,124,444.7,0,0,27.9,8.8,0.0,1,0.85,329.31,3577.09
2023-12-14,S001,P003,Home,13,89,488.37,0,0,25.6,8.4,0.0,5,0.78,383.53,1362.92
2023-12-14,S001,P004,Toys,17,96,157.9,0,0,19.1,1.4,0.0,4,0.89,102.99,933.47
2023-12-14,S001,P005,Electronics,23,68,316.5,0,0,5.0,10.6,0.0,9,0.78,212.1,2401.2
2023-12-14,S002,P001,Clothing,20,97,209.89,0,0,22.1,2.5,0.0,11,,121.64,1765.0
2023-12-14,S002,P002,Food,17,76,434.25,0,0,26.2,4.6,0.0,7,,335.78,1673.99
2023-12-14,S002,P003,Home,19,70,43.77,0,0,,4.1,0.0,3,0.71,32.24,219.07
2023-12-14,S002,P004,Toys,12,66,166.58,0,0,10.3,0.0,0.0,6,0.72,97.19,832.68
2023-12-14,S002,P005,Electronics,31,90,446.32,1,0,26.0,11.6,0.27,1,0.99,253.36,2246.06
2023-12-14,S003,P001,Clothing,18,87,475.68,0,0,37.4,0.0,0.0,8,0.71,263.65,3816.54
2023-12-14,S003,P002,Food,22,119,442.13,0,0,26.3,0.8,0.0,10,0.74,297.9,3173.06
2023-12-14,S003,P003,Home,40,92,54.46,1,0,3.3,4.5,0.09,8,0.93,38.32,449.54
2023-12-14,S003,P004,Toys,24,145,292.84,1,0,25.0,3.1,0.12,6,0.72,174.72,1991.5
2023-12-14,S003,P005,Electronics,26,112,357.44,0,0,16.1,0.0,0.0,1,0.89,166.95,4952.74
2023-12-15,S001,P001,Clothing,23,120,245.39,0,0,28.1,13.4,0.0,13,0.99,167.4,1793.77
2023-12-15,S001,P002,Food,21,89,362.44,0,0,7.6,0.0,0.0,7,0.81,204.06,3325.98
2023-12-15,S001,P003,Home,19,101,498.31,0,1,25.1,0.0,0.0,10,0.98,213.01,5420.7
2023-12-15,S001,P004,Toys,14,98,313.95,0,0,13.7,8.1,0.0,7,0.96,171.66,1992.06
2023-12-15,S001,P005,Electronics,20,113,418.5,0,0,29.8,0.0,0.0,2,0.75,324.8,1874.0
2023-12-15,S002,P001,Clothing,18,70,488.93,0,0,22.7,,0.0,9,0.98,212.33,4978.8
2023-12-15,S002,P002,Food,21,84,442.57,0,0,24.7,9.7,0.0,11,0.76,322.16,2528.61
2023-12-15,S002,P003,Home,17,94,118.46,0,0,27.8,,0.0,2,0.79,70.59,813.79
2023-12-15,S002,P004,Toys,28,90,139.13,0,0,9.3,0.8,0.0,7,0.72,68.03,1990.8
2023-12-15,S002,P005,Electronics,21,76,355.95,0,0,11.9,0.0,0.0,3,0.76,190.18,3481.17
2023-12-15,S003,P001,Clothing,24,109,400.27,1,0,8.5,2.9,0.11,5,0.78,229.5,3041.77
2023-12-15,S003,P002,Food,21,117,460.83,0,0,16.2,0.9,0.0,6,0.94,305.78,3256.05
2023-12-15,S003,P003,Home,39,92,144.02,1,0,27.7,0.0,0.21,8,0.82,68.68,1758.74
2023-12-15,S003,P004,Toys,25,92,57.87,1,0,18.7,,0.07,5,0.97,31.18,565.98
2023-12-15,S003,P005,Electronics,39,103,126.09,1,0,12.8,0.0,0.11,12,0.73,70.81,1614.99
2023-12-16,S001,P001,Clothing,29,79,434.81,0,0,14.9,4.2,0.0,2,0.74,326.75,3133.74
2023-12-16,S001,P002,Food,20,95,296.96,0,0,28.9,0.0,0.0,9,0.79,201.07,1917.8
2023-12-16,S001,P003,Home,26,100,15.68,0,0,8.1,0.0,0.0,5,0.84,10.76,127.92
2023-12-16,S001,P004,Toys,16,111,310.3,0,0,6.3,1.3,0.0,12,,191.17,1906.08
2023-12-16,S001,P005,Electronics,24,127,348.8,0,0,23.0,14.4,0.0,4,0.93,155.45,4640.4
2023-12-16,S002,P001,Clothing,24,92,43.17,0,0,24.2,4.5,0.0,8,0.97,28.22,358.8
2023-12-16,S002,P002,Food,20,118,482.64,0,0,40.3,0.0,0.0,7,0.72,385.36,1945.6
2023-12-16,S002,P003,Home,22,91,20.51,0,0,31.6,,0.0,7,0.73,12.53,175.56
2023-12-16,S002,P004,Toys,25,120,192.16,0,0,10.3,,0.0,4,0.76,128.98,1579.5
2023-12-16,S002,P005,Electronics,16,132,422.57,0,0,39.6,0.0,0.0,13,0.81,254.47,2689.6
2023-12-16,S003,P001,Clothing,19,95,443.42,0,1,36.7,2.1,0.0,8,0.82,226.24,4126.42
2023-12-16,S003,P002,Food,24,107,107.51,0,0,23.8,0.0,0.0,11,0.86,62.34,1084.08
2023-12-16,S003,P003,Home,17,103,306.94,0,0,14.7,4.4,0.0,7,0.92,141.39,2814.35
2023-12-16,S003,P004,Toys,20,129,416.59,0,0,21.3,9.8,0.0,3,0.91,209.19,4148.0
2023-12-16,S003,P005,Electronics,20,111,472.2,0,0,15.3,3.6,0.0,13,0.96,357.41,2295.8
2023-12-17,S001,P001,Clothing,19,98,87.32,0,0,19.7,0.0,0.0,7,0.84,59.77,523.45
2023-12-17,S001,P002,Food,19,107,118.62,0,0,4.5,2.3,0.0,11,0.82,67.3,975.08
2023-12-17,S001,P003,Home,23,109,405.14,0,0,15.8,7.5,0.0,12,0.89,198.64,4749.5
2023-12-17,S001,P004,Toys,22,118,164.65,0,0,25.4,1.9,0.0,5,0.84,87.62,1694.66
2023-12-17,S001,P005,Electronics,30,83,147.03,0,0,,3.5,0.0,9,0.8,60.71,2589.6
2023-12-17,S002,P001,Clothing,23,100,492.86,0,0,36.0,0.0,0.0,13,0.78,317.01,4044.55
2023-12-17,S002,P002,Food,24,106,33.39,0,0,37.1,0.0,0.0,8,0.74,15.68,425.04
2023-12-17,S002,P003,Home,31,109,209.03,1,0,22.9,0.0,0.29,12,0.76,136.66,364.29
2023-12-17,S002,P004,Toys,23,93,484.62,0,0,20.8,3.2,0.0,10,0.89,229.76,5861.78
2023-12-17,S002,P005,Electronics,24,77,472.67,0,0,18.3,0.0,0.0,12,0.77,319.82,3668.4
2023-12-17,S003,P001,Clothing,22,97,311.18,0,0,4.4,0.0,0.0,5,0.75,228.28,1823.8
2023-12-17,S003,P002,Food,14,100,433.8,0,1,22.4,0.0,0.0,9,0.97,228.31,2876.86
2023-12-17,S003,P003,Home,30,96,470.44,0,0,35.3,4.4,0.0,9,0.73,278.93,5745.3
2023-12-17,S003,P004,Toys,29,101,149.81,1,0,,6.8,0.28,8,0.81,72.56,1023.79
2023-12-17,S003,P005,Electronics,34,88,403.89,1,0,7.8,0.0,0.19,6,0.8,169.73,5352.31
2023-12-18,S001,P001,Clothing,21,92,55.19,0,0,10.7,3.1,0.0,12,0.81,35.27,418.32
2023-12-18,S001,P002,Food,17,92,385.05,0,0,18.9,0.0,0.0,3,0.72,255.07,2209.66
2023-12-18,S001,P003,Home,26,103,38.8,0,0,11.4,6.1,0.0,4,1.0,24.35,375.7
2023-12-18,S001,P004,Toys,13,94,333.98,0,0,8.5,2.1,0.0,4,,230.82,1341.08
2023-12-18,S001,P005,Electronics,17,98,33.26,0,0,,0.0,0.0,4,0.95,24.42,150.28
2023-12-18,S002,P001,Clothing,20,103,123.46,0,0,26.0,4.0,0.0,2,0.83,77.91,911.0
2023-12-18,S002,P002,Food,18,117,453.95,0,0,18.9,0.9,0.0,11,0.87,321.25,2388.6
2023-12-18,S002,P003,Home,17,108,17.17,0,0,12.3,0.0,0.0,5,0.7,9.17,136.0
2023-12-18,S002,P004,Toys,24,118,266.3,0,0,0.8,7.5,0.0,9,0.85,150.62,2776.32
2023-12-18,S002,P005,Electronics,17,102,96.22,0,0,34.1,7.5,0.0,8,0.81,64.67,536.35
2023-12-18,S003,P001,Clothing,17,131,167.69,0,0,25.7,0.5,0.0,1,0.77,90.82,1306.79
2023-12-18,S003,P002,Food,18,132,165.67,0,0,21.9,8.8,0.0,7,0.93,75.42,1624.5
2023-12-18,S003,P003,Home,21,99,142.04,0,0,16.9,0.5,0.0,11,0.9,61.81,1684.83
2023-12-18,S003,P004,Toys,14,89,359.27,0,0,35.6,5.8,0.0,6,0.84,254.8,1462.58
2023-12-18,S003,P005,Electronics,34,108,194.02,1,0,23.8,4.6,0.11,2,0.71,96.42,2592.77
2023-12-19,S001,P001,Clothing,19,96,141.19,0,0,32.9,0.0,0.0,8,0.78,58.17,1577.38
2023-12-19,S001,P002,Food,22,118,359.36,0,0,31.0,0.0,0.0,8,0.85,148.06,4648.6
2023-12-19,S001,P003,Home,12,80,382.71,0,0,12.5,0.0,0.0,8,0.83,193.1,2275.32
2023-12-19,S001,P004,Toys,26,129,173.6,0,0,28.2,3.4,0.0,6,,130.52,1120.08
2023-12-19,S001,P004,Toys,26,129,173.6,0,0,28.2,3.4,0.0,6,,130.52,1120.08
2023-12-19,S001,P005,Electronics,17,63,120.36,0,0,8.1,5.4,0.0,13,0.95,56.78,1080.86
2023-12-19,S002,P001,Clothing,28,100,427.77,0,0,7.3,1.2,0.0,4,0.91,189.77,6664.0
2023-12-19,S002,P002,Food,20,85,58.5,0,0,17.1,2.7,0.0,12,0.87,24.42,681.6
2023-12-19,S002,P003,Home,18,101,282.15,0,0,32.9,0.0,0.0,6,0.76,206.16,1367.82
2023-12-19,S002,P004,Toys,22,84,184.2,0,0,29.8,0.0,0.0,3,0.88,103.04,1785.52
2023-12-19,S002,P005,Electronics,14,110,386.21,0,0,5.7,1.9,0.0,7,0.87,222.35,2294.04
2023-12-19,S003,P001,Clothing,30,113,208.18,0,0,23.1,6.6,0.0,6,0.91,161.18,1410.0
2023-12-19,S003,P002,Food,24,85,312.27,0,0,15.9,2.8,0.0,1,0.73,222.92,2144.4
2023-12-19,S003,P003,Home,14,66,451.98,0,0,8.9,10.6,0.0,8,0.83,343.06,1524.88
2023-12-19,S003,P004,Toys,21,102,452.34,0,0,21.7,6.0,0.0,3,0.79,207.07,5150.67
2023-12-19,S003,P005,Electronics,23,141,17.12,0,0,29.9,0.0,0.0,3,0.73,8.58,196.42
2023-12-20,S001,P001,Clothing,12,100,82.03,0,0,31.5,7.9,0.0,11,0.71,34.13,574.8
2023-12-20,S001,P002,Food,16,79,206.23,0,0,,1.0,0.0,13,0.76,114.64,1465.44
2023-12-20,S001,P003,Home,16,111,68.84,0,0,35.5,6.8,0.0,13,0.83,31.94,590.4
2023-12-20,S001,P004,Toys,19,86,186.02,0,0,25.5,0.0,0.0,1,0.75,87.3,1875.68
2023-12-20,S001,P005,Electronics,19,113,145.68,0,0,23.1,5.0,0.0,11,0.72,86.7,1120.62
2023-12-20,S002,P001,Clothing,32,88,118.02,0,1,26.0,1.0,0.0,4,0.79,52.3,2103.04
2023-12-20,S002,P002,Food,13,117,340.41,0,0,20.0,9.8,0.0,1,0.77,193.2,1913.73
2023-12-20,S002,P002,Food,13,117,340.41,0,0,20.0,9.8,0.0,1,0.77,193.2,1913.73
2023-12-20,S002,P003,Home,22,121,349.16,0,0,15.9,1.4,0.0,6,0.86,276.56,1597.2
2023-12-20,S002,P004,Toys,20,90,416.69,0,0,,5.1,0.0,11,0.78,287.21,2589.6
2023-12-20,S002,P005,Electronics,19,86,371.67,0,0,15.6,0.0,0.0,1,0.82,263.96,2046.49
2023-12-20,S003,P001,Clothing,25,85,330.57,1,0,8.6,4.3,0.08,8,0.72,198.78,2633.61
2023-12-20,S003,P002,Food,15,55,241.29,0,0,24.1,6.5,0.0,6,0.93,165.69,1134.0
2023-12-20,S003,P003,Home,14,119,155.64,0,0,21.9,0.0,0.0,12,0.81,82.67,1021.58
2023-12-20,S003,P004,Toys,15,131,385.38,0,0,34.9,2.0,0.0,8,0.86,185.06,3004.8
2023-12-20,S003,P005,Electronics,16,113,373.41,0,0,13.4,0.0,0.0,12,0.78,206.86,2664.8
2023-12-21,S001,P001,Clothing,28,104,99.53,1,0,33.6,7.8,0.11,8,0.82,77.47,311.13
2023-12-21,S001,P002,Food,22,79,280.49,0,0,20.9,3.2,0.0,13,0.75,180.27,2204.84
2023-12-21,S001,P003,Home,37,136,29.36,1,0,17.8,,0.08,10,0.84,20.74,232.03
2023-12-21,S001,P004,Toys,20,103,155.12,0,0,-7.9,9.6,0.0,11,0.95,95.57,1191.0
2023-12-21,S001,P005,Electronics,15,70,78.75,0,0,16.4,,0.0,13,0.77,39.8,584.25
2023-12-21,S002,P001,Clothing,20,71,152.47,0,0,24.6,9.7,0.0,13,0.81,111.42,821.0
2023-12-21,S002,P001,Clothing,20,71,152.47,0,0,24.6,9.7,0.0,13,0.81,111.42,821.0
2023-12-21,S002,P002,Food,20,103,240.04,0,0,22.8,5.3,0.0,3,0.8,145.83,1884.2
2023-12-21,S002,P003,Home,26,102,351.46,0,0,,2.7,0.0,3,0.96,175.2,4582.76
2023-12-21,S002,P004,Toys,17,82,95.21,0,0,17.8,0.0,0.0,10,0.73,49.75,772.82
2023-12-21,S002,P005,Electronics,21,104,398.52,0,0,15.0,0.0,0.0,7,0.92,207.57,4009.95
2023-12-21,S003,P001,Clothing,16,96,94.25,0,0,15.2,0.0,0.0,8,0.93,68.19,416.96
2023-12-21,S003,P002,Food,110,97,56.93,0,1,10.6,5.6,0.0,1,0.83,25.78,685.3
2023-12-21,S003,P003,Home,19,110,46.14,0,0,27.0,3.0,0.0,11,0.85,30.39,299.25
2023-12-21,S003,P004,Toys,36,85,172.3,1,0,,3.7,0.14,1,0.91,76.25,2589.41
2023-12-21,S003,P005,Electronics,15,108,167.79,0,0,39.0,0.0,0.0,13,0.78,103.29,967.5
2023-12-22,S001,P001,Clothing,22,98,195.6,0,0,16.7,3.9,0.0,2,,100.33,2095.94
2023-12-22,S001,P002,Food,29,86,87.11,0,0,14.0,6.8,0.0,13,0.8,35.57,1494.66
2023-12-22,S001,P003,Home,24,105,98.58,0,0,28.0,,0.0,10,0.84,45.11,1283.28
2023-12-22,S001,P004,Toys,15,111,493.4,0,0,30.4,0.0,0.0,12,0.84,371.41,1829.85
2023-12-22,S001,P005,Electronics,25,122,233.96,0,0,21.1,0.0,0.0,2,0.86,144.67,2232.25
2023-12-22,S002,P001,Clothing,26,106,110.53,0,0,,1.8,0.0,4,,64.42,1198.86
2023-12-22,S002,P002,Food,16,119,326.72,1,0,-5.9,4.1,0.12,8,0.75,207.02,1287.9
2023-12-22,S002,P003,Home,20,124,117.47,0,0,19.7,5.9,0.0,9,0.75,56.63,1216.8
2023-12-22,S002,P004,Toys,16,123,365.29,0,0,10.5,10.2,0.0,6,,165.11,3202.88
2023-12-22,S002,P005,Electronics,14,82,351.81,0,0,15.2,1.9,0.0,11,0.83,217.97,1873.76
2023-12-22,S003,P001,Clothing,17,96,324.31,0,0,19.6,1.6,0.0,5,0.83,189.59,2290.24
2023-12-22,S003,P002,Food,34,89,370.76,1,0,27.8,1.8,0.2,6,0.72,168.04,4371.31
2023-12-22,S003,P003,Home,20,135,256.56,0,0,12.6,0.0,0.0,1,0.75,107.25,2986.2
2023-12-22,S003,P004,Toys,16,53,388.03,0,0,25.9,9.7,0.0,8,0.75,183.91,3265.92
2023-12-22,S003,P005,Electronics,15,95,285.44,0,0,10.6,0.0,0.0,6,0.88,193.34,1381.5
2023-12-23,S001,P001,Clothing,17,131,154.13,0,0,15.4,7.0,0.0,1,1.0,120.33,574.6
2023-12-23,S001,P001,Clothing,17,131,154.13,0,0,15.4,7.0,0.0,1,1.0,120.33,574.6
2023-12-23,S001,P002,Food,44,118,43.25,1,0,0.0,0.3,0.28,3,0.94,32.75,-70.84
2023-12-23,S001,P003,Home,26,125,280.43,0,0,,5.5,0.0,4,0.78,151.99,3339.44
2023-12-23,S001,P004,Toys,16,87,334.77,0,0,25.7,,0.0,8,0.97,135.37,3190.4
2023-12-23,S001,P005,Electronics,23,76,302.45,0,0,24.5,0.0,0.0,11,0.82,211.44,2093.23
2023-12-23,S002,P001,Clothing,36,105,83.76,1,0,11.9,0.0,0.17,5,0.71,66.1,123.15
2023-12-23,S002,P002,Food,26,120,29.48,0,0,31.7,0.0,0.0,10,0.73,20.34,237.64
2023-12-23,S002,P003,Home,20,88,442.77,0,0,26.1,0.0,0.0,10,0.99,322.79,2399.6
2023-12-23,S002,P004,Toys,22,135,356.13,0,0,13.1,2.9,0.0,10,0.84,155.15,4421.56
2023-12-23,S002,P005,Electronics,15,119,171.88,0,0,11.0,7.0,0.0,12,0.82,120.94,764.1
2023-12-23,S003,P001,Clothing,25,113,218.4,0,0,23.0,0.0,0.0,10,0.97,110.18,2705.5
2023-12-23,S003,P002,Food,24,80,389.5,0,0,17.9,8.9,0.0,6,0.72,235.36,3699.36
2023-12-23,S003,P003,Home,30,112,57.9,0,0,23.5,4.0,0.0,4,,36.07,654.9
2023-12-23,S003,P004,Toys,23,83,227.31,0,0,7.9,0.6,0.0,13,0.78,127.8,2288.73
2023-12-23,S003,P005,Electronics,18,74,27.14,0,0,28.0,3.2,0.0,8,0.91,13.7,241.92
2023-12-24,S001,P001,Clothing,23,104,448.17,0,0,17.9,,0.0,3,0.83,184.69,6060.04
2023-12-24,S001,P002,Food,26,92,228.72,0,0,10.0,3.3,0.0,13,0.84,117.59,2889.38
2023-12-24,S001,P003,Home,24,103,356.06,0,0,1.5,6.1,0.0,2,0.7,164.5,4597.44
2023-12-24,S001,P004,Toys,23,82,434.01,0,0,14.1,3.3,0.0,4,0.77,181.72,5802.67
2023-12-24,S001,P005,Electronics,24,100,337.24,0,0,,4.3,0.0,4,0.72,263.58,1767.84
2023-12-24,S002,P001,Clothing,20,116,344.54,0,0,10.8,2.4,0.0,7,0.74,218.52,2520.4
2023-12-24,S002,P002,Food,23,110,265.81,1,0,18.3,2.2,0.07,8,0.8,139.28,2482.24
2023-12-24,S002,P003,Home,34,141,245.67,1,0,25.6,2.8,0.26,2,0.9,114.12,2300.98
2023-12-24,S002,P004,Toys,25,115,243.06,0,0,18.0,2.0,0.0,10,0.82,129.76,2832.5
2023-12-24,S002,P005,Electronics,22,101,313.62,0,0,29.5,3.9,0.0,10,0.96,196.07,2586.1
2023-12-24,S003,P001,Clothing,23,116,62.48,0,0,43.4,9.8,0.0,13,0.78,36.77,591.33
2023-12-24,S003,P002,Food,25,94,409.3,0,0,4.8,3.4,0.0,2,0.85,218.4,4772.5
2023-12-24,S003,P003,Home,20,104,16.38,0,0,28.0,4.8,0.0,3,0.91,8.21,163.4
2023-12-24,S003,P004,Toys,19,76,399.66,1,0,28.6,,0.27,4,0.78,167.88,2353.56
2023-12-24,S003,P005,Electronics,25,74,448.81,0,0,30.2,4.6,0.0,6,0.85,303.12,3642.25
2023-12-25,S001,P001,Clothing,15,73,391.96,0,0,25.9,3.5,0.0,11,0.75,205.73,2793.45
2023-12-25,S001,P002,Food,22,114,216.51,0,0,2.4,9.5,0.0,13,,135.85,1774.52
2023-12-25,S001,P003,Home,21,66,183.25,0,0,21.2,0.0,0.0,10,0.83,122.14,1283.31
2023-12-25,S001,P004,Toys,17,85,466.6,0,0,42.8,4.5,0.0,6,0.92,225.68,4095.64
2023-12-25,S001,P005,Electronics,45,107,226.12,1,0,8.9,2.5,0.1,7,0.81,126.01,3487.41
2023-12-25,S002,P001,Clothing,40,88,107.95,1,0,24.1,6.3,0.25,9,0.79,77.82,125.7
2023-12-25,S002,P002,Food,21,79,106.87,0,0,19.9,4.1,0.0,5,0.96,51.05,1172.22
2023-12-25,S002,P003,Home,22,108,201.1,0,0,14.7,3.9,0.0,2,0.85,126.95,1631.3
2023-12-25,S002,P004,Toys,17,113,172.86,0,0,23.8,14.9,0.0,1,0.83,72.82,1700.68
2023-12-25,S002,P005,Electronics,27,112,476.36,0,1,18.0,0.0,0.0,10,0.95,199.96,7462.8
2023-12-25,S003,P001,Clothing,16,97,491.57,0,0,18.6,3.8,0.0,12,0.77,232.96,4137.76
2023-12-25,S003,P002,Food,19,85,118.07,0,0,30.1,0.0,0.0,12,0.94,79.27,737.2
2023-12-25,S003,P003,Home,26,99,422.04,0,0,-1.3,0.0,0.0,7,0.74,219.09,5276.7
2023-12-25,S003,P004,Toys,19,100,338.7,0,0,42.8,0.0,0.0,7,0.79,256.42,1563.32
2023-12-25,S003,P005,Electronics,22,109,443.42,0,0,17.8,2.0,0.0,6,0.86,281.46,3563.12
2023-12-26,S001,P001,Clothing,14,108,81.35,0,0,24.9,8.6,0.0,3,0.87,53.96,383.46
2023-12-26,S001,P002,Food,12,117,371.41,0,0,11.0,2.0,0.0,11,0.83,267.02,1252.68
2023-12-26,S001,P003,Home,20,98,282.05,0,0,9.3,0.0,0.0,12,0.72,136.1,2919.0
2023-12-26,S001,P004,Toys,20,84,289.51,0,0,17.9,2.4,0.0,4,0.77,176.51,2260.0
2023-12-26,S001,P005,Electronics,20,63,464.92,0,0,20.5,1.0,0.0,12,0.81,307.44,3149.6
2023-12-26,S002,P001,Clothing,23,111,373.28,0,0,12.5,3.0,0.0,5,0.81,196.44,4067.32
2023-12-26,S002,P002,Food,26,104,255.51,0,0,18.4,16.8,0.0,1,,147.89,2798.12
2023-12-26,S002,P003,Home,13,71,359.57,0,0,3.8,0.0,0.0,9,0.97,192.2,2175.81
2023-12-26,S002,P004,Toys,22,119,305.33,0,0,9.2,1.1,0.0,5,0.82,195.63,2413.4
2023-12-26,S002,P005,Electronics,16,86,330.87,0,0,19.5,2.5,0.0,8,0.77,173.47,2518.4
2023-12-26,S003,P001,Clothing,26,111,381.57,0,0,11.8,5.6,0.0,2,0.86,224.02,4096.3
2023-12-26,S003,P002,Food,36,78,462.06,1,0,19.9,0.0,0.23,5,0.71,365.79,-360.14
2023-12-26,S003,P003,Home,20,125,482.44,0,0,14.1,5.9,0.0,4,0.87,277.98,4089.2
2023-12-26,S003,P004,Toys,17,117,179.26,0,0,13.9,7.0,0.0,9,0.86,140.56,657.9
2023-12-26,S003,P005,Electronics,18,130,70.23,0,0,24.8,1.1,0.0,2,0.82,39.25,557.64
2023-12-27,S001,P001,Clothing,22,66,175.66,0,0,7.8,9.8,0.0,1,0.77,92.53,1828.86
2023-12-27,S001,P002,Food,15,110,243.82,0,0,,6.1,0.0,11,0.88,133.54,1654.2
2023-12-27,S001,P003,Home,27,102,216.9,0,0,28.2,,0.0,6,0.91,132.55,2277.45
2023-12-27,S001,P004,Toys,20,94,153.6,0,0,13.8,2.0,0.0,9,0.82,84.8,1376.0
2023-12-27,S001,P005,Electronics,26,94,221.95,0,0,18.0,0.0,0.0,6,0.73,88.96,3457.74
2023-12-27,S002,P001,Clothing,16,104,149.3,0,0,20.7,6.2,0.0,3,0.99,108.5,652.8
2023-12-27,S002,P002,Food,15,125,55.15,0,0,36.2,4.1,0.0,13,0.73,29.2,389.25
2023-12-27,S002,P003,Home,20,97,481.8,0,0,9.9,2.5,0.0,4,0.94,349.86,2638.8
2023-12-27,S002,P004,Toys,22,97,493.32,0,0,7.4,1.7,0.0,12,0.88,307.3,4092.44
2023-12-27,S002,P005,Electronics,23,107,288.8,0,0,25.5,0.0,0.0,13,0.91,149.07,3213.79
2023-12-27,S003,P001,Clothing,28,56,93.87,1,0,8.5,0.0,0.09,3,0.78,74.11,316.73
2023-12-27,S003,P002,Food,16,91,227.59,0,0,11.9,8.3,0.0,7,0.73,168.56,944.48
2023-12-27,S003,P003,Home,26,107,308.75,0,0,42.3,11.8,0.0,8,,210.81,2546.44
2023-12-27,S003,P004,Toys,13,88,469.56,0,0,16.0,1.0,0.0,11,0.7,264.6,2664.48
2023-12-27,S003,P005,Electronics,17,114,199.95,0,0,11.3,0.0,0.0,3,0.8,81.87,2007.36
2023-12-28,S001,P001,Clothing,15,85,142.96,0,0,15.4,5.3,0.0,6,0.97,98.96,660.0
2023-12-28,S001,P002,Food,20,94,328.68,0,0,10.5,0.0,0.0,3,0.74,254.51,1483.4
2023-12-28,S001,P003,Home,16,116,146.35,0,0,10.7,2.5,0.0,3,0.76,75.83,1128.32
2023-12-28,S001,P004,Toys,20,96,76.05,0,0,24.0,8.9,0.0,11,0.72,47.18,577.4
2023-12-28,S001,P005,Electronics,22,86,371.98,0,0,25.1,,0.0,1,,157.38,4721.2
2023-12-28,S001,P005,Electronics,22,86,371.98,0,0,25.1,,0.0,1,,157.38,4721.2
2023-12-28,S002,P001,Clothing,23,126,212.43,0,0,23.7,0.5,0.0,5,0.88,119.27,2142.68
2023-12-28,S002,P002,Food,24,145,165.2,0,0,17.7,9.8,0.0,8,0.88,129.5,856.8
2023-12-28,S002,P003,Home,37,88,385.81,1,0,-8.3,1.6,0.17,2,0.79,200.27,4438.24
2023-12-28,S002,P004,Toys,24,83,485.74,0,1,11.8,4.7,0.0,2,0.92,268.47,5214.48
2023-12-28,S002,P005,Electronics,29,105,170.81,0,0,28.5,0.9,0.0,6,0.74,109.15,1788.14
2023-12-28,S003,P001,Clothing,31,98,422.58,0,0,24.9,1.7,0.0,1,0.96,302.36,3726.82
2023-12-28,S003,P002,Food,16,110,402.3,0,0,17.4,,0.0,9,0.92,210.4,3070.4
2023-12-28,S003,P003,Home,16,106,449.63,0,0,18.8,2.4,0.0,2,0.79,258.98,3050.4
2023-12-28,S003,P004,Toys,36,99,29.2,1,0,28.8,7.6,0.1,1,0.8,14.08,439.2
2023-12-28,S003,P005,Electronics,25,98,134.38,0,0,14.1,8.7,0.0,8,0.83,75.76,1465.5
2023-12-29,S001,P001,Clothing,16,110,483.87,0,0,13.8,0.0,0.0,6,1.0,352.3,2105.12
2023-12-29,S001,P002,Food,12,102,488.87,0,0,28.2,9.7,0.0,1,0.98,311.28,2131.08
2023-12-29,S001,P003,Home,15,109,154.59,0,0,9.2,6.0,0.0,8,0.79,112.37,633.3
2023-12-29,S001,P004,Toys,25,77,118.73,0,0,33.6,0.0,0.0,5,,61.94,1419.75
2023-12-29,S001,P005,Electronics,20,120,475.86,0,0,25.6,5.8,0.0,7,0.72,278.27,3951.8
2023-12-29,S002,P001,Clothing,19,130,203.14,0,0,21.1,2.8,0.0,4,0.79,109.7,1775.36
2023-12-29,S002,P002,Food,21,83,99.33,0,0,13.5,2.9,0.0,11,0.72,50.96,1015.77
2023-12-29,S002,P003,Home,24,75,52.7,0,0,8.1,2.3,0.0,4,0.84,35.37,415.92
2023-12-29,S002,P004,Toys,24,119,376.5,0,0,27.0,0.0,0.0,8,0.91,240.34,3267.84
2023-12-29,S002,P005,Electronics,25,77,440.05,0,0,17.9,0.0,0.0,8,0.92,203.38,5916.75
2023-12-29,S003,P001,Clothing,12,141,479.99,0,0,28.4,6.8,0.0,1,0.78,219.72,3123.24
2023-12-29,S003,P002,Food,25,97,68.84,0,0,13.3,2.8,0.0,3,,55.04,345.0
2023-12-29,S003,P003,Home,21,88,121.85,0,1,25.3,1.3,0.0,3,0.81,68.99,1110.06
2023-12-29,S003,P004,Toys,16,124,222.65,0,0,24.2,0.0,0.0,13,0.98,125.68,1551.52
2023-12-29,S003,P005,Electronics,15,99,364.47,0,0,21.1,4.0,0.0,1,0.73,173.72,2861.25
2023-12-30,S001,P001,Clothing,25,134,256.02,0,0,12.4,0.0,0.0,2,0.84,204.69,1283.25
2023-12-30,S001,P002,Food,19,66,169.64,0,0,16.5,0.0,0.0,13,0.74,132.54,704.9
2023-12-30,S001,P003,Home,17,106,98.02,0,0,13.0,0.0,0.0,8,0.95,72.39,435.71
2023-12-30,S001,P004,Toys,16,92,343.08,0,0,29.2,0.0,0.0,10,0.84,189.61,2455.52
2023-12-30,S001,P005,Electronics,34,79,29.22,0,0,44.1,0.0,0.0,8,0.82,22.25,236.98
2023-12-30,S002,P001,Clothing,25,113,456.85,0,0,11.6,3.7,0.0,9,0.95,193.53,6583.0
2023-12-30,S002,P002,Food,23,90,241.55,0,0,25.3,3.8,0.0,10,0.8,151.41,2073.22
2023-12-30,S002,P003,Home,20,120,155.11,0,0,39.7,7.3,0.0,12,0.8,66.38,1774.6
2023-12-30,S002,P004,Toys,18,98,318.58,0,0,18.2,0.0,0.0,10,0.93,206.29,2021.22
2023-12-30,S002,P005,Electronics,21,112,341.38,1,0,6.1,0.0,0.2,4,0.9,154.25,2495.93
2023-12-30,S003,P001,Clothing,23,111,108.46,0,0,10.6,4.2,0.0,7,0.81,67.6,939.78
2023-12-30,S003,P002,Food,19,99,497.47,0,0,27.6,5.2,0.0,2,0.82,289.74,3946.87
2023-12-30,S003,P003,Home,19,99,300.71,0,0,26.0,,0.0,9,0.97,121.2,3410.69
2023-12-30,S003,P004,Toys,29,100,162.71,1,0,20.8,0.0,0.13,1,0.84,128.75,371.42
2023-12-30,S003,P005,Electronics,28,97,346.79,0,0,32.2,2.3,0.0,10,0.72,216.66,3643.64
2023-12-31,S001,P001,Clothing,18,80,94.76,0,0,24.4,1.6,0.0,12,0.86,44.39,906.66
2023-12-31,S001,P002,Food,20,66,161.09,0,0,19.7,0.0,0.0,2,0.97,93.51,1351.6
2023-12-31,S001,P003,Home,16,136,310.68,0,0,21.9,0.0,0.0,2,0.94,184.22,2023.36
2023-12-31,S001,P004,Toys,20,113,435.91,0,0,8.9,10.2,0.0,2,0.81,334.69,2024.4
2023-12-31,S001,P005,Electronics,16,92,475.49,0,0,7.4,1.3,0.0,1,0.82,307.9,2681.44
2023-12-31,S002,P001,Clothing,135,116,499.76,0,0,26.7,,0.0,8,0.93,300.53,5379.21
2023-12-31,S002,P002,Food,19,125,445.56,0,0,,0.5,0.0,11,0.89,344.71,1916.15
2023-12-31,S002,P003,Home,23,115,21.26,0,0,29.2,1.2,0.0,6,0.86,12.2,208.38
2023-12-31,S002,P004,Toys,22,125,415.84,0,1,9.4,4.8,0.0,10,0.91,233.64,4008.4
2023-12-31,S002,P005,Electronics,18,105,188.37,0,0,29.4,0.0,0.0,3,0.84,107.74,1451.34
2023-12-31,S003,P001,Clothing,16,107,136.33,0,0,21.1,12.7,0.0,4,0.8,104.24,513.44
2023-12-31,S003,P002,Food,25,111,171.61,0,0,24.3,8.9,0.0,3,0.96,128.35,1081.5
2023-12-31,S003,P002,Food,25,111,171.61,0,0,24.3,8.9,0.0,3,0.96,128.35,1081.5
2023-12-31,S003,P003,Home,27,99,457.27,0,0,-1.8,4.4,0.0,11,0.96,332.52,3368.25
2023-12-31,S003,P004,Toys,14,95,91.37,1,0,10.7,0.0,0.23,4,0.84,40.21,422.03
2023-12-31,S003,P005,Electronics,22,71,359.44,0,0,20.0,0.7,0.0,5,0.83,248.92,2431.44
